x,y,z,w0,w1,w2,w3
-34.5239,4.79361,-0,0,0,0.707108,0.707106
-34.5239,4.80471,-1.0216e-17,0,0,0.999567,0.0294219
-34.6237,4.81052,0.0443161,0,0,0.999599,0.0283145
-34.7236,4.81588,0.0874425,0,0,0.999688,0.0249923
-34.8235,4.8205,0.0537952,0,0,0.99977,0.0214623
-34.9234,4.82458,0.0201511,0,0,0.999808,0.0196141
-34.9832,4.8269,7.88659e-20,0,0,0.998853,0.0478806
-35.0828,4.83653,-0.0367603,0,0,0.998809,0.0487985
-35.1823,4.84652,-0.0735352,0,0,0.99867,0.0515524
-35.2817,4.85725,-0.110317,0,0,0.998423,0.0561419
-35.381,4.869,-0.0709541,0,0,0.998128,0.0611589
-35.4802,4.88145,-0.0049244,0,0,0.99801,0.0630521
-35.4876,4.88239,-1.38915e-17,0,0,0.999971,0.00766993
-35.5877,4.8842,-0.166768,0,0,0.99993,0.0118396
-35.6877,4.88768,-0.334395,0,0,0.999703,0.0243645
-35.7874,4.89449,-0.430994,0,0,0.998985,0.0450482
-35.8839,4.90458,-1.3543e-17,0,0,0.999797,0.0201258
-35.9839,4.90891,-0.184891,0,0,0.999694,0.024746
-36.0837,4.91509,-0.370298,0,0,0.999254,0.0386155
-36.1832,4.92447,-0.213257,0,0,0.99855,0.0538229
-36.2826,4.93598,-0.0290695,0,0,0.998206,0.05987
-36.2983,4.93787,-0,0,0,0.998499,0.0547666
-36.3977,4.94866,0.0924991,0,0,0.998623,0.0524575
-36.4972,4.95852,0.18511,0,0,0.998963,0.0455265
-36.5969,4.96668,0.152622,0,0,0.999332,0.0365506
-36.6966,4.97332,0.0939289,0,0,0.999538,0.0303908
-36.7965,4.97903,0.0353117,0,0,0.999631,0.0271609
-36.8567,4.98226,2.57994e-17,0,0,0.997442,0.0714855
-36.956,4.99634,0.128986,0,0,0.997667,0.068263
-37.0553,5.00913,0.259115,0,0,0.998283,0.058571
-37.1548,5.01932,0.390566,0,0,0.999103,0.0423538
-37.2545,5.02561,0.521523,0,0,0.999808,0.0195801
-37.3544,5.02701,0.222801,-0,-0,-0.999996,0.00270186
-37.3971,5.02664,-0,0,0,0.998557,0.0536934
-37.4966,5.03735,0.00988733,0,0,0.998571,0.0534466
-37.596,5.04796,0.0197748,0,0,0.99861,0.0527061
-37.6954,5.05839,0.0162558,0,0,0.998659,0.0517786
-37.7949,5.06866,0.0115158,0,0,0.998694,0.0510852
-37.8944,5.07881,0.00677587,0,0,0.998718,0.0506285
-37.9939,5.0889,0.00203602,0,0,0.998729,0.0504085
-38.0366,5.09322,-0,0,0,0.996385,0.0849475
-38.1352,5.10992,0.146772,0,0,0.99669,0.0812914
-38.2341,5.12515,0.293922,0,0,0.997525,0.0703085
-38.3332,5.13777,0.220543,0,0,0.998378,0.0569359
-38.4327,5.1482,0.123138,0,0,0.99883,0.0483568
-38.5323,5.15742,0.0260161,0,0,0.999004,0.0446315
-38.559,5.1598,-2.73006e-17,-0,-0,-0.999896,0.0144439
-38.6591,5.15939,-1.4935,0,0,0.999741,0.0227377
-38.7585,5.16983,-0.124738,0,0,0.997631,0.0687978
-38.7662,5.1709,-0,0,0,0.999758,0.0219983
-38.8661,5.17552,-0.13267,0,0,0.99968,0.0253136
-38.9659,5.18146,-0.265776,0,0,0.999378,0.0352663
-39.0655,5.18981,-0.228916,0,0,0.99885,0.0479344
-39.1649,5.20044,-0.178071,0,0,0.998311,0.0580909
-39.2641,5.21284,-0.127269,0,0,0.997839,0.0657096
-39.3633,5.22651,-0.0766441,0,0,0.997491,0.0707977
-39.4623,5.24094,-0.0261859,0,0,0.997305,0.0733637
-39.5138,5.24858,3.48785e-20,0,0,0.998772,0.0495527
-39.6133,5.25854,-0.0401809,0,0,0.998721,0.050556
-39.7127,5.26891,-0.0803658,0,0,0.998564,0.0535656
-39.8121,5.27995,-0.0148896,0,0,0.998408,0.0563997
-39.829,5.28187,5.36647e-18,0,0,0.998354,0.0573584
-39.9284,5.29306,0.158462,0,0,0.998573,0.0534035
-40.0279,5.30267,0.31731,0,0,0.999137,0.0415249
-40.1277,5.30943,0.207175,0,0,0.999628,0.027261
-40.2276,5.31412,0.0410746,0,0,0.999778,0.0210578
-40.2523,5.31516,-0,0,0,0.998713,0.050713
-40.3518,5.32529,-0.00266499,0,0,0.99871,0.0507795
-40.4513,5.33545,-0.00532999,0,0,0.9987,0.0509792
-40.5508,5.34567,-0.007995,0,0,0.998683,0.0513118
-40.6503,5.35596,-0.01066,0,0,0.998659,0.0517776
-40.7497,5.36635,-0.00919311,0,0,0.998631,0.052309
-40.8492,5.37684,-0.00553934,0,0,0.998612,0.0526768
-40.9486,5.38738,-0.00188559,0,0,0.998602,0.0528621
-40.9999,5.39283,-0,0,0,0.99809,0.0617762
-41.0992,5.40508,0.0524973,0,0,0.99817,0.0604659
-41.1985,5.41681,0.105065,0,0,0.998401,0.0565332
-41.298,5.42749,0.157708,0,0,0.998751,0.0499737
-41.3975,5.4366,0.210302,0,0,0.999168,0.040784
-41.4973,5.44385,0.0925972,0,0,0.999459,0.0328889
-41.5674,5.44832,-0,0,0,0.99892,0.0464573
-41.6669,5.45761,-0.00742028,0,0,0.998912,0.0466426
-41.7665,5.46698,-0.0148408,0,0,0.998886,0.0471985
-41.866,5.47649,-0.0222615,0,0,0.998841,0.048125
-41.9656,5.48623,-0.0239107,0,0,0.998781,0.0493541
-42.0651,5.4962,-0.0190908,0,0,0.998728,0.0504278
-42.1646,5.50636,-0.014271,0,0,0.998685,0.0512608
-42.264,5.51666,-0.00945133,0,0,0.998655,0.051853
-42.3635,5.52706,-0.00463184,0,0,0.998636,0.0522046
-42.4591,5.53709,1.32995e-23,0,0,0.998692,0.0511321
-42.5585,5.5473,-4.01078e-07,0,0,0.998692,0.0511321
-42.658,5.55752,-6.94048e-08,0,0,0.998692,0.0511321
-42.6752,5.55928,-5.47512e-20,0,0,0.998898,0.0469429
-42.7748,5.56861,0.0292991,0,0,0.998932,0.0462112
-42.8744,5.57765,0.0586011,0,0,0.999031,0.0440159
-42.974,5.58613,0.0420981,0,0,0.999159,0.0409951
-43.0535,5.59257,1.37124e-17,0,0,0.997554,0.0699042
-43.1526,5.60634,0.113841,0,0,0.997749,0.0670648
-43.2518,5.61897,0.227897,0,0,0.998285,0.0585391
-43.3512,5.62936,0.21304,0,0,0.998965,0.0454955
-43.4408,5.63696,-1.30355e-17,0,0,0.997186,0.0749696
-43.5398,5.65169,0.139773,0,0,0.997442,0.0714848
-43.6389,5.66502,0.279851,0,0,0.998137,0.0610186
-43.7383,5.6757,0.184066,0,0,0.998906,0.0467651
-43.8011,5.68135,-0,0,0,0.998434,0.055946
-43.9005,5.69255,-0.0160784,0,0,0.998411,0.0563474
-43.9998,5.70391,-0.0321599,0,0,0.998343,0.0575514
-44.0992,5.71558,-0.0482456,0,0,0.998225,0.0595581
-44.1984,5.72774,-0.0643328,0,0,0.998053,0.0623672
-44.2976,5.74053,-0.0670884,0,0,0.997827,0.0658841
-44.3967,5.75396,-0.0361816,0,0,0.997654,0.0684599
-44.4957,5.76775,-0.00528226,0,0,0.997582,0.0694941
-44.5127,5.77012,8.64734e-19,0,0,0.997647,0.068557
-44.6117,5.78378,0.0117413,0,0,0.997667,0.0682642
-44.7108,5.79732,0.023483,0,0,0.997727,0.0673856
-44.8099,5.81064,0.0226409,0,0,0.997814,0.0660924
-44.9091,5.82374,0.0113113,0,0,0.997869,0.0652454
-45.008,5.8367,-0,0,0,0.997526,0.0703015
-45.1071,5.85053,0.120712,0,0,0.997733,0.0672907
-45.2063,5.86316,0.241856,0,0,0.998302,0.0582466
-45.3058,5.8734,0.287833,0,0,0.999039,0.0438374
-45.4054,5.88086,0.203477,0,0,0.999502,0.031568
-45.5053,5.8863,0.119269,0,0,0.999724,0.0235027
-45.6053,5.89054,0.0353899,0,0,0.999807,0.0196358
-45.6475,5.89218,-1.87029e-18,0,0,0.994461,0.105111
-45.7457,5.91149,0.987968,0,0,0.996748,0.0805847
-45.845,5.92276,0.366374,0,0,0.999235,0.0391096
-45.8817,5.92547,1.03031e-17,0,0,0.994691,0.102902
-45.9797,5.94565,0.180088,0,0,0.995145,0.0984231
-46.0779,5.96447,0.0492028,0,0,0.995767,0.0919169
-46.1069,5.96986,2.49407e-19,0,0,0.997247,0.0741475
-46.2059,5.98445,0.12335,0,0,0.997471,0.071072
-46.305,5.99781,0.247011,0,0,0.998086,0.0618351
-46.4043,6.00879,0.240071,0,0,0.998838,0.0481981
-46.5039,6.01741,0.124274,0,0,0.999235,0.0390997
-46.6037,6.0248,0.00877322,0,0,0.99936,0.0357758
-46.6113,6.02534,3.27437e-18,0,0,0.996088,0.088369
-46.7098,6.04278,0.10084,0,0,0.996307,0.0858577
-46.8084,6.05935,0.0612467,0,0,0.996727,0.0808387
-46.8725,6.06973,-0,0,0,0.996939,0.0781785
-46.9713,6.08527,0.0317868,0,0,0.997001,0.0773862
-47.0701,6.10049,0.0635902,0,0,0.997183,0.0750087
-47.1691,6.11508,0.0954121,0,0,0.997473,0.0710444
-47.2681,6.12873,0.110291,0,0,0.997846,0.0656041
-47.3673,6.14133,0.0783406,0,0,0.998144,0.0608981
-47.4666,6.15315,0.0464004,0,0,0.998329,0.0577851
-47.566,6.16451,0.0144805,0,0,0.998416,0.0562655
-47.6111,6.1696,-0,0,0,0.997265,0.0739138
-47.71,6.18434,-0.000456163,0,0,0.997264,0.0739251
-47.8089,6.19909,-0.000912327,0,0,0.997261,0.0739593
-47.9078,6.21385,-0.00136849,0,0,0.997257,0.0740161
-48.0067,6.22862,-0.00182465,0,0,0.997251,0.0740957
-48.1056,6.2434,-0.00228082,0,0,0.997244,0.0741981
-48.2045,6.25822,-0.00273698,0,0,0.997234,0.0743232
-48.3034,6.27305,-0.00201532,0,0,0.997225,0.074442
-48.4023,6.28791,-0.0012811,0,0,0.997219,0.0745242
-48.5012,6.30278,-0.000546887,0,0,0.997216,0.0745697
-48.5748,6.31385,-7.11181e-26,0,0,0.996209,0.0869969
-48.6733,6.33119,-6.88007e-08,0,0,0.996209,0.0869969
-48.7718,6.34852,-3.85781e-08,0,0,0.996209,0.0869969
-48.827,6.35824,-0,0,0,0.995579,0.0939231
-48.9254,6.37685,0.0686578,0,0,0.995739,0.0922127
-49.0239,6.39478,0.137535,0,0,0.996202,0.0870758
-49.1225,6.41134,0.206707,0,0,0.996914,0.0784989
-49.2214,6.42585,0.275953,0,0,0.997789,0.0664682
-49.3206,6.43763,0.28701,0,0,0.998687,0.0512188
-49.4202,6.4469,0.00358093,0,0,0.999033,0.0439671
-49.4215,6.44701,-5.29106e-18,0,0,0.996255,0.0864603
-49.52,6.46431,-0.0394341,0,0,0.99617,0.0874424
-49.6184,6.48195,-0.035792,0,0,0.995976,0.0896164
-49.7168,6.49994,-0.0153673,0,0,0.995861,0.0908902
-49.7908,6.51359,5.57411e-17,0,0,0.99945,0.0331636
-49.8905,6.52156,-0.805071,0,0,0.998582,0.0532279
-49.9893,6.53645,-0.433316,0,0,0.995768,0.0919023
-50.043,6.54688,-1.28382e-18,0,0,0.995468,0.095092
-50.1412,6.5656,0.133398,0,0,0.99578,0.0917719
-50.2396,6.58322,0.0586157,0,0,0.996295,0.0859965
-50.2862,6.59127,6.68605e-18,0,0,0.996532,0.0832115
-50.3847,6.60831,-0.278209,0,0,0.995929,0.0901388
-50.4828,6.62772,-0.123836,0,0,0.994665,0.10316
-50.5203,6.63565,-1.41273e-17,0,0,0.998108,0.0614853
-50.6196,6.64815,-0.129392,0,0,0.997904,0.0647135
-50.7186,6.66192,-0.259123,0,0,0.997228,0.0744011
-50.8173,6.67817,-0.245214,0,0,0.996068,0.0885907
-50.9155,6.69681,-0.111659,0,0,0.995238,0.0974722
-50.9977,6.71333,4.09074e-17,0,0,0.99837,0.0570732
-51.0971,6.7251,-0.217337,0,0,0.998045,0.0624964
-51.1961,6.73901,-0.436329,0,0,0.996891,0.0787881
-51.2944,6.75709,-0.418309,0,0,0.994709,0.10273
-51.3919,6.77922,-0.202896,0,0,0.992995,0.118157
-51.4841,6.8021,-8.10156e-17,0,0,0.999733,0.0230996
-51.584,6.80932,-1.57462,0,0,0.99807,0.0621018
-51.6815,6.82998,-0.860354,0,0,0.990463,0.137778
-51.7363,6.84649,-0,0,0,0.996949,0.0780601
-51.8351,6.86218,-0.0728701,0,0,0.996805,0.0798768
-51.9338,6.87859,-0.145922,0,0,0.996353,0.0853286
-52.0322,6.89643,-0.219165,0,0,0.995533,0.0944171
-52.1301,6.91642,-0.262113,0,0,0.994257,0.107015
-52.2276,6.93878,-0.145313,0,0,0.993116,0.117134
-52.3247,6.96257,-0.0288242,0,0,0.992597,0.121456
-52.3488,6.96855,-2.48715e-19,0,0,0.995416,0.0956413
-52.4469,6.98752,0.0449994,0,0,0.995523,0.0945215
-52.5452,7.00604,0.0900082,0,0,0.995836,0.0911609
-52.6436,7.02373,0.0556152,0,0,0.996228,0.0867766
-52.709,7.03513,-0,0,0,0.9985,0.0547483
-52.8086,7.04652,-0.263581,0,0,0.998118,0.0613258
-52.9076,7.0605,-0.530988,0,0,0.996705,0.0811161
-53.0055,7.07956,-0.557692,0,0,0.993833,0.110887
-53.1023,7.10399,-0.380763,0,0,0.990962,0.134142
-53.1984,7.13216,-0.205688,0,0,0.988889,0.148658
-53.294,7.16236,-0.0331866,0,0,0.987982,0.15457
-53.3125,7.16829,-1.60974e-17,0,0,0.988604,0.15054
-53.4081,7.19779,0.162046,0,0,0.989206,0.146534
-53.504,7.226,0.117839,0,0,0.990301,0.13894
-53.6003,7.25307,0.0425562,0,0,0.99085,0.134968
-53.6548,7.26815,-0,0,0,0.991738,0.128279
-53.7515,7.29361,-0.00651243,0,0,0.991717,0.128441
-53.8482,7.31913,-0.0130251,0,0,0.991654,0.128925
-53.9448,7.34477,-0.019538,0,0,0.991549,0.129732
-54.0414,7.3706,-0.026051,0,0,0.991401,0.130862
-54.138,7.39669,-0.0279221,0,0,0.991212,0.132286
-54.2344,7.42302,-0.0156449,0,0,0.991067,0.133366
-54.3309,7.44952,-0.00336811,0,0,0.991003,0.133837
-54.3573,7.45679,1.21494e-23,0,0,0.990425,0.138055
-54.4535,7.48414,2.44157e-07,0,0,0.990425,0.138055
-54.5497,7.51149,4.88314e-07,0,0,0.990425,0.138055
-54.6459,7.53883,3.18349e-07,0,0,0.990425,0.138055
-54.7086,7.55666,-2.05307e-18,0,0,0.991819,0.127655
-54.805,7.58336,-0.852353,0,0,0.98888,0.148713
-54.8991,7.61687,-0.387532,0,0,0.98249,0.186315
-54.9428,7.63434,1.1606e-17,0,0,0.991219,0.13223
-55.0391,7.66132,-0.476722,0,0,0.989575,0.144022
-55.1341,7.69228,-0.382428,0,0,0.985736,0.168302
-55.228,7.72688,-0.129486,0,0,0.983502,0.180898
-55.276,7.7453,-3.22105e-18,0,0,0.991358,0.131184
-55.3726,7.77176,-0.264982,0,0,0.990468,0.137746
-55.4683,7.80074,-0.531781,0,0,0.987529,0.157439
-55.5624,7.83441,-0.29858,0,0,0.983269,0.182162
-55.6183,7.85626,-1.41885e-17,0,0,0.98299,0.183657
-55.7117,7.89195,0.270964,0,0,0.984212,0.176996
-55.806,7.92535,0.236466,0,0,0.986693,0.162596
-55.901,7.95654,0.0988302,0,0,0.988021,0.154321
-55.9696,7.97832,-4.44306e-19,0,0,0.987847,0.155427
-56.0643,8.01045,-0.887431,0,0,0.984168,0.177239
-56.1561,8.04997,-0.577083,0,0,0.974819,0.222999
-56.2128,8.07819,2.63156e-17,0,0,0.970049,0.242908
-56.3002,8.12667,-0.921949,0,0,0.964206,0.265153
-56.3839,8.18135,-0.287439,0,0,0.954192,0.299197
-56.4109,8.20025,-0,0,0,0.972245,0.233967
-56.4999,8.24586,-0.0786502,0,0,0.971783,0.235878
-56.5886,8.2921,-0.0831589,0,0,0.970725,0.240194
-56.6768,8.33908,-0.0673496,0,0,0.969814,0.243845
-56.7648,8.38664,-0.051537,0,0,0.969085,0.246726
-56.8525,8.43467,-0.0357293,0,0,0.968545,0.24884
-56.9401,8.48301,-0.0199285,0,0,0.968198,0.250187
-57.0275,8.53153,-0.00413298,0,0,0.968047,0.250769
-57.0504,8.54424,-0,0,0,0.972407,0.23329
-57.1395,8.58966,-0.0338022,0,0,0.97221,0.234112
-57.2284,8.63538,-0.0676139,0,0,0.971613,0.236576
-57.3171,8.68169,-0.0726138,0,0,0.970703,0.240281
-57.4054,8.72863,-0.0558825,0,0,0.969926,0.243398
-57.4934,8.77607,-0.0391517,0,0,0.969345,0.245702
-57.5812,8.82385,-0.0224258,0,0,0.968966,0.247194
-57.669,8.87183,-0.00570454,0,0,0.968792,0.247875
-57.6989,8.88822,5.69767e-17,0,0,0.954239,0.299044
-57.7817,8.9444,0.663929,0,0,0.959059,0.283208
-57.8674,8.99553,0.607511,0,0,0.968449,0.249212
-57.9562,9.04145,0.37347,0,0,0.974265,0.225407
-58.0469,9.08413,0.143012,0,0,0.977096,0.212799
-58.1042,9.11015,-2.52057e-18,0,0,0.971608,0.236596
-58.193,9.15628,-0.105743,0,0,0.970979,0.239164
-58.2812,9.20335,-0.211559,0,0,0.969052,0.246858
-58.3686,9.25199,-0.0546646,0,0,0.967156,0.254184
-58.3924,9.2655,1.16413e-17,0,0,0.974458,0.224569
-58.4821,9.30992,-0.412099,0,0,0.972095,0.234588
-58.5698,9.35793,-0.728221,0,0,0.964415,0.264391
-58.6356,9.39865,1.06275e-17,0,0,0.972818,0.231572
-58.725,9.44358,0.0906923,0,0,0.97334,0.229366
-58.8147,9.48769,0.181464,0,0,0.974878,0.222738
-58.9052,9.53022,0.0872219,0,0,0.97686,0.213881
-58.9329,9.5429,-8.64407e-18,0,0,0.965406,0.260752
-59.0192,9.59333,-0.0563619,0,0,0.965038,0.262112
-59.1053,9.64425,-0.112748,0,0,0.963921,0.266189
-59.1908,9.69611,-0.0939325,0,0,0.962218,0.27228
-59.2481,9.73154,-4.90294e-18,0,0,0.9261,0.377278
-59.3195,9.80164,-0.175701,0,0,0.924434,0.381341
-59.3895,9.87297,-0.351644,0,0,0.919327,0.393495
-59.4576,9.9462,-0.0333074,0,0,0.915305,0.402762
-59.4643,9.95347,-0,0,0,0.885328,0.464968
-59.5208,10.0361,-0.236814,0,0,0.882559,0.470201
-59.5753,10.12,-0.476329,0,0,0.874042,0.48585
-59.6256,10.2062,-0.545338,0,0,0.85996,0.510361
-59.6715,10.2951,-0.301761,0,0,0.84897,0.528441
-59.7147,10.3854,-0.06087,0,0,0.844145,0.536115
-59.7255,10.4084,-0,0,0,0.827821,0.560993
-59.7626,10.5013,0.0241623,0,0,0.82816,0.560492
-59.7999,10.5941,0.0483352,0,0,0.829174,0.55899
-59.8377,10.6867,0.0725229,0,0,0.830859,0.556483
-59.8761,10.779,0.0905225,0,0,0.833192,0.552984
-59.9153,10.8709,0.0778135,0,0,0.835511,0.549474
-59.9553,10.9626,0.065094,0,0,0.837469,0.546485
-59.9958,11.054,0.0523746,0,0,0.83907,0.544024
-60.0369,11.1452,0.0396611,0,0,0.840319,0.542092
-60.0783,11.2362,0.0269556,0,0,0.841221,0.540691
-60.1199,11.3272,0.0142572,0,0,0.841778,0.539824
-60.1617,11.4181,0.00156311,0,0,0.841991,0.539491
-60.1668,11.4293,1.48617e-17,0,0,0.868725,0.495295
-60.2152,11.5169,-1.8081,0,0,0.845633,0.533765
-60.2508,11.6102,-0.375073,0,0,0.808968,0.587853
-60.2569,11.629,2.46462e-19,0,0,0.84774,0.530411
-60.3005,11.719,-0.098294,0,0,0.846434,0.532493
-60.3432,11.8094,-0.196638,0,0,0.842485,0.538719
-60.3844,11.9005,-0.034857,0,0,0.839034,0.544079
-60.392,11.9175,-0,0,0,0.81601,0.578038
-60.425,12.0121,-0.165779,0,0,0.813605,0.581418
-60.4563,12.1072,-0.333458,0,0,0.806286,0.591525
-60.4845,12.203,-0.502879,0,0,0.793761,0.60823
-60.5079,12.3,-0.449515,0,0,0.778176,0.628046
-60.527,12.398,-0.316701,0,0,0.766018,0.642819
-60.543,12.4968,-0.185228,0,0,0.75789,0.652383
-60.5573,12.5961,-0.0554475,0,0,0.753944,0.656939
-60.5631,12.6387,-0,0,0,0.767814,0.640672
-60.5811,12.7371,0.037255,0,0,0.768411,0.639957
-60.5994,12.8354,0.0745398,0,0,0.770196,0.637807
-60.6185,12.9336,0.111861,0,0,0.77316,0.634211
-60.6386,13.0315,0.114854,0,0,0.776951,0.629561
-60.6599,13.1292,0.0960436,0,0,0.780259,0.625457
-60.6821,13.2267,0.0772232,0,0,0.782961,0.622071
-60.705,13.3241,0.0584134,0,0,0.785065,0.619413
-60.7286,13.4213,0.039623,0,0,0.786581,0.617486
-60.7525,13.5184,0.020851,0,0,0.787514,0.616296
-60.7766,13.6155,0.00209061,0,0,0.787868,0.615844
-60.7793,13.6263,-0,0,0,0.783955,0.620818
-60.8021,13.7237,-0.0336638,0,0,0.783432,0.621477
-60.8247,13.8211,-0.0673593,0,0,0.78186,0.623454
-60.8466,13.9187,-0.101101,0,0,0.779227,0.626741
-60.8675,14.0165,-0.13487,0,0,0.775517,0.631327
-60.887,14.1145,-0.138682,0,0,0.770922,0.63693
-60.9053,14.2128,-0.106217,0,0,0.767008,0.641637
-60.9224,14.3113,-0.0737694,0,0,0.764114,0.645082
-60.9389,14.41,-0.0413654,0,0,0.762254,0.647279
-60.955,14.5087,-0.00899762,0,0,0.761438,0.648238
-60.9594,14.5362,8.40828e-19,0,0,0.759267,0.650779
-60.9755,14.6349,0.450254,0,0,0.766537,0.642201
-60.9958,14.7328,0.508122,0,0,0.785228,0.619207
-61.0208,14.8296,0.0302865,0,0,0.793482,0.608594
-61.0225,14.8358,3.463e-17,0,0,0.760829,0.648952
-61.0388,14.9345,0.333903,0,0,0.766217,0.642582
-61.0583,15.0325,0.386919,0,0,0.780215,0.625511
-61.0814,15.1298,0.0565241,0,0,0.787098,0.616828
-61.0855,15.1465,1.33571e-17,0,0,0.759267,0.650779
-61.1016,15.2452,0.450257,0,0,0.766537,0.642201
-61.1219,15.3431,0.508126,0,0,0.785228,0.619207
-61.1469,15.4399,0.0302869,0,0,0.793482,0.608593
-61.1486,15.4461,2.46536e-17,0,0,0.771249,0.636534
-61.1673,15.5443,-0.157069,0,0,0.768744,0.639557
-61.1845,15.6428,-0.157733,0,0,0.762505,0.646983
-61.2002,15.7416,-0.0210188,0,0,0.759606,0.650383
-61.2026,15.7568,-1.72611e-17,0,0,0.766816,0.641867
-61.22,15.8553,-0.114034,0,0,0.764983,0.64405
-61.2363,15.9539,-0.155607,0,0,0.759945,0.649987
-61.2511,16.0528,-0.0982854,0,0,0.755805,0.654797
-61.265,16.1518,-0.0409998,0,0,0.75352,0.657425
-61.2746,16.2228,-1.41455e-17,0,0,0.751447,0.659793
-61.287,16.3221,-0.350477,0,0,0.745643,0.666346
-61.2959,16.4216,-0.474976,0,0,0.729551,0.683927
-61.3003,16.5215,-0.303363,0,0,0.716112,0.697985
-61.3016,16.6215,-0.132727,0,0,0.708459,0.705752
-61.3017,16.6999,-6.33484e-18,0,0,0.730747,0.682649
-61.308,16.7998,-0.302025,0,0,0.725574,0.688144
-61.3113,16.8997,-0.39572,0,0,0.711017,0.703175
-61.311,16.9997,-0.0713077,0,0,0.702763,0.711424
-61.3107,17.0217,-7.04381e-18,0,0,0.73904,0.673662
-61.3198,17.1213,-0.0501833,0,0,0.738194,0.674589
-61.3285,17.221,-0.100401,0,0,0.735649,0.677363
-61.3361,17.3207,-0.150632,0,0,0.731384,0.681966
-61.3424,17.4205,-0.0818026,0,0,0.726941,0.6867
-61.3467,17.4989,-1.40351e-17,0,0,0.774439,0.632649
-61.3655,17.5972,-0.693321,0,0,0.763385,0.645944
-61.3777,17.6963,-0.797077,0,0,0.732996,0.680233
-61.3823,17.7963,-0.0927041,0,0,0.717722,0.69633
-61.3827,17.8096,-5.44715e-17,0,0,0.751504,0.659728
-61.3951,17.9088,-0.354715,0,0,0.74563,0.66636
-61.404,18.0084,-0.477989,0,0,0.729361,0.684129
-61.4083,18.1082,-0.298148,0,0,0.715956,0.698145
-61.4096,18.2083,-0.11941,0,0,0.708629,0.705581
-61.4097,18.2756,0,0,0,0.707105,0.707109
-61.4097,18.3756,-1.1861e-06,0,0,0.707105,0.707109
-61.4097,18.4756,-2.3722e-06,0,0,0.707105,0.707109
-61.4097,18.5756,-3.5583e-06,0,0,0.707104,0.707109
-61.4097,18.6756,-2.66238e-06,0,0,0.707104,0.707109
-61.4097,18.7756,-1.51718e-06,0,0,0.707104,0.707109
-61.4097,18.8756,-3.71981e-07,0,0,0.707104,0.707109
-61.4097,18.9081,-5.94477e-18,0,0,0.701378,0.71279
-61.4088,19.0081,0.401462,0,0,0.708491,0.70572
-61.4117,19.108,0.431062,0,0,0.726576,0.687086
-61.4187,19.2077,-7.00923e-18,0,0,0.701799,0.712375
-61.4178,19.3077,0.323986,0,0,0.707543,0.70667
-61.42,19.4076,0.42326,0,0,0.72321,0.690629
-61.4262,19.5075,0.0762979,0,0,0.731773,0.681548
-61.4277,19.5295,-0,0,0,0.71704,0.697032
-61.4306,19.6294,0.000255417,0,0,0.717045,0.697027
-61.4334,19.7294,0.000510833,0,0,0.717058,0.697014
-61.4362,19.8294,0.00076625,0,0,0.71708,0.696991
-61.4391,19.9293,0.00102167,0,0,0.717111,0.696959
-61.4419,20.0293,0.00127708,0,0,0.717151,0.696917
-61.4448,20.1292,0.0015325,0,0,0.7172,0.696867
-61.4477,20.2292,0.00126639,0,0,0.717252,0.696814
-61.4506,20.3291,0.000746445,0,0,0.717287,0.696778
-61.4535,20.4291,0.000226497,0,0,0.717304,0.69676
-61.4548,20.4726,2.60343e-33,0,0,0.707104,0.707109
-61.4548,20.5726,-1.53416e-06,0,0,0.707104,0.707109
-61.4548,20.6726,-1.74388e-06,0,0,0.707104,0.707109
-61.4548,20.7726,-3.11993e-07,0,0,0.707104,0.707109
-61.4548,20.7944,-3.43252e-17,0,0,0.684578,0.72894
-61.4487,20.8943,0.119579,0,0,0.686754,0.72689
-61.4438,20.9941,0.159539,0,0,0.692609,0.721314
-61.4404,21.0941,0.0996228,0,0,0.697267,0.716811
-61.4381,21.194,0.0397483,0,0,0.699761,0.714377
-61.4367,21.2605,0,0,0,0.693536,0.720422
-61.433,21.3604,0.0143008,0,0,0.693793,0.720174
-61.4293,21.4604,0.0286056,0,0,0.694565,0.71943
-61.426,21.5603,0.0429172,0,0,0.695851,0.718186
-61.4231,21.6603,0.0572357,0,0,0.697647,0.716442
-61.4207,21.7602,0.0715572,0,0,0.69995,0.714192
-61.4191,21.8602,0.0858726,0,0,0.702755,0.711432
-61.4183,21.9602,0.0709424,0,0,0.705708,0.708503
-61.4182,22.0602,0.0417904,0,0,0.707702,0.706511
-61.4185,22.1602,0.0126524,0,0,0.708663,0.705547
-61.4187,22.2037,-2.02586e-20,0,0,0.688096,0.725619
-61.4134,22.3035,-0.0215178,0,0,0.687706,0.72599
-61.4078,22.4034,-0.0281885,0,0,0.686623,0.727014
-61.402,22.5032,-0.00513855,0,0,0.686017,0.727585
-61.4007,22.5254,0,0,0,0.699128,0.714996
-61.3985,22.6254,0.00937815,0,0,0.699296,0.714832
-61.3963,22.7254,0.0187572,0,0,0.699798,0.71434
-61.3944,22.8254,0.0281378,0,0,0.700635,0.713519
-61.3927,22.9254,0.0375197,0,0,0.701806,0.712368
-61.3914,23.0254,0.0434705,0,0,0.703294,0.7109
-61.3906,23.1253,0.0377881,0,0,0.704736,0.709469
-61.3901,23.2253,0.0321046,0,0,0.705975,0.708237
-61.3899,23.3253,0.0264211,0,0,0.70701,0.707203
-61.39,23.4253,0.0207382,0,0,0.707844,0.706369
-61.3903,23.5253,0.0150563,0,0,0.708475,0.705735
-61.3908,23.6253,0.00937521,0,0,0.708906,0.705303
-61.3913,23.7254,0.00369483,0,0,0.709137,0.705071
-61.3917,23.7904,3.77202e-17,0,0,0.723998,0.689802
-61.3967,23.8903,0.122921,0,0,0.726114,0.687575
-61.403,23.9901,0.183074,0,0,0.732066,0.681233
-61.411,24.0897,0.117303,0,0,0.737161,0.675717
-61.4201,24.1893,0.0515789,0,0,0.740007,0.672599
-61.4277,24.2675,-2.75821e-17,0,0,0.769956,0.638096
-61.4479,24.3657,0.975876,0,0,0.785221,0.619216
-61.4772,24.461,1.12013,0,0,0.823747,0.566958
-61.5165,24.5531,0.0339284,0,0,0.839675,0.54309
-61.5178,24.556,6.29847e-18,0,0,0.852441,0.522824
-61.5631,24.6452,-0.0416429,0,0,0.851896,0.523711
-61.608,24.7346,-0.0833053,0,0,0.850256,0.526369
-61.6521,24.8243,-0.124974,0,0,0.847504,0.530789
-61.6952,24.9145,-0.0636532,0,0,0.844682,0.535269
-61.7249,24.9777,-3.05973e-17,0,0,0.855234,0.518241
-61.7706,25.0667,-0.414898,0,0,0.84982,0.527073
-61.8126,25.1574,-0.586961,0,0,0.834296,0.551318
-61.8494,25.2503,-0.367351,0,0,0.820916,0.571049
-61.8828,25.3446,-0.149606,0,0,0.813467,0.581611
-61.9051,25.4104,-5.03748e-17,0,0,0.722835,0.691021
-61.9206,25.511,7.54526,0,0,0.830857,0.556486
-61.9501,25.5547,-2.30719e-18,0,0,0.851693,0.52404
-61.9961,25.6448,0.266854,0,0,0.855196,0.518304
-62.0443,25.7332,0.543875,0,0,0.865563,0.5008
-62.0969,25.8182,0.832638,0,0,0.882262,0.470759
-62.156,25.8982,1.11528,0,0,0.904073,0.427377
-62.2232,25.972,0.276404,0,0,0.921531,0.388304
-62.2383,25.9875,-7.37402e-17,0,0,0.932146,0.362082
-62.3124,26.0563,-0.454345,0,0,0.927954,0.372695
-62.3828,26.1279,-0.935187,0,0,0.914451,0.404697
-62.4456,26.2051,-1.42449,0,0,0.889071,0.457769
-62.4979,26.29,-0.375186,0,0,0.8617,0.507419
-62.5085,26.3092,-0,0,0,0.899054,0.437837
-62.5702,26.388,-0.0125468,0,0,0.898917,0.438119
-62.6317,26.4668,-0.0250956,0,0,0.898504,0.438965
-62.6931,26.5458,-0.0376476,0,0,0.897815,0.440374
-62.7541,26.625,-0.050202,0,0,0.896845,0.442344
-62.8148,26.7045,-0.0627557,0,0,0.895593,0.444875
-62.8749,26.7844,-0.0611723,0,0,0.894092,0.447884
-62.9346,26.8646,-0.0177074,0,0,0.893207,0.449646
-62.9589,26.8973,-4.91975e-17,0,0,0.898234,0.439518
-63.021,26.9758,0.514963,0,0,0.903808,0.427939
-63.0868,27.0509,0.674854,0,0,0.918173,0.39618
-63.1574,27.1217,0.351284,0,0,0.928025,0.372518
-63.2306,27.1901,0.032169,0,0,0.931553,0.363606
-63.2381,27.1969,2.58193e-18,0,0,0.944757,0.327772
-63.3172,27.2586,0.385217,0,0,0.947869,0.318662
-63.3984,27.3169,0.779617,0,0,0.956731,0.290975
-63.4836,27.3687,0.738775,0,0,0.968296,0.249806
-63.5725,27.4144,0.341866,0,0,0.974681,0.223601
-63.6524,27.4522,-0,0,0,0.990279,0.139092
-63.7486,27.48,-0.169501,0,0,0.989681,0.143287
-63.8441,27.5094,-0.340253,0,0,0.987776,0.155881
-63.9385,27.5421,-0.409225,0,0,0.984399,0.175951
-64.0316,27.5784,-0.296243,0,0,0.981146,0.19327
-64.1237,27.6175,-0.183554,0,0,0.978757,0.205023
-64.2151,27.6584,-0.0717869,0,0,0.977427,0.211271
-64.2739,27.6852,1.34244e-17,0,0,0.986115,0.166066
-64.3684,27.7178,0.0807951,0,0,0.986448,0.164074
-64.4632,27.7497,0.116413,0,0,0.987373,0.158413
-64.5583,27.7805,0.0394429,0,0,0.987983,0.154564
-64.6072,27.7961,2.47486e-17,0,0,0.986371,0.164534
-64.7019,27.8283,0.196992,0,0,0.98717,0.159675
-64.7972,27.8586,0.395357,0,0,0.989425,0.145046
-64.8936,27.8851,0.414299,0,0,0.992463,0.122544
-64.991,27.9078,0.211207,0,0,0.994257,0.107017
-65.0889,27.9283,0.00951889,0,0,0.994833,0.10153
-65.0935,27.9293,1.06379e-18,0,0,0.998458,0.0555067
-65.193,27.9403,0.061524,0,0,0.998543,0.0539707
-65.2924,27.9507,0.12312,0,0,0.998781,0.0493608
-65.392,27.9598,0.184757,0,0,0.999131,0.0416725
-65.4917,27.9672,0.127931,0,0,0.999461,0.0328291
-65.5915,27.9733,0.00770257,0,0,0.999567,0.0294403
-65.5979,27.9737,-0,0,0,0.999672,0.0256283
-65.6978,27.979,-0.122733,0,0,0.999588,0.028695
-65.7976,27.9856,-0.228994,0,0,0.999283,0.0378557
-65.8971,27.9942,-0.192392,0,0,0.998829,0.0483767
-65.9965,28.0048,-0.155606,0,0,0.998371,0.0570614
-66.0958,28.0169,-0.11882,0,0,0.997956,0.063909
-66.195,28.0302,-0.0821246,0,0,0.997622,0.068923
-66.294,28.0443,-0.0455364,0,0,0.997397,0.0721086
-66.3931,28.0588,-0.00902378,0,0,0.997297,0.0734702
-66.4176,28.0625,4.38156e-20,0,0,0.998247,0.0591824
-66.5169,28.0743,-0.00516164,0,0,0.99824,0.0593112
-66.6162,28.0862,-0.0103233,0,0,0.998217,0.0596977
-66.7154,28.0981,-0.0154851,0,0,0.998178,0.0603417
-66.8147,28.1103,-0.0132633,0,0,0.998126,0.0611916
-66.8769,28.118,-0,0,0,0.998043,0.0625285
-66.9761,28.1306,-0.0771399,0,0,0.997921,0.064453
-67.0752,28.1439,-0.123125,0,0,0.997546,0.0700125
-67.1742,28.1584,-0.086587,0,0,0.997165,0.0752412
-67.273,28.1738,-0.0500531,0,0,0.996903,0.0786471
-67.3717,28.1897,-0.0135402,0,0,0.996776,0.080232
-67.4083,28.1956,8.9559e-19,0,0,0.99903,0.0440421
-67.508,28.2045,-0.0296833,0,0,0.998997,0.0447835
-67.6075,28.2136,-0.0593814,0,0,0.998895,0.0470079
-67.7071,28.2234,-0.0890972,0,0,0.998713,0.0507154
-67.8065,28.234,-0.11881,0,0,0.998436,0.0559055
-67.9058,28.2458,-0.064091,0,0,0.998102,0.0615763
-67.9487,28.2511,-0,0,0,0.998064,0.0622006
-68.048,28.2635,0.00863459,0,0,0.998077,0.0619851
-68.1472,28.2758,0.0172694,0,0,0.998117,0.0613387
-68.2465,28.288,0.0259045,0,0,0.998183,0.0602614
-68.3458,28.2999,0.0252554,0,0,0.998268,0.0588387
-68.4451,28.3115,0.00879663,0,0,0.998317,0.0579889
-68.4982,28.3177,-0,0,0,0.99916,0.040978
-68.5979,28.3259,-0.0100952,0,0,0.99915,0.0412302
-68.6975,28.3342,-0.0201921,0,0,0.999118,0.0419868
-68.7972,28.3427,-0.0302918,0,0,0.999064,0.0432479
-68.8968,28.3515,-0.0403946,0,0,0.998986,0.0450133
-68.9963,28.3607,-0.0504994,0,0,0.998882,0.0472832
-69.0959,28.3705,-0.0606032,0,0,0.998746,0.0500574
-69.1953,28.3808,-0.0707007,0,0,0.998577,0.0533355
-69.2947,28.3917,-0.0239649,0,0,0.998422,0.0561609
-69.3268,28.3954,7.64299e-19,0,0,0.998013,0.0630029
-69.426,28.4079,0.00311784,0,0,0.998018,0.0629251
-69.5252,28.4205,0.00623569,0,0,0.998033,0.0626918
-69.6245,28.433,0.00935356,0,0,0.998057,0.0623028
-69.7237,28.4453,0.0124714,0,0,0.998091,0.0617582
-69.8229,28.4576,0.0054354,0,0,0.998126,0.0611978
-69.8582,28.462,-4.34983e-20,0,0,0.998483,0.0550684
-69.9576,28.473,-0.0203163,0,0,0.998454,0.0555755
-70.057,28.4842,-0.0403806,0,0,0.998369,0.0570968
-70.1563,28.4958,-0.0191091,0,0,0.998283,0.0585816
-70.2455,28.5063,1.37915e-17,0,0,0.994713,0.102694
-70.3436,28.5261,0.411725,0,0,0.995717,0.0924586
-70.4423,28.5418,0.627964,0,0,0.998047,0.0624608
-70.5247,28.5507,-7.22739e-18,0,0,0.997976,0.0635917
-70.6239,28.5637,-0.196707,0,0,0.997651,0.0684975
-70.7228,28.5787,-0.261038,0,0,0.996631,0.0820108
-70.8213,28.596,-0.0932851,0,0,0.995866,0.0908343
-70.876,28.6062,-0,0,0,0.998046,0.0624901
-70.9752,28.6187,0.00501101,0,0,0.998053,0.0623651
-71.0745,28.6311,0.0100221,0,0,0.998077,0.06199
-71.1737,28.6434,0.0150335,0,0,0.998115,0.0613648
-71.273,28.6556,0.020045,0,0,0.998169,0.0604895
-71.3722,28.6675,0.0250564,0,0,0.998236,0.059364
-71.4716,28.6793,0.0220673,0,0,0.998311,0.0580991
-71.5709,28.6908,0.0126625,0,0,0.998361,0.0572323
-71.6702,28.7022,0.0032581,0,0,0.998384,0.0568349
-71.7047,28.7061,1.467e-19,0,0,0.999896,0.0144504
-71.8047,28.7065,1.49351,-0,-0,-0.999742,0.0227316
-71.9041,28.6961,0.124731,-0,-0,-0.997631,0.0687918
-71.9118,28.695,0,-0,-0,-0.999995,0.00329203
-72.0118,28.6945,-0.0921711,-0,-0,-1,0.000987926
-72.1118,28.6949,-0.184476,0,0,0.999982,0.00592708
-72.2118,28.697,-0.155321,0,0,0.999893,0.0146375
-72.3117,28.7006,-0.116719,0,0,0.99977,0.0214364
-72.4116,28.7054,-0.0781452,0,0,0.999654,0.0263068
-72.5115,28.711,-0.0396348,0,0,0.999572,0.0292508
-72.6113,28.717,-0.00116989,0,0,0.999542,0.0302708
-72.6144,28.7172,-2.28161e-18,0,0,0.997154,0.0753962
-72.7136,28.7318,0.268851,0,0,0.997638,0.0686869
-72.8129,28.7438,0.541847,0,0,0.998825,0.0484603
-72.9126,28.7503,0.814246,0,0,0.999894,0.0145855
-73.0017,28.7505,-5.12157e-19,0,0,0.999997,0.00237713
-73.1018,28.7513,-0.220504,0,0,0.999969,0.00789187
-73.2018,28.7544,-0.443103,0,0,0.9997,0.0244756
-73.3014,28.7618,-0.640725,0,0,0.99864,0.0521401
-73.389,28.7727,1.46179e-19,0,0,0.998158,0.0606707
-73.4882,28.7847,0.0763138,0,0,0.998272,0.0587663
-73.5876,28.7959,0.132564,0,0,0.998589,0.0530993
-73.6862,28.806,-0,0,0,0.996247,0.0865585
-73.7847,28.8232,-0.0143708,0,0,0.996216,0.0869164
-73.8832,28.8407,-0.0271565,0,0,0.996122,0.087987
-73.9816,28.8583,-0.0215741,0,0,0.996014,0.0892004
-74.08,28.8762,-0.0159915,0,0,0.995929,0.0901358
-74.1783,28.8942,-0.010409,0,0,0.99587,0.0907931
-74.2767,28.9123,-0.00482668,0,0,0.995835,0.0911724
-74.3617,28.928,-5.33227e-20,0,0,0.998041,0.062568
-74.4609,28.9404,0.0479353,0,0,0.998115,0.0613719
-74.5602,28.9524,0.0789355,0,0,0.998325,0.0578613
-74.6596,28.9636,0.0352967,0,0,0.998486,0.0550101
-74.74,28.9724,-0,0,0,0.997632,0.0687781
-74.8393,28.9862,-0.0271732,0,0,0.997585,0.0694573
-74.9385,29.0003,-0.054401,0,0,0.997441,0.0714956
-75.0376,29.0149,-0.081729,0,0,0.997191,0.0748951
-75.1366,29.0303,-0.109185,0,0,0.996822,0.0796586
-75.2352,29.0468,-0.13677,0,0,0.996313,0.0857887
-75.3336,29.0646,-0.164447,0,0,0.995639,0.0932869
-75.4316,29.084,-0.192132,0,0,0.994769,0.102152
-75.5292,29.1053,-0.219685,0,0,0.993666,0.112377
-75.6263,29.1287,-0.242693,0,0,0.992289,0.123946
-75.7229,29.1543,-0.157518,0,0,0.991,0.133861
-75.8192,29.1815,-0.072733,0,0,0.990213,0.139562
-75.9019,29.2054,5.53611e-17,0,0,0.994852,0.101336
-75.9995,29.2273,-1.01574,0,0,0.991972,0.126457
-76.0949,29.2567,-0.677174,0,0,0.985648,0.168812
-76.1883,29.2926,-0.316374,0,0,0.981155,0.193225
-76.2712,29.3275,-1.7474e-19,0,0,0.986431,0.164174
-76.3658,29.3601,-0.0931236,0,0,0.986046,0.16647
-76.4601,29.3935,-0.186443,0,0,0.984859,0.173357
-76.5536,29.4286,-0.271881,0,0,0.982773,0.184816
-76.6464,29.466,-0.136497,0,0,0.980835,0.194838
-76.7386,29.5047,-0.00136757,0,0,0.980158,0.198217
-76.7396,29.5051,-8.03884e-18,0,0,0.978412,0.206663
-76.8309,29.5459,-0.247368,0,0,0.977116,0.212708
-76.9213,29.5885,-0.187029,0,0,0.974601,0.223949
-77.0109,29.6329,-0.0978023,0,0,0.972982,0.230882
-77.1001,29.6781,-0.00872559,0,0,0.972363,0.233473
-77.1088,29.6826,5.12199e-17,0,0,0.951674,0.30711
-77.1917,29.7399,1.20166,0,0,0.960408,0.278596
-77.2798,29.7861,2.11947,0,0,0.981669,0.190596
-77.37,29.8158,3.45464e-17,0,0,0.984721,0.174137
-77.464,29.8523,-1.29995,0,0,0.978598,0.205781
-77.5511,29.9002,-2.15559,0,0,0.953965,0.299919
-77.6132,29.9489,-0,0,0,0.934862,0.355012
-77.6882,30.0153,0.0313208,0,0,0.93514,0.354279
-77.7633,30.0815,0.0626924,0,0,0.935971,0.352078
-77.8388,30.1472,0.0941521,0,0,0.937345,0.348403
-77.9149,30.2121,0.125709,0,0,0.939246,0.343245
-77.9917,30.2761,0.157331,0,0,0.941651,0.336592
-78.0695,30.3388,0.188929,0,0,0.944528,0.328432
-78.1485,30.4,0.220344,0,0,0.947837,0.318755
-78.2288,30.4596,0.137276,0,0,0.950705,0.310097
-78.3099,30.5181,0.0466246,0,0,0.95212,0.305723
-78.3518,30.5481,-0,0,0,0.968031,0.250829
-78.4393,30.5991,-1.28865,0,0,0.959582,0.28143
-78.5172,30.6594,-2.42809,0,0,0.927235,0.374479
-78.5799,30.7344,-1.65818,0,0,0.884902,0.465777
-78.6308,30.8209,-0.900622,0,0,0.853502,0.52109
-78.6747,30.9142,-0.269408,0,0,0.837673,0.546172
-78.6941,30.9587,1.93063e-18,0,0,0.892918,0.45022
-78.7546,31.0387,0.676373,0,0,0.900384,0.435097
-78.8201,31.114,1.3711,0,0,0.921431,0.388542
-78.8936,31.1815,0.54699,0,0,0.938962,0.34402
-78.9463,31.225,5.26347e-18,0,0,0.948255,0.31751
-79.0259,31.2854,-0.180761,0,0,0.946811,0.321791
-79.1045,31.3473,-0.272057,0,0,0.942496,0.334217
-79.1714,31.4025,-1.03278e-18,0,0,0.915531,0.402248
-79.2397,31.4758,0.44532,0,0,0.919948,0.39204
-79.3111,31.5458,0.896406,0,0,0.932571,0.360987
-79.3876,31.6101,0.213119,0,0,0.943907,0.330211
-79.4056,31.6244,-0,0,0,0.931628,0.363413
-79.4798,31.6925,0.10759,0,0,0.932608,0.360892
-79.5547,31.7596,0.216598,0,0,0.935514,0.353289
-79.6307,31.8249,0.3279,0,0,0.940245,0.340498
-79.7087,31.8875,0.441214,0,0,0.946613,0.322372
-79.7891,31.9465,0.554407,0,0,0.954323,0.298777
-79.8726,32.0009,0.586041,0,0,0.962852,0.270029
-79.9592,32.0507,0.300772,0,0,0.96859,0.248662
-80.0474,32.0981,0.0209735,0,0,0.970558,0.240868
-80.0541,32.1016,3.28417e-18,0,0,0.978892,0.20438
-80.1454,32.1423,-0.485159,0,0,0.976342,0.216232
-80.2352,32.1863,-0.0470368,0,0,0.972925,0.231122
-80.2433,32.1904,-0,0,0,0.941711,0.336422
-80.3216,32.2532,0.596558,0,0,0.94661,0.322382
-80.4029,32.3109,1.22255,0,0,0.960219,0.279248
-80.4896,32.3592,0.936837,0,0,0.973983,0.226623
-80.5809,32.3995,0.613317,0,0,0.98201,0.188831
-80.6753,32.4345,0.304941,0,0,0.986096,0.166176
-80.7712,32.4666,0.0104024,0,0,0.987385,0.158339
-80.7747,32.4678,3.12089e-18,0,0,0.987515,0.157522
-80.8695,32.4996,-0.427713,0,0,0.985775,0.168069
-80.9633,32.5342,-0.0025317,0,0,0.983738,0.179608
-80.9638,32.5343,2.88517e-17,0,0,0.997653,0.0684721
-81.0622,32.5533,-3.33491,0,0,0.988754,0.149553
-81.1525,32.5956,-0.374591,0,0,0.96697,0.254892
-81.162,32.6009,-0,0,0,0.979832,0.199823
-81.2551,32.6402,0.198471,0,0,0.980819,0.194919
-81.3487,32.6775,0.402635,0,0,0.983652,0.180082
-81.4433,32.7108,0.614728,0,0,0.987916,0.15499
-81.5391,32.738,0.829232,0,0,0.992854,0.119333
-81.6368,32.7573,0.941723,0,0,0.997308,0.0733266
-81.7204,32.7674,-0,0,0,0.992597,0.121453
-81.8183,32.7913,0.204336,0,0,0.993208,0.116354
-81.9164,32.8132,0.413694,0,0,0.994892,0.100949
-82.0148,32.8309,0.629269,0,0,0.997184,0.0749883
-82.1138,32.8424,0.843901,0,0,0.999266,0.0383045
-82.2136,32.8457,0.485773,-0,-0,-0.999999,0.00158301
-82.2698,32.8451,-0,0,0,0.992902,0.118933
-82.367,32.8687,0.00221727,0,0,0.992909,0.118878
-82.4642,32.8923,0.00443455,0,0,0.992929,0.118713
-82.5614,32.9158,0.00665185,0,0,0.992961,0.118438
-82.6586,32.9393,0.00886917,0,0,0.993007,0.118053
-82.7558,32.9627,0.0110865,0,0,0.993066,0.117557
-82.853,32.986,0.00973936,0,0,0.993129,0.117023
-82.9503,33.0092,0.00755884,0,0,0.99318,0.116594
-83.0476,33.0323,0.00537833,0,0,0.993217,0.116273
-83.1449,33.0554,0.00319784,0,0,0.993242,0.11606
-83.2422,33.0784,0.00101736,0,0,0.993254,0.115955
-83.2876,33.0892,-5.51927e-17,0,0,0.999963,0.00861052
-83.3881,33.0915,-0.348978,0,0,0.99985,0.0173468
-83.488,33.0973,-0.707472,0,0,0.999043,0.0437301
-83.5869,33.1101,-1.06533,0,0,0.996128,0.0879179
-83.6846,33.1315,-0.0910232,0,0,0.992912,0.118853
-83.6929,33.1336,-0,0,0,0.999229,0.0392521
-83.7926,33.1413,0.039289,0,0,0.999267,0.0382706
-83.8924,33.1487,0.0785943,0,0,0.999376,0.0353256
-83.9921,33.1553,0.117905,0,0,0.999537,0.0304159
-84.092,33.1609,0.0688356,0,0,0.999672,0.0255939
-84.1919,33.1658,0.0130929,0,0,0.999723,0.0235464
-84.2153,33.1669,-1.29651e-17,0,0,0.996315,0.0857644
-84.314,33.1836,0.237505,0,0,0.996807,0.0798486
-84.4129,33.1979,0.475946,0,0,0.998072,0.0620613
-84.5124,33.2082,0.160458,0,0,0.999049,0.0435971
-84.5486,33.2112,-0,0,0,0.996017,0.0891647
-84.6477,33.2297,-0.302096,0,0,0.995312,0.0967114
-84.7457,33.251,-0.616801,0,0,0.992829,0.119542
-84.8415,33.2781,-0.9442,0,0,0.98744,0.157993
-84.9341,33.3136,-0.882893,0,0,0.978612,0.205716
-85.0235,33.3573,-0.620784,0,0,0.970233,0.242175
-85.1108,33.4068,-0.367428,0,0,0.963951,0.26608
-85.1966,33.4598,-0.125921,0,0,0.960577,0.278015
-85.2421,33.4887,-5.68833e-18,0,0,0.965818,0.259221
-85.3292,33.5378,0.649991,0,0,0.969899,0.243507
-85.4187,33.5825,0.102441,0,0,0.975211,0.221276
-85.4313,33.5885,-3.4056e-23,0,0,0.977907,0.209039
-85.5225,33.6294,8.55895e-07,0,0,0.977907,0.209039
-85.6138,33.6703,1.46604e-07,0,0,0.977907,0.209039
-85.6294,33.6773,-0,0,0,0.972793,0.231678
-85.7187,33.7224,0.00934907,0,0,0.972847,0.23145
-85.808,33.7673,0.0186983,0,0,0.973009,0.230768
-85.8974,33.8122,0.0179194,0,0,0.973232,0.229823
-85.9869,33.8568,0.0143009,0,0,0.973417,0.229039
-86.0764,33.9013,0.0106825,0,0,0.97356,0.228431
-86.166,33.9458,0.00706403,0,0,0.973661,0.227999
-86.2556,33.9902,0.00344569,0,0,0.973721,0.227743
-86.341,34.0324,-0,0,0,0.981631,0.190787
-86.4335,34.0702,-0.252385,0,0,0.980409,0.196972
-86.5252,34.1101,-0.267549,0,0,0.977557,0.21067
-86.6156,34.1524,-0.233858,0,0,0.974842,0.222895
-86.7051,34.1968,-0.199854,0,0,0.972371,0.233443
-86.7938,34.2431,-0.1658,0,0,0.970197,0.242319
-86.8817,34.2908,-0.13186,0,0,0.968366,0.249535
-86.9691,34.3397,-0.0981085,0,0,0.966913,0.255105
-87.056,34.3895,-0.0645548,0,0,0.965866,0.259042
-87.1427,34.4399,-0.0311571,0,0,0.965242,0.261358
-87.2237,34.4873,-5.38752e-17,0,0,0.966664,0.256049
-87.3108,34.5363,0.343798,0,0,0.968828,0.247735
-87.3993,34.5828,0.238211,0,0,0.972684,0.232132
-87.489,34.6272,0.0622671,0,0,0.9744,0.224819
-87.5209,34.6427,-3.49203e-17,0,0,0.953759,0.300572
-87.6036,34.6989,0.799179,0,0,0.959559,0.281509
-87.6898,34.7493,0.593257,0,0,0.969971,0.243221
-87.7791,34.7945,0.146989,0,0,0.974301,0.225248
-87.8091,34.8091,-0,0,0,0.969669,0.244421
-87.8972,34.8565,0.0227036,0,0,0.969808,0.24387
-87.9854,34.9037,0.0454093,0,0,0.970222,0.242219
-88.0737,34.9504,0.0430173,0,0,0.970808,0.23986
-88.1623,34.9969,0.0271065,0,0,0.971227,0.238158
-88.251,35.043,0.0111971,0,0,0.971454,0.237227
-88.3135,35.0754,-0,0,0,0.96134,0.275363
-88.3984,35.1283,0.0646903,0,0,0.961785,0.273807
-88.4836,35.1806,0.129426,0,0,0.963102,0.269137
-88.5695,35.2318,0.120167,0,0,0.964921,0.262539
-88.656,35.282,0.0748915,0,0,0.96619,0.25783
-88.7428,35.3316,0.0296474,0,0,0.966861,0.255304
-88.7999,35.3639,-8.18464e-17,0,0,0.980733,0.195352
-88.8924,35.404,-0.896118,0,0,0.976127,0.2172
-88.98,35.4516,-1.84535,0,0,0.959021,0.283336
-89.0589,35.5126,-0.508087,0,0,0.936639,0.350297
-89.0791,35.5304,-0,0,0,0.976238,0.2167
-89.1697,35.5728,-0.0616391,0,0,0.975903,0.218205
-89.2601,35.6158,-0.123414,0,0,0.974883,0.222719
-89.3498,35.6599,-0.185355,0,0,0.973135,0.230237
-89.4387,35.7056,-0.247279,0,0,0.970588,0.240746
-89.5265,35.7534,-0.160734,0,0,0.967599,0.25249
-89.5835,35.7856,-3.70922e-18,0,0,0.968948,0.247267
-89.6708,35.8343,-0.501362,0,0,0.965774,0.259385
-89.7562,35.8863,-0.103949,0,0,0.960901,0.276893
-89.7726,35.8966,-4.60001e-18,0,0,0.965966,0.258668
-89.8592,35.9467,-0.0906439,0,0,0.965378,0.260856
-89.9452,35.9976,-0.181337,0,0,0.963582,0.267414
-90.0305,36.0498,-0.0471219,0,0,0.961742,0.273956
-90.0518,36.063,1.84093e-16,0,0,0.989843,0.142165
-90.1468,36.0946,-2.18561,0,0,0.980772,0.195155
-90.2343,36.1415,-1.29098,0,0,0.959166,0.282844
-90.3162,36.2001,-0.283814,0,0,0.94735,0.3202
-90.3401,36.2184,-0,0,0,0.96673,0.2558
-90.4269,36.2679,-0.0385424,0,0,0.966483,0.256732
-90.5136,36.3177,-0.0771069,0,0,0.965736,0.259525
-90.5999,36.3683,-0.11569,0,0,0.964474,0.264176
-90.6857,36.4197,-0.109504,0,0,0.962809,0.270183
-90.7708,36.4722,-0.0508394,0,0,0.961718,0.27404
-90.8444,36.518,-0,0,0,0.96134,0.275363
-90.9293,36.5708,0.0646902,0,0,0.961784,0.273808
-91.0146,36.6231,0.129426,0,0,0.963102,0.269137
-91.1004,36.6744,0.120167,0,0,0.964921,0.262539
-91.1869,36.7246,0.0748916,0,0,0.96619,0.25783
-91.2738,36.7741,0.0296475,0,0,0.966861,0.255304
-91.3308,36.8065,-0,0,0,0.961457,0.274956
-91.4159,36.859,0.267895,0,0,0.963276,0.268514
-91.5022,36.9095,0.234238,0,0,0.966682,0.255981
-91.5896,36.9581,0.181685,0,0,0.96929,0.245919
-91.6779,37.005,0.129146,0,0,0.971172,0.23838
-91.7668,37.0508,0.0767723,0,0,0.972387,0.233375
-91.8561,37.096,0.0245599,0,0,0.972975,0.230909
-91.8983,37.1172,-0,0,0,0.965516,0.260343
-91.9847,37.1674,0.025915,0,0,0.965685,0.259717
-92.0713,37.2174,0.044139,0,0,0.966176,0.257882
-92.1581,37.2671,0.0366202,0,0,0.966695,0.255931
-92.2451,37.3164,0.0291002,0,0,0.967114,0.254343
-92.3322,37.3655,0.0215804,0,0,0.967436,0.253117
-92.4195,37.4144,0.0140614,0,0,0.967661,0.252255
-92.5068,37.4631,0.0065432,0,0,0.967791,0.251756
-92.5828,37.5055,3.93341e-19,0,0,0.97486,0.222817
-92.6725,37.5505,-0.908414,0,0,0.969571,0.24481
-92.7572,37.6031,-1.40872,0,0,0.951026,0.309109
-92.817,37.6498,-0,0,0,0.962158,0.272491
-92.9022,37.7022,0.0565497,0,0,0.962543,0.27113
-92.9877,37.7541,0.113171,0,0,0.963685,0.267043
-93.0738,37.8049,0.169853,0,0,0.96555,0.260218
-93.1607,37.8544,0.171252,0,0,0.967967,0.251076
-93.2484,37.9024,0.0587037,0,0,0.969395,0.245508
-93.2943,37.9272,-0,0,0,0.973615,0.228196
-93.3838,37.9719,-0.183463,0,0,0.972559,0.232658
-93.4724,38.0182,-0.291581,0,0,0.969395,0.245505
-93.5597,38.067,-0.207348,0,0,0.966258,0.257574
-93.646,38.1175,-0.123151,0,0,0.964097,0.265549
-93.7317,38.1692,-0.0392325,0,0,0.963011,0.269462
-93.7717,38.1935,-6.94599e-17,0,0,0.980515,0.196443
-93.8638,38.2337,-0.957957,0,0,0.975559,0.219737
-93.9508,38.282,-1.55537,0,0,0.957647,0.287944
-94.0306,38.3421,-0.577173,0,0,0.941027,0.33833
-94.0779,38.3822,1.62316e-17,0,0,0.98691,0.161271
-94.1727,38.4142,-0.121639,0,0,0.986415,0.164272
-94.267,38.4474,-0.243611,0,0,0.984874,0.173271
-94.3605,38.4828,-0.273712,0,0,0.982263,0.18751
-94.4531,38.5207,-0.114273,0,0,0.980398,0.197026
-94.5193,38.5486,3.71197e-19,0,0,0.982323,0.187196
-94.6123,38.5852,0.0993379,0,0,0.982784,0.184756
-94.7057,38.6209,0.151321,0,0,0.984099,0.177619
-94.7805,38.6485,-1.80494e-18,0,0,0.983124,0.182941
-94.8739,38.6841,0.226618,0,0,0.984144,0.17737
-94.9681,38.7176,0.417422,0,0,0.987007,0.160677
-95.0635,38.7477,0.185898,0,0,0.989318,0.145777
-95.1407,38.7705,-0,0,0,0.983966,0.178356
-95.2347,38.8057,0.0448583,0,0,0.984166,0.177249
-95.3287,38.8404,0.0898709,0,0,0.984759,0.173926
-95.423,38.8742,0.135152,0,0,0.985723,0.168376
-95.5177,38.9067,0.180734,0,0,0.987023,0.160581
-95.6128,38.9375,0.226525,0,0,0.988606,0.150526
-95.7085,38.966,0.272264,0,0,0.990405,0.138197
-95.805,38.992,0.317476,0,0,0.992333,0.123593
-95.9023,39.015,0.167607,0,0,0.994019,0.109206
-95.9514,39.0258,3.41492e-19,0,0,0.990722,0.135905
-96.0476,39.053,-0.195777,0,0,0.990045,0.140751
-96.1433,39.0821,-0.37551,0,0,0.987872,0.155267
-96.2381,39.114,-0.00603582,0,0,0.986347,0.164679
-96.2396,39.1145,1.12332e-19,0,0,0.997816,0.0660619
-96.3388,39.1273,0.255091,0,0,0.998216,0.0597003
-96.4383,39.1375,0.471944,0,0,0.999173,0.0406632
-96.538,39.1436,0.312434,0,0,0.999778,0.0210718
-96.638,39.1465,0.15325,0,0,0.999956,0.00943279
-96.735,39.1478,8.03672e-19,0,0,0.999829,0.0185042
-96.835,39.1521,-0.361139,0,0,0.999621,0.0275246
-96.9346,39.16,-0.605723,0,0,0.998524,0.0543063
-97.0142,39.17,-1.69303e-18,0,0,0.998387,0.0567771
-97.1135,39.1814,-0.052785,0,0,0.998311,0.0580945
-97.2128,39.1934,-0.0949653,0,0,0.998075,0.0620211
-97.312,39.2061,-0.0367045,0,0,0.997865,0.0653061
-97.3745,39.2144,-0,0,0,0.999859,0.016814
-97.4744,39.2177,0.0271416,0,0,0.99987,0.0161355
-97.5744,39.2208,0.0542955,0,0,0.999901,0.0140997
-97.6744,39.2233,0.0814647,0,0,0.999943,0.0107059
-97.7744,39.225,0.108635,0,0,0.999982,0.0059538
-97.8743,39.2256,0.0827148,0,0,1,0.000261721
-97.9329,39.2255,-1.30252e-23,0,0,1,5.51059e-06
-98.0329,39.2255,-5.33392e-07,0,0,1,5.52392e-06
-98.1329,39.2255,-7.68242e-07,0,0,1,5.56245e-06
-98.2121,39.2255,1.81905e-21,-0,-0,-0.999173,0.0406589
-98.3119,39.218,-0.36551,-0,-0,-0.999503,0.0315331
-98.4118,39.2141,-0.530207,-0,-0,-0.999987,0.0050856
-98.4913,39.2144,-1.36306e-17,0,0,0.999971,0.00767915
-98.5914,39.2155,0.283893,0,0,1,0.000585332
-98.6913,39.2137,0.455762,-0,-0,-0.999797,0.0201623
-98.7911,39.2079,0.171603,-0,-0,-0.999358,0.0358337
-98.8516,39.2033,-0,0,0,0.999999,0.00125169
-98.9516,39.2035,0.0460839,0,0,1,9.96238e-05
-99.0516,39.2032,0.0800263,-0,-0,-0.999995,0.00329651
-99.1516,39.2022,0.0649176,-0,-0,-0.999976,0.00691993
-99.2516,39.2005,0.0498035,-0,-0,-0.999952,0.00978778
-99.3516,39.1983,0.0346917,-0,-0,-0.999929,0.0119001
-99.4515,39.1958,0.0195847,-0,-0,-0.999912,0.0132569
-99.5515,39.1931,0.0044818,-0,-0,-0.999904,0.0138586
-99.5812,39.1922,-2.07223e-20,-0,-0,-0.995246,0.0973974
-99.6793,39.1729,-0.0203389,-0,-0,-0.995295,0.0968914
-99.7775,39.1537,-0.0406819,-0,-0,-0.995442,0.0953729
-99.8757,39.135,-0.0610291,-0,-0,-0.995681,0.0928414
-99.974,39.1168,-0.0813733,-0,-0,-0.996005,0.0892962
-100.072,39.0994,-0.0267011,-0,-0,-0.996263,0.0863678
-100.113,39.0924,0,-0,-0,-0.995733,0.0922807
-100.211,39.0726,0.873416,-0,-0,-0.993485,0.113961
-100.307,39.0462,0.252878,-0,-0,-0.98933,0.145689
-100.338,39.0369,5.55545e-18,-0,-0,-0.997541,0.0700922
-100.437,39.0228,0.0526255,-0,-0,-0.997447,0.0714046
-100.536,39.0082,0.105287,-0,-0,-0.997158,0.0753417
-100.634,38.9926,0.157954,-0,-0,-0.99664,0.081902
-100.733,38.9756,0.0762512,-0,-0,-0.996142,0.0877533
-100.824,38.9592,1.6549e-18,-0,-0,-0.978975,0.203978
-100.916,38.9193,-0.0151023,-0,-0,-0.979052,0.203608
-101.008,38.8795,-0.0209697,-0,-0,-0.979267,0.202574
-101.099,38.8399,-0.00811567,-0,-0,-0.979414,0.201862
-101.157,38.815,0,-0,-0,-0.978523,0.206136
-101.249,38.7747,-0.00151507,-0,-0,-0.978531,0.206099
-101.34,38.7343,-0.00303015,-0,-0,-0.978555,0.205988
-101.432,38.694,-0.00454523,-0,-0,-0.978594,0.205803
-101.523,38.6538,-0.00606032,-0,-0,-0.978648,0.205543
-101.615,38.6136,-0.0075754,-0,-0,-0.978718,0.20521
-101.707,38.5734,-0.00700785,-0,-0,-0.978798,0.204827
-101.798,38.5334,-0.00426806,-0,-0,-0.978856,0.204551
-101.89,38.4933,-0.00152829,-0,-0,-0.978886,0.204409
-101.941,38.471,0,-0,-0,-0.991287,0.131722
-102.038,38.4447,0.129192,-0,-0,-0.990856,0.134923
-102.134,38.4171,0.258928,-0,-0,-0.989501,0.144527
-102.229,38.3871,0.280495,-0,-0,-0.987277,0.159012
-102.323,38.3545,0.218295,-0,-0,-0.985218,0.171304
-102.417,38.3199,0.156089,-0,-0,-0.983572,0.180516
-102.511,38.2837,0.0941524,-0,-0,-0.982423,0.186668
-102.604,38.2466,0.0324861,-0,-0,-0.981827,0.18978
-102.653,38.2269,8.57104e-17,-0,-0,-0.993672,0.112323
-102.75,38.2037,0.550653,-0,-0,-0.992035,0.125966
-102.846,38.1752,0.854553,-0,-0,-0.986212,0.165489
-102.939,38.1394,0.319074,-0,-0,-0.980941,0.194307
-102.995,38.116,4.36541e-19,-0,-0,-0.98463,0.174653
-103.089,38.0818,-0.189165,-0,-0,-0.985445,0.169995
-103.183,38.0495,-0.378616,-0,-0,-0.987758,0.155991
-103.279,38.02,-0.0456543,-0,-0,-0.989367,0.145442
-103.292,38.0161,-5.36134e-17,-0,-0,-0.964814,0.262933
-103.379,37.9668,-1.01633,-0,-0,-0.971147,0.23848
-103.47,37.9254,-0.857214,-0,-0,-0.982004,0.188859
-103.564,37.8918,-0.5031,-0,-0,-0.987851,0.155405
-103.66,37.8628,-0.160517,-0,-0,-0.990297,0.138968
-103.706,37.8497,-1.20375e-17,-0,-0,-0.987732,0.156156
-103.802,37.8199,-0.69946,-0,-0,-0.990304,0.13892
-103.899,37.796,-0.632738,-0,-0,-0.994641,0.103392
-103.997,37.7783,-0.444133,-0,-0,-0.997061,0.0766143
-104.096,37.7649,-0.257816,-0,-0,-0.998252,0.0590934
-104.196,37.754,-0.0753282,-0,-0,-0.998711,0.0507539
-104.238,37.7498,-2.7447e-17,0,0,0.998205,0.059897
-104.337,37.7603,0.895605,0,0,0.999293,0.0375956
-104.437,37.7636,0.542163,-0,-0,-0.999999,0.00103881
-104.537,37.7614,0.0735566,-0,-0,-0.999865,0.0164143
-104.553,37.7609,-3.38637e-18,0,0,0.998224,0.0595709
-104.652,37.7727,0.0397987,0,0,0.998283,0.0585777
-104.752,37.7842,0.0723211,0,0,0.998452,0.055615
-104.851,37.795,0.0359385,0,0,0.998599,0.0529125
-104.949,37.8053,-2.19434e-19,0,0,0.999575,0.0291421
-105.049,37.8109,0.134711,0,0,0.999668,0.0257756
-105.149,37.8151,0.269741,0,0,0.999877,0.0156678
-105.249,37.8168,0.220509,0,0,0.999999,0.00100056
-105.337,37.8164,-0,0,0,0.999602,0.0282259
-105.437,37.8221,-0.0423239,0,0,0.999571,0.0292837
-105.536,37.8282,-0.0847083,0,0,0.999473,0.032458
-105.636,37.8352,-0.12718,0,0,0.999287,0.0377507
-105.736,37.8434,-0.137833,0,0,0.999,0.0447095
-105.835,37.853,-0.124395,0,0,0.998686,0.0512541
-105.935,37.8639,-0.110904,0,0,0.998367,0.0571248
-106.034,37.8758,-0.0973906,0,0,0.998056,0.0623209
-106.133,37.8887,-0.0838793,0,0,0.997764,0.0668425
-106.232,37.9024,-0.0703848,0,0,0.997498,0.0706904
-106.331,37.9169,-0.0569154,0,0,0.997268,0.0738659
-106.43,37.9319,-0.0434735,0,0,0.99708,0.0763702
-106.529,37.9473,-0.0300571,0,0,0.996937,0.0782046
-106.628,37.963,-0.0166604,0,0,0.996845,0.0793701
-106.727,37.9789,-0.0032755,0,0,0.996805,0.0798675
-106.751,37.9828,-0,0,0,0.989471,0.144728
-106.847,38.0115,-0.00683443,0,0,0.989447,0.144898
-106.942,38.0402,-0.013669,0,0,0.989372,0.145405
-107.038,38.0691,-0.0205039,0,0,0.989248,0.14625
-107.134,38.0981,-0.0273387,0,0,0.989072,0.147433
-107.229,38.1274,-0.0191193,0,0,0.988887,0.148668
-107.325,38.1569,-0.00632882,0,0,0.988792,0.149297
-107.372,38.1715,3.34791e-18,0,0,0.989347,0.145576
-107.468,38.2008,-0.309265,0,0,0.988192,0.153219
-107.563,38.2324,-0.0589122,0,0,0.986441,0.164115
-107.579,38.2381,-1.48869e-17,0,0,0.978221,0.207567
-107.671,38.2789,-0.153398,0,0,0.977418,0.211317
-107.761,38.3209,-0.0936482,0,0,0.975995,0.217795
-107.852,38.3637,-0.0139488,0,0,0.975405,0.220419
-107.868,38.3712,-1.46005e-17,0,0,0.957958,0.286909
-107.951,38.4264,-0.171474,0,0,0.956719,0.291012
-108.033,38.4831,-0.343282,0,0,0.952896,0.303298
-108.114,38.5421,-0.0986074,0,0,0.948912,0.315541
-108.138,38.5599,-2.98383e-17,0,0,0.949991,0.312276
-108.219,38.6186,0.544281,0,0,0.954145,0.299345
-108.303,38.6726,1.06033,0,0,0.965609,0.259999
-108.391,38.7189,0.517656,0,0,0.975098,0.221773
-108.48,38.7596,-8.16284e-17,0,0,0.971404,0.237433
-108.569,38.8076,-0.974745,0,0,0.965365,0.260904
-108.651,38.8633,-2.04125,0,0,0.943164,0.332329
-108.722,38.9324,-1.25215,0,0,0.910726,0.413011
-108.785,39.0112,-0.288925,0,0,0.894246,0.447576
-108.804,39.037,-4.28572e-19,0,0,0.86983,0.493352
-108.861,39.1194,4.16857,0,0,0.915209,0.402979
-108.939,39.1813,2.59568e-18,0,0,0.896622,0.442796
-109,39.2606,0.0407898,0,0,0.897073,0.441882
-109.061,39.3397,0.081599,0,0,0.898421,0.439135
-109.123,39.4184,0.122417,0,0,0.900649,0.434547
-109.186,39.4962,0.0622775,0,0,0.903052,0.429532
-109.219,39.5363,-1.15008e-17,0,0,0.879983,0.475005
-109.272,39.6206,-0.765184,0,0,0.87076,0.491709
-109.321,39.7082,-0.570863,0,0,0.851583,0.524219
-109.364,39.7985,-0.165009,0,0,0.841804,0.539783
-109.381,39.8359,-3.6189e-18,0,0,0.840923,0.541154
-109.422,39.9276,-0.537765,0,0,0.833584,0.552393
-109.457,40.0209,-1.09035,0,0,0.810467,0.585784
-109.483,40.1171,-0.684032,0,0,0.781449,0.623969
-109.503,40.2154,-0.114045,0,0,0.768872,0.639402
-109.507,40.2354,-1.06972e-22,0,0,0.735151,0.677903
-109.515,40.3351,-1.31374e-05,0,0,0.735151,0.677903
-109.523,40.4347,-2.97608e-06,0,0,0.735151,0.677904
-109.525,40.4573,5.92518e-18,0,0,0.741974,0.670429
-109.533,40.557,-0.983036,0,0,0.725311,0.688421
-109.534,40.6569,-0.218753,0,0,0.700805,0.713353
-109.534,40.6792,1.37458e-17,0,0,0.699935,0.714207
-109.533,40.7793,0.986245,0,0,0.717293,0.696772
-109.541,40.879,0.218026,0,0,0.741158,0.671331
-109.543,40.9012,5.01857e-19,0,0,0.741973,0.670429
-109.551,41.0008,-0.982998,0,0,0.725311,0.688421
-109.552,41.1008,-0.218745,0,0,0.700806,0.713352
-109.552,41.1231,0,0,0,0.706103,0.708109
-109.551,41.2241,-0.103146,0,0,0.704259,0.709943
-109.55,41.3249,-0.207829,0,0,0.69868,0.715435
-109.546,41.4254,-0.315117,0,0,0.689227,0.724545
-109.54,41.5253,-0.425066,0,0,0.675692,0.737184
-109.529,41.6244,-0.536073,0,0,0.657824,0.753172
-109.512,41.7227,-0.644229,0,0,0.63539,0.772192
-109.49,41.8199,-0.489899,0,0,0.609868,0.792503
-109.471,41.8887,-2.01227e-17,0,0,0.649169,0.760644
-109.456,41.9876,0.444976,0,0,0.657583,0.753382
-109.445,42.0869,0.35005,0,0,0.674759,0.738038
-109.437,42.1867,0.0904828,0,0,0.682843,0.730565
-109.435,42.2216,1.39497e-17,0,0,0.667578,0.744539
-109.424,42.3212,0.337479,0,0,0.673833,0.738883
-109.418,42.4209,0.677651,0,0,0.692359,0.721553
-109.416,42.5209,0.169448,0,0,0.710844,0.70335
-109.417,42.5434,-2.7683e-17,0,0,0.667076,0.74499
-109.405,42.6428,-0.228982,0,0,0.662801,0.748795
-109.392,42.7418,-0.458631,0,0,0.649834,0.760076
-109.374,42.8403,-0.0672732,0,0,0.638293,0.769794
-109.372,42.8541,1.09854e-20,0,0,0.677668,0.735368
-109.364,42.9538,0.0299837,0,0,0.678219,0.73486
-109.356,43.0535,0.0207153,0,0,0.679231,0.733925
-109.348,43.1532,0.00643291,0,0,0.679729,0.733463
-109.345,43.1981,6.99781e-18,0,0,0.640812,0.767698
-109.328,43.2967,0.8916,0,0,0.657735,0.753249
-109.319,43.3962,0.126315,0,0,0.680446,0.732798
-109.318,43.4089,7.32173e-19,0,0,0.644229,0.764832
-109.301,43.5076,0.466778,0,0,0.6531,0.757271
-109.289,43.6068,0.3774,0,0,0.670216,0.742166
-109.281,43.7064,0.208454,0,0,0.681012,0.732273
-109.274,43.8063,0.0406372,0,0,0.68556,0.728016
-109.273,43.8306,1.3809e-24,0,0,0.677895,0.735159
-109.265,43.9302,-7.57939e-06,0,0,0.677895,0.735159
-109.256,44.0299,-1.71699e-06,0,0,0.677894,0.735159
-109.255,44.0525,0,0,0,0.667368,0.744728
-109.244,44.1519,0.0174304,0,0,0.667693,0.744437
-109.233,44.2513,0.0348652,0,0,0.668665,0.743563
-109.223,44.3508,0.0523065,0,0,0.670284,0.742104
-109.213,44.4503,0.0697515,0,0,0.672546,0.740056
-109.204,44.5499,0.0871905,0,0,0.675444,0.737411
-109.195,44.6495,0.0391361,0,0,0.678195,0.734882
-109.192,44.6961,-2.58195e-17,0,0,0.714162,0.699981
-109.192,44.7967,-0.846349,0,0,0.699243,0.714884
-109.184,44.8961,-1.72867,0,0,0.651906,0.758299
-109.162,44.9935,-0.393214,0,0,0.606297,0.795238
-109.156,45.0178,-2.4125e-18,0,0,0.703537,0.710658
-109.154,45.118,-0.439848,0,0,0.695688,0.718344
-109.148,45.2177,-0.884866,0,0,0.671536,0.740972
-109.134,45.3168,-0.258583,0,0,0.647883,0.76174
-109.129,45.3507,0,0,0,0.683391,0.730052
-109.122,45.4505,-0.0245653,0,0,0.682943,0.730472
-109.115,45.5503,-0.0491411,0,0,0.681596,0.731729
-109.108,45.65,-0.073731,0,0,0.679345,0.733819
-109.1,45.7497,-0.0983255,0,0,0.676182,0.736735
-109.09,45.8493,-0.103436,0,0,0.672175,0.740392
-109.08,45.9488,-0.0375203,0,0,0.669562,0.742756
-109.074,46.0054,-2.73754e-17,0,0,0.69258,0.721341
-109.07,46.1053,-0.289425,0,0,0.687345,0.726331
-109.063,46.205,-0.386698,0,0,0.672598,0.740008
-109.052,46.3044,-0.0981447,0,0,0.663582,0.748103
-109.047,46.3383,2.36714e-17,0,0,0.612074,0.790801
-109.024,46.4357,0.836115,0,0,0.628406,0.777886
-109.008,46.5342,1.15912,0,0,0.673253,0.739412
-109.003,46.6341,0.234699,0,0,0.698506,0.715605
-109.002,46.6601,0,0,0,0.676784,0.736182
-108.994,46.7597,-0.00422055,0,0,0.676706,0.736254
-108.986,46.8594,-0.0084412,0,0,0.676473,0.736468
-108.977,46.959,-0.0126621,0,0,0.676084,0.736824
-108.968,47.0586,-0.0168831,0,0,0.67554,0.737324
-108.96,47.1582,-0.0211043,0,0,0.674839,0.737965
-108.951,47.2578,-0.0253253,0,0,0.673982,0.738748
-108.941,47.3574,-0.0220382,0,0,0.673074,0.739575
-108.932,47.4569,-0.0164151,0,0,0.672363,0.740222
-108.922,47.5565,-0.0107921,0,0,0.671859,0.740679
-108.912,47.656,-0.00516943,0,0,0.671563,0.740947
-108.903,47.7475,0,0,0,0.67654,0.736406
-108.895,47.8471,-0.0127962,0,0,0.676304,0.736623
-108.886,47.9468,-0.0255933,0,0,0.675597,0.737271
-108.877,48.0464,-0.0383915,0,0,0.674416,0.738351
-108.868,48.1459,-0.0343764,0,0,0.673035,0.73961
-108.859,48.2455,-0.0280967,0,0,0.671879,0.740661
-108.849,48.345,-0.0218169,0,0,0.670955,0.741498
-108.839,48.4445,-0.0155377,0,0,0.670262,0.742125
-108.828,48.544,-0.00925907,0,0,0.669802,0.74254
-108.818,48.6434,-0.00298092,0,0,0.669574,0.742745
-108.813,48.6907,1.23245e-16,0,0,0.715025,0.699099
-108.814,48.7907,-0.651489,0,0,0.703569,0.710627
-108.809,48.8905,-0.646313,0,0,0.674785,0.738014
-108.798,48.9899,-0.11878,0,0,0.660567,0.750767
-108.795,49.0125,0,0,0,0.685482,0.728089
-108.789,49.1123,-0.0604842,0,0,0.68438,0.729125
-108.782,49.212,-0.081391,0,0,0.681468,0.731848
-108.775,49.3118,-0.0704927,0,0,0.678684,0.73443
-108.767,49.4114,-0.0595854,0,0,0.676292,0.736633
-108.758,49.511,-0.0486768,0,0,0.674296,0.738461
-108.749,49.6106,-0.0377716,0,0,0.672699,0.739917
-108.739,49.7101,-0.0268716,0,0,0.671502,0.741003
-108.729,49.8097,-0.0159767,0,0,0.670708,0.741722
-108.719,49.9092,-0.00508547,0,0,0.670317,0.742075
-108.714,49.9556,2.99542e-18,0,0,0.685994,0.727607
-108.708,50.0555,0.0230538,0,0,0.686413,0.727212
-108.703,50.1553,0.0263194,0,0,0.68751,0.726175
-108.697,50.2552,0.00479783,0,0,0.688075,0.72564
-108.696,50.2774,0,0,0,0.676075,0.736832
-108.688,50.3771,-0.00501792,0,0,0.675983,0.736917
-108.679,50.4767,-0.0100359,0,0,0.675706,0.737172
-108.67,50.5763,-0.0150539,0,0,0.675243,0.737595
-108.661,50.6759,-0.0110642,0,0,0.674742,0.738054
-108.652,50.7755,-0.00586187,0,0,0.674429,0.73834
-108.643,50.8751,-0.000659568,0,0,0.674309,0.738449
-108.642,50.8877,6.81346e-19,0,0,0.657938,0.753072
-108.629,50.9869,0.117577,0,0,0.660149,0.751134
-108.617,51.0862,0.235569,0,0,0.666755,0.745277
-108.607,51.1857,0.353656,0,0,0.677658,0.735377
-108.6,51.2854,0.161778,0,0,0.687792,0.725908
-108.597,51.3538,-1.36957e-17,0,0,0.673336,0.739337
-108.587,51.4533,-0.14618,0,0,0.67063,0.741792
-108.576,51.5527,-0.243126,0,0,0.662654,0.748926
-108.563,51.6518,-0.159882,0,0,0.655076,0.755563
-108.548,51.7507,-0.0767092,0,0,0.650595,0.759425
-108.534,51.842,0,0,0,0.690916,0.722935
-108.529,51.9419,-0.0474226,0,0,0.690058,0.723754
-108.524,52.0418,-0.0948939,0,0,0.687479,0.726204
-108.518,52.1416,-0.142414,0,0,0.683159,0.73027
-108.511,52.2413,-0.135743,0,0,0.677733,0.735308
-108.502,52.3409,-0.101897,0,0,0.673353,0.739321
-108.492,52.4404,-0.0680708,0,0,0.670206,0.742176
-108.482,52.5399,-0.0342872,0,0,0.668304,0.743888
-108.471,52.6393,-0.000534049,0,0,0.667656,0.74447
-108.471,52.6409,-2.74115e-20,0,0,0.660411,0.750905
-108.458,52.7401,0.108385,0,0,0.662443,0.749113
-108.447,52.8394,0.106146,0,0,0.667386,0.744712
-108.436,52.9389,0.0120306,0,0,0.669583,0.742737
-108.435,52.9516,1.59213e-19,0,0,0.678296,0.734789
-108.427,53.0513,-0.0422571,0,0,0.67752,0.735505
-108.418,53.1509,-0.0845336,0,0,0.675185,0.737649
-108.409,53.2505,-0.126815,0,0,0.671278,0.741206
-108.399,53.3499,-0.0624165,0,0,0.667529,0.744584
-108.39,53.4287,0,0,0,0.648436,0.761269
-108.374,53.5276,0.117379,0,0,0.650668,0.759362
-108.36,53.6266,0.235337,0,0,0.657339,0.753595
-108.347,53.7257,0.353724,0,0,0.668359,0.743839
-108.338,53.8253,0.290426,0,0,0.68107,0.732218
-108.332,53.9251,0.167006,0,0,0.689396,0.724384
-108.328,54.0251,0.0442571,0,0,0.693213,0.720733
-108.327,54.0612,0,0,0,0.683435,0.730012
-108.32,54.161,-0.030972,0,0,0.682869,0.730541
-108.313,54.2608,-0.0619636,0,0,0.68117,0.732125
-108.306,54.3605,-0.0929811,0,0,0.678329,0.734758
-108.297,54.4601,-0.124004,0,0,0.674333,0.738427
-108.287,54.5597,-0.116694,0,0,0.669399,0.742903
-108.277,54.6591,-0.0301442,0,0,0.666667,0.745355
-108.273,54.6937,0,0,0,0.658027,0.752995
-108.259,54.7929,0.0195894,0,0,0.658396,0.752672
-108.246,54.8921,0.039195,0,0,0.659502,0.751703
-108.233,54.9913,0.0588298,0,0,0.661343,0.750084
-108.221,55.0906,0.0785001,0,0,0.663915,0.747808
-108.21,55.1899,0.0982016,0,0,0.667212,0.744868
-108.199,55.2894,0.117917,0,0,0.671226,0.741253
-108.19,55.3889,0.137611,0,0,0.675945,0.736952
-108.182,55.4885,0.15244,0,0,0.681351,0.731957
-108.176,55.5883,0.104006,0,0,0.686029,0.727575
-108.17,55.6882,0.055648,0,0,0.688927,0.724831
-108.165,55.7881,0.00736206,0,0,0.690068,0.723745
-108.165,55.8033,0,0,0,0.693678,0.720285
-108.161,55.9033,-0.0497393,0,0,0.692782,0.721147
-108.156,56.0032,-0.0995641,0,0,0.690085,0.723729
-108.151,56.1031,-0.149505,0,0,0.685565,0.728012
-108.144,56.2029,-0.19948,0,0,0.679188,0.733964
-108.135,56.3024,-0.206782,0,0,0.671087,0.741378
-108.125,56.4019,-0.0644195,0,0,0.666046,0.74591
-108.12,56.4469,1.37342e-17,0,0,0.712802,0.701366
-108.12,56.5469,-0.467619,0,0,0.704567,0.709637
-108.117,56.6467,-0.563931,0,0,0.68303,0.73039
-108.108,56.7462,-0.360054,0,0,0.66599,0.74596
-108.095,56.8456,-0.158104,0,0,0.656269,0.754527
-108.084,56.924,-8.23609e-17,0,0,0.691526,0.722351
-108.079,57.0239,-0.355397,0,0,0.685085,0.728463
-108.07,57.1235,-0.396159,0,0,0.668024,0.744139
-108.058,57.2228,-0.0423393,0,0,0.659832,0.751413
-108.057,57.2347,0,0,0,0.687006,0.726652
-108.051,57.3346,-0.00133211,0,0,0.686982,0.726675
-108.045,57.4344,-0.00266422,0,0,0.686909,0.726743
-108.04,57.5342,-0.00399634,0,0,0.686788,0.726858
-108.034,57.6341,-0.00532845,0,0,0.686618,0.727018
-108.028,57.7339,-0.00546202,0,0,0.686405,0.727219
-108.022,57.8337,-0.00137085,0,0,0.686281,0.727336
-108.02,57.8672,0,0,0,0.6816,0.731725
-108.013,57.967,-0.0117288,0,0,0.681385,0.731925
-108.006,58.0667,-0.0234589,0,0,0.680741,0.732524
-107.999,58.1664,-0.0351909,0,0,0.679666,0.733521
-107.991,58.2661,-0.0469237,0,0,0.678159,0.734915
-107.983,58.3658,-0.0521184,0,0,0.676243,0.736679
-107.974,58.4654,-0.0334563,0,0,0.674665,0.738124
-107.965,58.565,-0.0147967,0,0,0.673774,0.738937
-107.957,58.6439,0,0,0,0.6885,0.725237
-107.952,58.7438,-0.00496482,0,0,0.68841,0.725322
-107.947,58.8437,-0.00993002,0,0,0.688139,0.725578
-107.942,58.9435,-0.0148959,0,0,0.687689,0.726005
-107.936,59.0434,-0.0198627,0,0,0.687058,0.726603
-107.93,59.1432,-0.0248305,0,0,0.686246,0.72737
-107.924,59.243,-0.029799,0,0,0.685252,0.728306
-107.918,59.3428,-0.0347678,0,0,0.684075,0.729412
-107.912,59.4426,-0.0388084,0,0,0.682717,0.730683
-107.905,59.5424,-0.0352522,0,0,0.681363,0.731945
-107.897,59.6421,-0.0316949,0,0,0.680137,0.733085
-107.89,59.7418,-0.0281372,0,0,0.67904,0.734101
-107.882,59.8415,-0.0245796,0,0,0.678072,0.734995
-107.874,59.9411,-0.0210224,0,0,0.677234,0.735768
-107.865,60.0408,-0.0174658,0,0,0.676525,0.736419
-107.857,60.1404,-0.0139099,0,0,0.675948,0.73695
-107.848,60.2401,-0.0103546,0,0,0.6755,0.73736
-107.839,60.3397,-0.00679996,0,0,0.675184,0.737649
-107.83,60.4393,-0.00324567,0,0,0.674999,0.737819
-107.822,60.5303,1.0963e-18,0,0,0.673655,0.739046
-107.813,60.6299,0.0501844,0,0,0.674581,0.738201
-107.805,60.7295,0.100404,0,0,0.677356,0.735656
-107.797,60.8292,0.150636,0,0,0.681959,0.73139
-107.791,60.929,0.0818043,0,0,0.686693,0.726947
-107.786,61.0074,3.43851e-18,0,0,0.687665,0.726028
-107.781,61.1073,-0.0908723,0,0,0.686014,0.727588
-107.774,61.207,-0.122629,0,0,0.681519,0.7318
-107.767,61.3067,-0.0802664,0,0,0.677799,0.735248
-107.758,61.4064,-0.0379191,0,0,0.675623,0.737247
-107.75,61.4956,0,0,0,0.68501,0.728533
-107.744,61.5955,-0.0232595,0,0,0.684587,0.728932
-107.738,61.6952,-0.0306771,0,0,0.683474,0.729975
-107.731,61.795,-0.0253752,0,0,0.682451,0.730932
-107.724,61.8948,-0.020073,0,0,0.68162,0.731707
-107.717,61.9945,-0.0147709,0,0,0.680982,0.7323
-107.709,62.0943,-0.00946912,0,0,0.680538,0.732713
-107.702,62.194,-0.00416763,0,0,0.680288,0.732944
-107.696,62.2724,0,0,0,0.698996,0.715126
-107.694,62.3724,-0.0353615,0,0,0.698363,0.715744
-107.691,62.4724,-0.0707701,0,0,0.696461,0.717595
-107.688,62.5724,-0.106253,0,0,0.693278,0.72067
-107.683,62.6722,-0.141798,0,0,0.688797,0.724954
-107.677,62.772,-0.170102,0,0,0.683009,0.73041
-107.67,62.8717,-0.142321,0,0,0.677286,0.73572
-107.661,62.9713,-0.114497,0,0,0.67255,0.740052
-107.651,63.0707,-0.0867004,0,0,0.668819,0.743425
-107.64,63.1702,-0.0589612,0,0,0.666107,0.745856
-107.629,63.2696,-0.0312785,0,0,0.664422,0.747358
-107.617,63.3689,-0.00363172,0,0,0.663769,0.747938
-107.615,63.382,0,0,0,0.69686,0.717208
-107.612,63.4821,-0.0664197,0,0,0.695667,0.718365
-107.608,63.5821,-0.133049,0,0,0.692074,0.721827
-107.603,63.682,-0.199967,0,0,0.68604,0.727564
-107.597,63.7817,-0.266984,0,0,0.677503,0.73552
-107.587,63.8812,-0.301435,0,0,0.666454,0.745546
-107.575,63.9804,-0.0769305,0,0,0.659376,0.751814
-107.57,64.0145,0,0,0,0.687649,0.726043
-107.565,64.1143,-0.00250091,0,0,0.687604,0.726086
-107.559,64.2142,-0.00500183,0,0,0.687468,0.726215
-107.554,64.314,-0.00750277,0,0,0.687241,0.72643
-107.548,64.4139,-0.0100037,0,0,0.686923,0.72673
-107.542,64.5137,-0.0113629,0,0,0.686516,0.727115
-107.537,64.6135,-0.00350396,0,0,0.686246,0.72737
-107.534,64.6581,0,0,0,0.686667,0.726972
-107.528,64.7579,0.000140838,0,0,0.68667,0.72697
-107.523,64.8577,0.000281677,0,0,0.686677,0.726962
-107.517,64.9576,0.000422516,0,0,0.68669,0.72695
-107.511,65.0574,0.000563354,0,0,0.686708,0.726933
-107.506,65.1572,0.000704193,0,0,0.686731,0.726912
-107.5,65.2571,0.000845031,0,0,0.686759,0.726885
-107.494,65.3569,0.000768082,0,0,0.68679,0.726856
-107.489,65.4568,0.000581385,0,0,0.686814,0.726833
-107.483,65.5566,0.000394689,0,0,0.686832,0.726816
-107.477,65.6564,0.000207993,0,0,0.686843,0.726806
-107.472,65.7563,2.12964e-05,0,0,0.686847,0.726802
-107.471,65.7677,3.5479e-18,0,0,0.66645,0.74555
-107.46,65.8671,0.0878244,0,0,0.668085,0.744085
-107.45,65.9665,0.132221,0,0,0.67271,0.739906
-107.441,66.0661,0.0866629,0,0,0.676749,0.736214
-107.433,66.1658,0.0411196,0,0,0.679097,0.734049
-107.426,66.2559,2.85402e-19,0,0,0.659736,0.751497
-107.414,66.3552,0.35363,0,0,0.66635,0.745639
-107.405,66.4547,0.398161,0,0,0.683438,0.730009
-107.399,66.5546,0.0425532,0,0,0.691435,0.722439
-107.399,66.5666,0,0,0,0.694466,0.719526
-107.395,66.6665,-0.0119984,0,0,0.69425,0.719734
-107.392,66.7665,-0.0239982,0,0,0.693602,0.720358
-107.388,66.8664,-0.0360001,0,0,0.692521,0.721398
-107.383,66.9663,-0.0480033,0,0,0.691004,0.722851
-107.379,67.0662,-0.0495293,0,0,0.689135,0.724633
-107.373,67.166,-0.0380938,0,0,0.687546,0.726141
-107.368,67.2659,-0.0266589,0,0,0.686369,0.727253
-107.362,67.3657,-0.0152261,0,0,0.685607,0.727971
-107.356,67.4655,-0.00379491,0,0,0.685261,0.728297
-107.354,67.4987,8.19898e-19,0,0,0.673655,0.739046
-107.345,67.5983,0.0501849,0,0,0.674582,0.7382
-107.336,67.6979,0.100405,0,0,0.677356,0.735655
-107.328,67.7976,0.150637,0,0,0.681959,0.73139
-107.322,67.8974,0.0818052,0,0,0.686694,0.726947
-107.318,67.9758,1.03811e-17,0,0,0.689566,0.724223
-107.313,68.0757,-0.109212,0,0,0.687586,0.726103
-107.307,68.1755,-0.163312,0,0,0.681951,0.731398
-107.299,68.2752,-0.106888,0,0,0.676995,0.735987
-107.29,68.3748,-0.0504926,0,0,0.674094,0.738645
-107.282,68.464,-4.35263e-19,0,0,0.684325,0.729177
-107.276,68.5638,0.0307322,0,0,0.684885,0.728651
-107.27,68.6637,0.0285842,0,0,0.686231,0.727383
-107.264,68.7635,3.95391e-05,0,0,0.686752,0.726892
-107.264,68.7636,0,0,0,0.679664,0.733524
-107.256,68.8634,-0.0652089,0,0,0.678467,0.734631
-107.248,68.963,-0.130591,0,0,0.674863,0.737943
-107.238,69.0625,-0.196195,0,0,0.668815,0.743429
-107.227,69.1618,-0.185108,0,0,0.661532,0.749917
-107.213,69.2608,-0.163496,0,0,0.654977,0.755649
-107.198,69.3596,-0.141791,0,0,0.649194,0.760622
-107.182,69.4582,-0.120076,0,0,0.644203,0.764855
-107.164,69.5567,-0.0984031,0,0,0.640015,0.768363
-107.146,69.655,-0.0768003,0,0,0.636641,0.77116
-107.126,69.7533,-0.0552733,0,0,0.634089,0.77326
-107.107,69.8514,-0.0338128,0,0,0.632362,0.774673
-107.086,69.9496,-0.0123977,0,0,0.631466,0.775404
-107.075,70.0064,0,0,0,0.637932,0.770093
-107.056,70.1047,0.0185473,0,0,0.638289,0.769797
-107.038,70.203,0.0371032,0,0,0.63936,0.768908
-107.02,70.3014,0.0556734,0,0,0.641141,0.767423
-107.002,70.3998,0.0742578,0,0,0.643631,0.765336
-106.985,70.4984,0.0928478,0,0,0.646822,0.762641
-106.97,70.5971,0.111423,0,0,0.650708,0.759328
-106.955,70.696,0.0866606,0,0,0.654622,0.755957
-106.941,70.795,0.051229,0,0,0.657224,0.753696
-106.927,70.8942,0.0158247,0,0,0.658486,0.752593
-106.921,70.9385,0,0,0,0.646513,0.762903
-106.905,71.0371,0.0809116,0,0,0.648055,0.761593
-106.89,71.1359,0.127578,0,0,0.652462,0.757822
-106.875,71.2349,0.0992123,0,0,0.656748,0.754111
-106.862,71.334,0.0708354,0,0,0.659947,0.751312
-106.85,71.4332,0.0424762,0,0,0.662073,0.749439
-106.837,71.5325,0.0141379,0,0,0.663133,0.748501
-106.831,71.5821,0,0,0,0.642768,0.766061
-106.814,71.6806,0.0568931,0,0,0.643857,0.765146
-106.797,71.7791,0.0816673,0,0,0.646857,0.762612
-106.781,71.8779,0.0626385,0,0,0.649603,0.760273
-106.766,71.9767,0.0436081,0,0,0.651621,0.758545
-106.751,72.0756,0.0245832,0,0,0.652913,0.757433
-106.737,72.1745,0.00556376,0,0,0.653484,0.756941
-106.732,72.2034,4.99926e-18,0,0,0.66041,0.750905
-106.72,72.3026,0.108381,0,0,0.662442,0.749113
-106.708,72.402,0.106142,0,0,0.667385,0.744713
-106.698,72.5014,0.01203,0,0,0.669582,0.742738
-106.696,72.5141,0,0,0,0.679991,0.733221
-106.689,72.6139,-0.0176768,0,0,0.679666,0.733521
-106.681,72.7136,-0.0353603,0,0,0.678693,0.734422
-106.673,72.8133,-0.0530546,0,0,0.677068,0.73592
-106.664,72.9129,-0.0707589,0,0,0.674787,0.738013
-106.655,73.0125,-0.0884648,0,0,0.671844,0.740693
-106.645,73.1119,-0.106154,0,0,0.668232,0.743953
-106.634,73.2113,-0.0565189,0,0,0.664903,0.746929
-106.624,73.2909,2.73654e-17,0,0,0.690687,0.723154
-106.619,73.3908,-0.29773,0,0,0.685288,0.728272
-106.611,73.4904,-0.340543,0,0,0.670954,0.741499
-106.6,73.5898,-0.0636234,0,0,0.66343,0.748238
-106.597,73.6127,-1.35122e-17,0,0,0.654296,0.756239
-106.584,73.7119,0.709609,0,0,0.667574,0.744544
-106.578,73.8115,0.799223,0,0,0.701475,0.712694
-106.579,73.9116,0.0832258,0,0,0.716988,0.697086
-106.579,73.9233,-6.10386e-18,0,0,0.673655,0.739046
-106.57,74.0229,0.0501807,0,0,0.674582,0.7382
-106.561,74.1226,0.100396,0,0,0.677356,0.735655
-106.554,74.2223,0.150625,0,0,0.681959,0.73139
-106.547,74.3221,0.0817984,0,0,0.686693,0.726947
-106.543,74.4005,3.57976e-19,0,0,0.678296,0.734789
-106.535,74.5002,-0.0422552,0,0,0.67752,0.735505
-106.527,74.5998,-0.0845298,0,0,0.675185,0.737649
-106.517,74.6994,-0.126809,0,0,0.671278,0.741205
-106.507,74.7988,-0.0624138,0,0,0.667529,0.744584
-106.498,74.8776,-1.40085e-17,0,0,0.65467,0.755915
-106.485,74.9769,0.685187,0,0,0.66749,0.744619
-106.478,75.0765,0.792113,0,0,0.700411,0.71374
-106.479,75.1765,0.145944,0,0,0.716921,0.697154
-106.48,75.1994,-4.2607e-19,0,0,0.664891,0.74694
-106.469,75.2987,0.0157702,0,0,0.665186,0.746678
-106.457,75.3981,0.0213409,0,0,0.665986,0.745965
-106.446,75.4974,0.0137241,0,0,0.666639,0.74538
-106.435,75.5968,0.00610747,0,0,0.667009,0.74505
-106.426,75.6765,0,0,0,0.686333,0.727287
-106.42,75.7764,-6.19902e-06,0,0,0.686333,0.727287
-106.414,75.8762,-8.72883e-06,0,0,0.686333,0.727288
-106.409,75.976,-6.66249e-06,0,0,0.686333,0.727288
-106.403,76.0759,-4.59615e-06,0,0,0.686332,0.727288
-106.397,76.1757,-2.5298e-06,0,0,0.686332,0.727288
-106.391,76.2755,-4.63463e-07,0,0,0.686332,0.727288
-106.39,76.2979,-1.56817e-22,0,0,0.687733,0.725964
-106.385,76.3978,-1.32757e-06,0,0,0.687733,0.725964
-106.379,76.4976,-1.99174e-06,0,0,0.687733,0.725964
-106.374,76.5975,-1.32796e-06,0,0,0.687733,0.725964
-106.368,76.6973,-6.64173e-07,0,0,0.687733,0.725964
-106.363,76.7972,-3.87742e-10,0,0,0.687733,0.725964
-106.363,76.7972,0,0,0,0.689367,0.724412
-106.358,76.8971,0.0127218,0,0,0.689597,0.724193
-106.353,76.997,0.025445,0,0,0.690288,0.723535
-106.349,77.0969,0.0381702,0,0,0.691438,0.722436
-106.345,77.1968,0.0485431,0,0,0.69304,0.720899
-106.341,77.2967,0.0402904,0,0,0.694639,0.719358
-106.338,77.3967,0.0320366,0,0,0.695939,0.718101
-106.335,77.4966,0.0237834,0,0,0.69694,0.717129
-106.332,77.5966,0.0155314,0,0,0.697645,0.716444
-106.329,77.6966,0.00728056,0,0,0.698053,0.716046
-106.327,77.7848,6.85216e-18,0,0,0.710658,0.703538
-106.328,77.8848,-0.21843,0,0,0.706807,0.707407
-106.326,77.9848,-0.32474,0,0,0.695796,0.71824
-106.321,78.0846,-0.207516,0,0,0.68618,0.727432
-106.315,78.1845,-0.0905598,0,0,0.68074,0.732525
-106.309,78.2619,-8.05232e-20,0,0,0.690309,0.723515
-106.303,78.3618,-0.443015,0,0,0.682261,0.731109
-106.294,78.4613,-0.395839,0,0,0.662698,0.748887
-106.282,78.5504,-0,0,0,0.709452,0.704753
-106.282,78.6505,-0.0444952,0,0,0.708668,0.705542
-106.283,78.7505,-0.0890298,0,0,0.706309,0.707904
-106.282,78.8504,-0.13334,0,0,0.702359,0.711823
-106.28,78.9504,-0.112633,0,0,0.697969,0.716128
-106.277,79.0503,-0.091891,0,0,0.694299,0.719687
-106.273,79.1503,-0.0711497,0,0,0.69136,0.722511
-106.268,79.2502,-0.0504271,0,0,0.68916,0.724609
-106.263,79.35,-0.0297272,0,0,0.687707,0.725989
-106.257,79.4499,-0.00904445,0,0,0.687002,0.726655
-106.255,79.4936,2.6901e-17,0,0,0.717502,0.696557
-106.257,79.5937,-0.643389,0,0,0.706231,0.707981
-106.252,79.6935,-0.843488,0,0,0.673956,0.738772
-106.24,79.7928,-0.155399,0,0,0.655341,0.755333
-106.237,79.8154,0,0,0,0.665758,0.746168
-106.226,79.9148,0.00372483,0,0,0.665827,0.746106
-106.214,80.0141,0.00744987,0,0,0.666036,0.74592
-106.203,80.1135,0.0111753,0,0,0.666383,0.74561
-106.192,80.2129,0.0149013,0,0,0.666869,0.745175
-106.181,80.3123,0.0186279,0,0,0.667493,0.744616
-106.17,80.4117,0.022355,0,0,0.668256,0.743932
-106.159,80.5112,0.0260826,0,0,0.669156,0.743122
-106.149,80.6106,0.0298104,0,0,0.670194,0.742186
-106.139,80.7101,0.0335379,0,0,0.671368,0.741124
-106.129,80.8096,0.0372645,0,0,0.672679,0.739934
-106.12,80.9092,0.0409894,0,0,0.674125,0.738617
-106.111,81.0088,0.0285902,0,0,0.675423,0.73743
-106.103,81.1084,0.0153902,0,0,0.676234,0.736687
-106.094,81.2081,0.00219205,0,0,0.676557,0.73639
-106.093,81.2246,4.10627e-17,0,0,0.657859,0.753141
-106.08,81.3238,0.301342,0,0,0.66351,0.748167
-106.07,81.4232,0.364249,0,0,0.677861,0.73519
-106.063,81.523,0.227683,0,0,0.688663,0.725082
-106.059,81.623,0.0916807,0,0,0.69443,0.71956
-106.057,81.6907,5.43832e-19,0,0,0.652376,0.757895
-106.042,81.7896,0.0585514,0,0,0.653485,0.75694
-106.028,81.8886,0.11716,0,0,0.656804,0.754062
-106.015,81.9877,0.175794,0,0,0.662308,0.749232
-106.003,82.087,0.104976,0,0,0.66815,0.744026
-105.994,82.1789,1.20877e-17,0,0,0.657938,0.753072
-105.98,82.2781,0.117577,0,0,0.66015,0.751134
-105.968,82.3774,0.235568,0,0,0.666755,0.745277
-105.959,82.4769,0.353655,0,0,0.677658,0.735377
-105.952,82.5766,0.161778,0,0,0.687792,0.725908
-105.949,82.6449,2.74163e-17,0,0,0.691527,0.722351
-105.944,82.7448,-0.355397,0,0,0.685086,0.728462
-105.935,82.8444,-0.396159,0,0,0.668025,0.744139
-105.923,82.9437,-0.0423399,0,0,0.659832,0.751413
-105.922,82.9556,0,0,0,0.673073,0.739576
-105.912,83.0552,-0.00513369,0,0,0.672978,0.739663
-105.903,83.1547,-0.0102677,0,0,0.672693,0.739922
-105.893,83.2543,-0.0154022,0,0,0.672218,0.740353
-105.883,83.3538,-0.0205375,0,0,0.671553,0.740957
-105.874,83.4533,-0.0256733,0,0,0.670696,0.741732
-105.863,83.5528,-0.0308094,0,0,0.669648,0.742678
-105.853,83.6523,-0.0359453,0,0,0.668408,0.743795
-105.842,83.7517,-0.0410798,0,0,0.666974,0.745081
-105.831,83.851,-0.0303156,0,0,0.665602,0.746307
-105.819,83.9504,-0.0169504,0,0,0.664719,0.747093
-105.808,84.0497,-0.00358678,0,0,0.664336,0.747434
-105.804,84.0763,0,0,0,0.687379,0.726299
-105.799,84.1762,-0.0713285,0,0,0.686083,0.727523
-105.793,84.276,-0.10312,0,0,0.682502,0.730884
-105.785,84.3757,-0.0853181,0,0,0.679051,0.734091
-105.777,84.4754,-0.0675046,0,0,0.676242,0.73668
-105.768,84.575,-0.0496952,0,0,0.674081,0.738658
-105.759,84.6745,-0.0318967,0,0,0.672572,0.740031
-105.749,84.7741,-0.0141086,0,0,0.671721,0.740805
-105.741,84.8531,-2.50801e-20,0,0,0.664443,0.747339
-105.73,84.9524,0.045231,0,0,0.665288,0.746587
-105.719,85.0518,0.0523088,0,0,0.667507,0.744604
-105.708,85.1512,0.0100564,0,0,0.668667,0.743562
-105.705,85.1749,0,0,0,0.675506,0.737354
-105.697,85.2745,0.00451127,0,0,0.675589,0.737278
-105.688,85.3741,0.00902257,0,0,0.675839,0.73705
-105.679,85.4737,0.0135339,0,0,0.676254,0.736668
-105.671,85.5734,0.0102293,0,0,0.676709,0.736251
-105.663,85.673,0.00587243,0,0,0.677005,0.735978
-105.654,85.7727,0.0015156,0,0,0.677141,0.735853
-105.651,85.8073,6.93656e-18,0,0,0.672224,0.740348
-105.642,85.9069,0.0593088,0,0,0.673321,0.73935
-105.633,86.0065,0.11867,0,0,0.676604,0.736347
-105.625,86.1062,0.178043,0,0,0.682047,0.731308
-105.619,86.206,0.0802228,0,0,0.687093,0.726569
-105.615,86.2734,-2.70856e-17,0,0,0.65984,0.751406
-105.603,86.3726,0.10337,0,0,0.66178,0.749698
-105.591,86.4719,0.207048,0,0,0.667578,0.74454
-105.581,86.5714,0.310843,0,0,0.67716,0.735836
-105.574,86.6712,0.170997,0,0,0.687024,0.726635
-105.57,86.7505,0,0,0,0.673577,0.739117
-105.561,86.8501,0.0367469,0,0,0.674256,0.738498
-105.552,86.9497,0.0735139,0,0,0.676289,0.736636
-105.544,87.0494,0.110298,0,0,0.679667,0.733521
-105.537,87.1491,0.093513,0,0,0.683511,0.72994
-105.531,87.2489,0.0695038,0,0,0.68648,0.727149
-105.525,87.3488,0.0455042,0,0,0.688568,0.725172
-105.52,87.4487,0.0215204,0,0,0.689782,0.724017
-105.516,87.5383,-9.59526e-17,0,0,0.711888,0.702293
-105.517,87.6384,-0.338013,0,0,0.705934,0.708278
-105.514,87.7383,-0.453459,0,0,0.689547,0.724241
-105.508,87.838,-0.289669,0,0,0.67598,0.73692
-105.498,87.9376,-0.126744,0,0,0.668271,0.743918
-105.489,88.0155,-1.73208e-18,0,0,0.684352,0.729152
-105.483,88.1153,0.0286189,0,0,0.684874,0.728662
-105.477,88.2151,0.0342447,0,0,0.686204,0.727409
-105.471,88.3149,0.0214101,0,0,0.687216,0.726454
-105.466,88.4148,0.00857598,0,0,0.68776,0.725938
-105.462,88.4815,1.37397e-17,0,0,0.688076,0.725639
-105.457,88.5814,-0.118914,0,0,0.685916,0.727681
-105.45,88.6811,-0.158739,0,0,0.680042,0.733173
-105.442,88.7808,-0.0993559,0,0,0.675297,0.737545
-105.433,88.8804,-0.0400133,0,0,0.672724,0.739894
-105.426,88.9475,0,0,0,0.673425,0.739256
-105.417,89.0471,0.0054781,0,0,0.673526,0.739163
-105.408,89.1467,0.0109568,0,0,0.67383,0.738886
-105.398,89.2463,0.0164365,0,0,0.674336,0.738425
-105.389,89.3459,0.0219178,0,0,0.675044,0.737778
-105.381,89.4455,0.0274006,0,0,0.675953,0.736945
-105.372,89.5452,0.0328849,0,0,0.677063,0.735925
-105.364,89.6448,0.0383701,0,0,0.678373,0.734718
-105.356,89.7445,0.0438552,0,0,0.679881,0.733322
-105.349,89.8443,0.0493388,0,0,0.681588,0.731736
-105.342,89.944,0.0489955,0,0,0.683446,0.730001
-105.336,90.0438,0.0407043,0,0,0.685081,0.728467
-105.33,90.1436,0.0324138,0,0,0.686411,0.727213
-105.324,90.2435,0.0241254,0,0,0.687439,0.726242
-105.319,90.3433,0.0158394,0,0,0.688164,0.725555
-105.314,90.4432,0.00755536,0,0,0.688588,0.725153
-105.309,90.5343,0,0,0,0.683669,0.729792
-105.302,90.6341,-0.0066818,0,0,0.683548,0.729906
-105.296,90.7339,-0.013364,0,0,0.683182,0.730248
-105.289,90.8336,-0.020047,0,0,0.682571,0.730819
-105.282,90.9334,-0.0267307,0,0,0.681716,0.731617
-105.275,91.0331,-0.0334148,0,0,0.680616,0.732641
-105.267,91.1329,-0.0400984,0,0,0.679268,0.73389
-105.26,91.2325,-0.0357916,0,0,0.677783,0.735262
-105.251,91.3322,-0.022439,0,0,0.676712,0.736248
-105.243,91.4318,-0.00908789,0,0,0.676132,0.736781
-105.237,91.4997,-5.41782e-17,0,0,0.721914,0.691983
-105.239,91.5999,-1.0599,0,0,0.703435,0.710759
-105.232,91.6992,-1.18344,0,0,0.652584,0.757716
-105.213,91.7976,-0.133841,0,0,0.627419,0.778682
-105.21,91.8104,0,0,0,0.677749,0.735293
-105.202,91.9101,0.0362946,0,0,0.678416,0.734678
-105.194,92.0099,0.0726461,0,0,0.680416,0.732826
-105.187,92.1097,0.10909,0,0,0.68374,0.729726
-105.181,92.2095,0.145619,0,0,0.688372,0.725358
-105.177,92.3094,0.182159,0,0,0.694291,0.719694
-105.174,92.4093,0.21855,0,0,0.701464,0.712705
-105.174,92.5093,0.104678,0,0,0.707793,0.70642
-105.174,92.576,0,0,0,0.674924,0.737887
-105.165,92.6756,0.0304129,0,0,0.675485,0.737374
-105.156,92.7752,0.0608378,0,0,0.677165,0.735831
-105.149,92.8749,0.0912741,0,0,0.679958,0.733251
-105.141,92.9747,0.0820257,0,0,0.683295,0.730143
-105.135,93.0745,0.0609689,0,0,0.6859,0.727696
-105.13,93.1743,0.0399179,0,0,0.687733,0.725963
-105.124,93.2742,0.018877,0,0,0.6888,0.724952
-105.12,93.3638,0,0,0,0.678395,0.734697
-105.112,93.4635,0.0149522,0,0,0.67867,0.734444
-105.104,93.5632,0.0299068,0,0,0.679493,0.733682
-105.097,93.6629,0.0448647,0,0,0.680863,0.732411
-105.09,93.7627,0.0598238,0,0,0.682778,0.730626
-105.083,93.8625,0.0683033,0,0,0.68522,0.728336
-105.077,93.9623,0.0212495,0,0,0.686849,0.7268
-105.075,94.0074,2.73665e-17,0,0,0.712408,0.701765
-105.076,94.1074,-0.32655,0,0,0.70666,0.707553
-105.073,94.2073,-0.486316,0,0,0.690123,0.723692
-105.067,94.307,-0.310683,0,0,0.675575,0.737292
-105.057,94.4066,-0.13594,0,0,0.6673,0.744789
-105.048,94.4845,0,0,0,0.695832,0.718205
-105.045,94.5845,-0.0160703,0,0,0.695543,0.718484
-105.041,94.6844,-0.032144,0,0,0.694677,0.719322
-105.038,94.7844,-0.0482223,0,0,0.69323,0.720716
-105.033,94.8843,-0.0643031,0,0,0.6912,0.722664
-105.029,94.9842,-0.0712021,0,0,0.688619,0.725123
-105.023,95.084,-0.0465327,0,0,0.686482,0.727147
-105.017,95.1838,-0.0218692,0,0,0.685237,0.72832
-105.012,95.2724,0,0,0,0.678021,0.735043
-105.004,95.372,0.0138511,0,0,0.678275,0.734808
-104.996,95.4717,0.0277043,0,0,0.679038,0.734103
-104.988,95.5714,0.0415606,0,0,0.680308,0.732926
-104.981,95.6712,0.0554184,0,0,0.682083,0.731275
-104.974,95.771,0.061712,0,0,0.68433,0.729173
-104.968,95.8708,0.040407,0,0,0.686189,0.727423
-104.963,95.9706,0.0191058,0,0,0.687271,0.726401
-104.958,96.0602,4.64766e-18,0,0,0.666661,0.745361
-104.947,96.1597,0.158368,0,0,0.669609,0.742714
-104.938,96.2593,0.317862,0,0,0.678403,0.73469
-104.931,96.3591,0.47781,0,0,0.692875,0.721057
-104.93,96.459,0.275347,0,0,0.707782,0.706431
-104.931,96.5484,0,0,0,0.686333,0.727287
-104.925,96.6483,-5.87964e-07,0,0,0.686333,0.727287
-104.919,96.7481,-1.17593e-06,0,0,0.686333,0.727287
-104.913,96.8479,-1.76389e-06,0,0,0.686333,0.727287
-104.907,96.9477,-2.35186e-06,0,0,0.686333,0.727287
-104.902,97.0476,-2.15952e-06,0,0,0.686333,0.727288
-104.896,97.1474,-3.95631e-07,0,0,0.686333,0.727288
-104.895,97.1698,0,0,0,0.670263,0.742123
-104.885,97.2694,0.0451834,0,0,0.671102,0.741365
-104.875,97.3691,0.0904772,0,0,0.673615,0.739082
-104.866,97.4688,0.13595,0,0,0.67779,0.735256
-104.859,97.5685,0.181588,0,0,0.683605,0.729852
-104.853,97.6683,0.22725,0,0,0.691026,0.72283
-104.85,97.7682,0.272625,0,0,0.700001,0.714142
-104.849,97.8682,0.131762,0,0,0.707937,0.706275
-104.85,97.9354,0,0,0,0.682009,0.731344
-104.843,98.0352,0.0272118,0,0,0.682506,0.73088
-104.836,98.135,0.0544371,0,0,0.683997,0.729485
-104.83,98.2348,0.0816806,0,0,0.686475,0.727153
-104.825,98.3347,0.108928,0,0,0.689932,0.723874
-104.82,98.4346,0.0978679,0,0,0.693973,0.720001
-104.817,98.5345,0.0559035,0,0,0.696735,0.717328
-104.814,98.6345,0.0139658,0,0,0.697987,0.71611
-104.814,98.6678,6.59453e-18,0,0,0.684745,0.728783
-104.807,98.7676,-0.0196969,0,0,0.684386,0.72912
-104.801,98.8674,-0.0393972,0,0,0.683308,0.730131
-104.794,98.9672,-0.0591007,0,0,0.681508,0.731811
-104.787,99.0669,-0.0788004,0,0,0.678981,0.734156
-104.778,99.1665,-0.00828978,0,0,0.677375,0.735638
-104.777,99.1782,6.28279e-21,0,0,0.710535,0.703661
-104.778,99.2782,-0.474815,0,0,0.702139,0.71204
-104.774,99.3781,-0.262685,0,0,0.687527,0.726159
-104.768,99.4667,0,0,0,0.679762,0.733432
-104.761,99.5664,0.025507,0,0,0.68023,0.732999
-104.754,99.6662,0.0510213,0,0,0.681631,0.731696
-104.747,99.7659,0.076543,0,0,0.683961,0.729519
-104.741,99.8658,0.0933524,0,0,0.687195,0.726473
-104.736,99.9656,0.0374711,0,0,0.689567,0.724222
-104.732,100.033,2.01441e-25,0,0,0.707103,0.707111
-104.732,100.133,-1.12761e-06,0,0,0.707103,0.707111
-104.732,100.233,-1.4954e-06,0,0,0.707103,0.707111
-104.732,100.299,1.20763e-24,0,0,0.651738,0.758444
-104.717,100.398,-4.66372e-07,0,0,0.651738,0.758444
-104.702,100.497,-7.42308e-07,0,0,0.651738,0.758444
-104.687,100.596,-2.75936e-07,0,0,0.651738,0.758444
-104.678,100.654,8.98321e-19,0,0,0.606831,0.794831
-104.653,100.751,0.326175,0,0,0.613288,0.789859
-104.63,100.848,0.55178,0,0,0.632117,0.774873
-104.612,100.946,0.270843,0,0,0.64791,0.761717
-104.597,101.042,1.6198e-18,0,0,0.643478,0.765465
-104.58,101.141,-0.334768,0,0,0.63705,0.770823
-104.561,101.231,0,0,0,0.642734,0.76609
-104.544,101.329,-2.04918e-07,0,0,0.642734,0.76609
-104.527,101.428,-4.09836e-07,0,0,0.642734,0.76609
-104.509,101.526,-6.14754e-07,0,0,0.642734,0.76609
-104.492,101.625,-8.19672e-07,0,0,0.642734,0.76609
-104.474,101.723,-1.02459e-06,0,0,0.642734,0.76609
-104.457,101.822,-7.27313e-07,0,0,0.642734,0.76609
-104.44,101.92,-3.17478e-07,0,0,0.642734,0.76609
-104.426,101.997,1.1089e-19,0,0,0.652999,0.757359
-104.411,102.096,-0.100468,0,0,0.651094,0.758997
-104.395,102.194,-0.201121,0,0,0.645354,0.763884
-104.378,102.293,-0.243175,0,0,0.635915,0.771759
-104.358,102.391,-0.0351351,0,0,0.630531,0.776164
-104.354,102.407,0,0,0,0.654251,0.756277
-104.34,102.506,-0.0837468,0,0,0.652667,0.757645
-104.324,102.605,-0.0930217,0,0,0.648981,0.760805
-104.308,102.704,-0.0795371,0,0,0.645693,0.763597
-104.291,102.802,-0.0660419,0,0,0.64291,0.765942
-104.274,102.901,-0.0525474,0,0,0.640636,0.767844
-104.255,102.999,-0.0390599,0,0,0.638876,0.76931
-104.237,103.097,-0.0255812,0,0,0.637632,0.770341
-104.218,103.195,-0.0121098,0,0,0.636905,0.770942
-104.201,103.284,0,0,0,0.633977,0.773352
-104.181,103.382,0.0126324,0,0,0.634221,0.773152
-104.162,103.48,0.0252666,0,0,0.634954,0.77255
-104.143,103.578,0.0379035,0,0,0.636173,0.771547
-104.124,103.676,0.0505422,0,0,0.637877,0.770138
-104.106,103.775,0.0631792,0,0,0.640064,0.768321
-104.088,103.873,0.0454027,0,0,0.642264,0.766484
-104.07,103.971,0.0200513,0,0,0.643517,0.765432
-104.057,104.049,2.20112e-19,0,0,0.660334,0.750972
-104.044,104.149,-0.206558,0,0,0.656449,0.75437
-104.029,104.247,-0.231565,0,0,0.646958,0.762525
-104.011,104.346,-0.161121,0,0,0.639443,0.768839
-103.992,104.444,-0.0907679,0,0,0.634588,0.772851
-103.973,104.542,-0.0205878,0,0,0.632433,0.774615
-103.967,104.571,0,0,0,0.638949,0.769249
-103.949,104.669,0.0880842,0,0,0.640641,0.767841
-103.931,104.768,0.176301,0,0,0.645702,0.76359
-103.916,104.867,0.193749,0,0,0.65353,0.756901
-103.902,104.966,0.108652,0,0,0.659232,0.751939
-103.889,105.065,0.0236814,0,0,0.661716,0.749754
-103.886,105.092,-1.10321e-18,0,0,0.70229,0.711891
-103.882,105.193,-1.41572,0,0,0.676868,0.736104
-103.865,105.291,-1.04478,0,0,0.614665,0.788788
-103.85,105.348,0,0,0,0.658434,0.752639
-103.836,105.447,-0.0193151,0,0,0.65807,0.752957
-103.823,105.546,-0.038635,0,0,0.656978,0.753909
-103.809,105.645,-0.0579608,0,0,0.655156,0.755494
-103.794,105.744,-0.0745808,0,0,0.652602,0.757701
-103.779,105.843,-0.0596009,0,0,0.650057,0.759886
-103.764,105.941,-0.0446189,0,0,0.648075,0.761577
-103.747,106.04,-0.0296405,0,0,0.64666,0.762779
-103.731,106.139,-0.0146669,0,0,0.645814,0.763495
-103.715,106.235,0,0,0,0.669085,0.743185
-103.704,106.335,-0.0700593,0,0,0.667781,0.744358
-103.693,106.434,-0.140403,0,0,0.663852,0.747864
-103.68,106.534,-0.211159,0,0,0.657251,0.753671
-103.665,106.633,-0.282147,0,0,0.64791,0.761717
-103.648,106.731,-0.352704,0,0,0.635746,0.771898
-103.627,106.829,-0.152563,0,0,0.624558,0.780979
-103.616,106.879,1.47397e-17,0,0,0.667762,0.744375
-103.603,106.978,-0.870247,0,0,0.651461,0.758682
-103.583,107.076,-0.651368,0,0,0.614768,0.788708
-103.561,107.156,2.33679e-22,0,0,0.558535,0.829481
-103.524,107.249,9.75338e-06,0,0,0.558535,0.829481
-103.486,107.342,8.52498e-06,0,0,0.558536,0.82948
-103.453,107.423,0,0,0,0.53339,0.84587
-103.41,107.513,-0.160516,0,0,0.529989,0.848005
-103.365,107.602,-0.323033,0,0,0.519705,0.854346
-103.318,107.69,-0.484511,0,0,0.502321,0.864681
-103.266,107.776,-0.417268,0,0,0.482753,0.875756
-103.211,107.859,-0.348096,0,0,0.465953,0.884809
-103.154,107.94,-0.278677,0,0,0.452049,0.891993
-103.093,108.02,-0.209954,0,0,0.441111,0.897453
-103.031,108.099,-0.142272,0,0,0.43317,0.901312
-102.968,108.177,-0.0755464,0,0,0.428233,0.903668
-102.904,108.255,-0.00940843,0,0,0.426303,0.90458
-102.895,108.266,0,0,0,0.419603,0.907708
-102.83,108.342,0.186371,0,0,0.423828,0.905742
-102.767,108.42,0.37423,0,0,0.436475,0.899717
-102.707,108.5,0.459418,0,0,0.456753,0.889594
-102.65,108.582,0.28481,0,0,0.473213,0.880948
-102.596,108.666,0.111374,0,0,0.481915,0.876218
-102.562,108.721,1.99383e-17,0,0,0.366999,0.930222
-102.49,108.791,1.1542,0,0,0.393536,0.919309
-102.426,108.867,0.918906,0,0,0.453336,0.89134
-102.382,108.932,0,0,0,0.363309,0.931669
-102.308,109,0.0901391,0,0,0.365407,0.930848
-102.235,109.068,0.180467,0,0,0.371695,0.928355
-102.164,109.138,0.212096,0,0,0.381593,0.924331
-102.093,109.209,0.157525,0,0,0.390115,0.920766
-102.024,109.281,0.10298,0,0,0.396103,0.918206
-101.956,109.354,0.0485624,0,0,0.39958,0.916698
-101.895,109.42,0,0,0,0.400993,0.916081
-101.827,109.494,0.0502997,0,0,0.402145,0.915576
-101.76,109.567,0.100696,0,0,0.405599,0.914051
-101.693,109.642,0.15123,0,0,0.411348,0.911479
-101.628,109.717,0.201824,0,0,0.419374,0.907814
-101.564,109.794,0.195552,0,0,0.428961,0.903323
-101.501,109.872,0.140335,0,0,0.436528,0.89969
-101.44,109.951,0.0852238,0,0,0.441595,0.897215
-101.379,110.031,0.0302567,0,0,0.444184,0.895936
-101.346,110.075,2.13414e-17,0,0,0.411453,0.911431
-101.278,110.15,-0.535699,0,0,0.399204,0.916862
-101.208,110.22,-1.09684,0,0,0.361552,0.932352
-101.13,110.283,-1.11835,0,0,0.301052,0.953608
-101.046,110.337,-0.0779412,0,0,0.27259,0.96213
-101.039,110.341,1.92583e-19,0,0,0.381524,0.924359
-100.966,110.41,-1.80298,0,0,0.339999,0.940426
-100.884,110.465,-1.18892,0,0,0.249405,0.968399
-100.823,110.496,0,0,0,0.26364,0.964621
-100.737,110.547,-0.0966376,0,0,0.261306,0.965256
-100.65,110.597,-0.193792,0,0,0.254288,0.967129
-100.563,110.645,-0.291573,0,0,0.242538,0.970142
-100.474,110.691,-0.389264,0,0,0.226003,0.974127
-100.383,110.733,-0.272145,0,0,0.209253,0.977861
-100.292,110.773,-0.126602,0,0,0.199498,0.979898
-100.211,110.807,-2.95231e-17,0,0,0.210514,0.977591
-100.119,110.847,-0.977002,0,0,0.186675,0.982422
-100.024,110.878,-0.834746,0,0,0.12917,0.991622
-99.9497,110.896,0,0,0,0.108019,0.994149
-99.8507,110.917,-0.28577,0,0,0.100865,0.9949
-99.7518,110.935,-0.584404,0,0,0.0791447,0.996863
-99.6528,110.948,-0.898283,0,0,0.0422743,0.999106
-99.5537,110.951,-1.14241,-0,-0,-0.00987557,0.999951
-99.4544,110.944,-0.707736,-0,-0,-0.0558459,0.998439
-99.3551,110.93,-0.290738,-0,-0,-0.080715,0.996737
-99.2831,110.918,-1.35293e-18,-0,-0,-0.0789683,0.996877
-99.1845,110.901,-0.591024,-0,-0,-0.0936702,0.995603
-99.087,110.879,-0.364736,-0,-0,-0.123118,0.992392
-99.0219,110.862,0,-0,-0,-0.147801,0.989017
-98.9259,110.833,0.0603832,-0,-0,-0.146303,0.98924
-98.8298,110.805,0.121105,-0,-0,-0.141801,0.989895
-98.7334,110.777,0.182407,-0,-0,-0.134273,0.990944
-98.6367,110.751,0.244331,-0,-0,-0.123691,0.992321
-98.5395,110.728,0.306611,-0,-0,-0.110024,0.993929
-98.4418,110.708,0.368556,-0,-0,-0.093261,0.995642
-98.3434,110.691,0.364377,-0,-0,-0.0739095,0.997265
-98.2443,110.678,0.212678,-0,-0,-0.0595299,0.998227
-98.1448,110.667,0.0624641,-0,-0,-0.0526627,0.998612
-98.1032,110.663,-2.78706e-17,-0,-0,-0.0331667,0.99945
-98.0035,110.655,-0.805105,-0,-0,-0.0532318,0.998582
-97.9047,110.64,-0.433312,-0,-0,-0.0919069,0.995768
-97.851,110.629,-3.36553e-18,-0,-0,-0.110509,0.993875
-97.7535,110.607,0.0442271,-0,-0,-0.10941,0.993997
-97.6558,110.586,0.0884654,-0,-0,-0.106112,0.994354
-97.558,110.565,0.0709704,-0,-0,-0.101254,0.994861
-97.4908,110.552,-9.57407e-17,-0,-0,-0.0352742,0.999378
-97.3911,110.544,-0.646604,-0,-0,-0.05139,0.998679
-97.2922,110.53,-0.566331,-0,-0,-0.0864652,0.996255
-97.194,110.51,-0.221507,-0,-0,-0.106056,0.99436
-97.1305,110.496,5.99135e-20,-0,-0,-0.0348879,0.999391
-97.0308,110.488,-0.675198,-0,-0,-0.0517252,0.998661
-96.9318,110.474,-0.3955,-0,-0,-0.0847605,0.996401
-96.8693,110.463,0,-0,-0,-0.0360978,0.999348
-96.7695,110.455,-0.145704,-0,-0,-0.0397378,0.99921
-96.6699,110.447,-0.292185,-0,-0,-0.0506692,0.998715
-96.5707,110.435,-0.331633,-0,-0,-0.0676493,0.997709
-96.4719,110.42,-0.248582,-0,-0,-0.0821048,0.996624
-96.3734,110.402,-0.165625,-0,-0,-0.0924192,0.99572
-96.2752,110.383,-0.0831553,-0,-0,-0.0986137,0.995126
-96.177,110.363,-0.00105752,-0,-0,-0.100711,0.994916
-96.1758,110.363,0,-0,-0,-0.0926233,0.995701
-96.0775,110.345,0.0240573,-0,-0,-0.0920244,0.995757
-95.9791,110.326,0.0481245,-0,-0,-0.0902272,0.995921
-95.8807,110.309,0.0722052,-0,-0,-0.0872309,0.996188
-95.7822,110.292,0.0962907,-0,-0,-0.0830341,0.996547
-95.6835,110.276,0.0885333,-0,-0,-0.0781176,0.996944
-95.5846,110.261,0.0602045,-0,-0,-0.0744102,0.997228
-95.4857,110.246,0.0318897,-0,-0,-0.072114,0.997396
-95.3867,110.232,0.00358839,-0,-0,-0.0712293,0.99746
-95.3742,110.23,6.6158e-18,-0,-0,-0.0487496,0.998811
-95.2747,110.22,-0.242969,-0,-0,-0.0548139,0.998497
-95.1754,110.208,-0.188238,-0,-0,-0.0662166,0.997805
-95.0764,110.194,-0.105228,-0,-0,-0.0735349,0.997293
-94.9775,110.179,-0.02236,-0,-0,-0.0767158,0.997053
-94.9508,110.174,1.50221e-18,-0,-0,-0.0973658,0.995249
-94.8526,110.156,0.326335,-0,-0,-0.089247,0.99601
-94.7539,110.14,0.255964,-0,-0,-0.072842,0.997343
-94.6548,110.126,0.0914474,-0,-0,-0.0641784,0.997938
-94.5996,110.119,0,-0,-0,-0.0881221,0.99611
-94.5011,110.101,0.0199712,-0,-0,-0.0876246,0.996154
-94.4026,110.084,0.0399539,-0,-0,-0.0861318,0.996284
-94.304,110.067,0.0599559,-0,-0,-0.0836428,0.996496
-94.2053,110.051,0.0799779,-0,-0,-0.0801563,0.996782
-94.1066,110.035,0.10001,-0,-0,-0.0756709,0.997133
-94.0077,110.021,0.120027,-0,-0,-0.0701857,0.997534
-93.9086,110.007,0.0989783,-0,-0,-0.0646047,0.997911
-93.8094,109.995,0.0725072,-0,-0,-0.0603264,0.998179
-93.7101,109.983,0.0460596,-0,-0,-0.0573673,0.998353
-93.6107,109.972,0.0196377,-0,-0,-0.0557273,0.998446
-93.5367,109.964,2.73446e-17,-0,-0,-0.0993794,0.99505
-93.4385,109.945,0.498171,-0,-0,-0.0869993,0.996208
-93.3397,109.93,0.461649,-0,-0,-0.0605162,0.998167
-93.2403,109.92,0.296085,-0,-0,-0.0416068,0.999134
-93.1404,109.913,0.131917,-0,-0,-0.0309092,0.999522
-93.0594,109.908,0,-0,-0,-0.0696872,0.997569
-92.9603,109.894,0.0342295,-0,-0,-0.0688335,0.997628
-92.8613,109.881,0.0684688,-0,-0,-0.066272,0.997802
-92.7621,109.868,0.0744975,-0,-0,-0.0623854,0.998052
-92.6628,109.856,0.0570064,-0,-0,-0.059104,0.998252
-92.5635,109.844,0.0395158,-0,-0,-0.056695,0.998392
-92.4641,109.833,0.0220307,-0,-0,-0.0551587,0.998478
-92.3647,109.822,0.00455044,-0,-0,-0.0544952,0.998514
-92.3388,109.819,-1.53202e-16,-0,-0,-0.316199,0.948693
-92.2564,109.762,2.28299,-0,-0,-0.263381,0.964692
-92.1667,109.723,2.18277,-0,-0,-0.143067,0.989713
-92.0694,109.704,1.29314,-0,-0,-0.0576091,0.998339
-91.9671,109.698,0.540871,-0,-0,-0.0114225,0.999935
-91.8795,109.697,0,-0,-0,-0.089,0.996032
-91.781,109.68,0.146973,-0,-0,-0.0853406,0.996352
-91.6824,109.664,0.166015,-0,-0,-0.0766481,0.997058
-91.5834,109.649,0.135038,-0,-0,-0.0691434,0.997607
-91.4843,109.636,0.10403,-0,-0,-0.0631803,0.998002
-91.385,109.624,0.0730559,-0,-0,-0.0587609,0.998272
-91.2857,109.612,0.0421358,-0,-0,-0.055885,0.998437
-91.1862,109.601,0.011258,-0,-0,-0.0545515,0.998511
-91.1499,109.597,0,-0,-0,-0.0999003,0.994997
-91.0518,109.578,0.135306,-0,-0,-0.0965342,0.99533
-90.9535,109.559,0.271079,-0,-0,-0.0864201,0.996259
-90.8548,109.544,0.268268,-0,-0,-0.0716595,0.997429
-90.7557,109.531,0.178973,-0,-0,-0.060506,0.998168
-90.6563,109.519,0.0899384,-0,-0,-0.0537937,0.998552
-90.5568,109.509,0.00119608,-0,-0,-0.0515176,0.998672
-90.5555,109.509,0,-0,-0,-0.104571,0.994517
-90.4576,109.488,0.0196825,-0,-0,-0.104081,0.994569
-90.3597,109.467,0.0393775,-0,-0,-0.102612,0.994721
-90.2618,109.447,0.0590939,-0,-0,-0.100163,0.994971
-90.1637,109.427,0.078834,-0,-0,-0.0967313,0.995311
-90.0655,109.409,0.0985895,-0,-0,-0.0923163,0.99573
-89.9671,109.391,0.118339,-0,-0,-0.0869163,0.996216
-89.8686,109.374,0.107918,-0,-0,-0.0810975,0.996706
-89.7698,109.358,0.0876904,-0,-0,-0.0762236,0.997091
-89.6709,109.344,0.0674715,-0,-0,-0.0723555,0.997379
-89.5719,109.329,0.0472749,-0,-0,-0.0694939,0.997582
-89.4728,109.316,0.0271022,-0,-0,-0.0676384,0.99771
-89.3737,109.302,0.00694612,-0,-0,-0.0667889,0.997767
-89.3395,109.298,-3.23644e-18,-0,-0,-0.0928168,0.995683
-89.2413,109.279,0.0141147,-0,-0,-0.0924654,0.995716
-89.1429,109.261,0.0282304,-0,-0,-0.0914113,0.995813
-89.0446,109.243,0.0423468,-0,-0,-0.0896541,0.995973
-88.9462,109.225,0.0381342,-0,-0,-0.087347,0.996178
-88.8532,109.209,0,-0,-0,-0.0609427,0.998141
-88.7537,109.197,-0.0798603,-0,-0,-0.0629382,0.998017
-88.6545,109.184,-0.160105,-0,-0,-0.0689298,0.997622
-88.5555,109.169,-0.24089,-0,-0,-0.0789289,0.99688
-88.457,109.152,-0.321905,-0,-0,-0.0929395,0.995672
-88.3592,109.132,-0.402133,-0,-0,-0.110937,0.993827
-88.262,109.108,-0.117262,-0,-0,-0.123951,0.992288
-88.2227,109.098,6.82555e-17,-0,-0,-0.132894,0.99113
-88.1264,109.071,-0.42283,-0,-0,-0.14335,0.989672
-88.0313,109.04,-0.40797,-0,-0,-0.166217,0.986089
-87.9375,109.006,-0.269927,-0,-0,-0.182898,0.983132
-87.8445,108.969,-0.13271,-0,-0,-0.192787,0.981241
-87.7543,108.932,-8.58706e-19,-0,-0,-0.185296,0.982683
-87.6609,108.896,0.398339,-0,-0,-0.175505,0.984478
-87.5664,108.863,0.141807,-0,-0,-0.158121,0.98742
-87.5382,108.854,0,-0,-0,-0.272499,0.962156
-87.4525,108.802,0.288203,-0,-0,-0.265557,0.964095
-87.3656,108.752,0.584009,-0,-0,-0.24451,0.969647
-87.2764,108.708,0.745413,-0,-0,-0.209928,0.977717
-87.1842,108.67,0.584264,-0,-0,-0.177441,0.984131
-87.0898,108.638,0.421557,-0,-0,-0.152687,0.988275
-86.9936,108.609,0.262771,-0,-0,-0.135729,0.990746
-86.8964,108.583,0.108518,-0,-0,-0.126481,0.991969
-86.8266,108.565,0,-0,-0,-0.170005,0.985443
-86.7324,108.532,-0.0332867,-0,-0,-0.170825,0.985301
-86.6383,108.498,-0.0666091,-0,-0,-0.173286,0.984872
-86.5444,108.463,-0.0999864,-0,-0,-0.177387,0.984141
-86.4509,108.428,-0.133404,-0,-0,-0.183125,0.98309
-86.3579,108.391,-0.166799,-0,-0,-0.190496,0.981688
-86.2655,108.353,-0.130577,-0,-0,-0.197946,0.980213
-86.1735,108.314,-0.087226,-0,-0,-0.203279,0.979121
-86.0819,108.274,-0.0439437,-0,-0,-0.206489,0.978449
-85.9905,108.233,-0.000714673,-0,-0,-0.207582,0.978218
-85.989,108.232,-7.03005e-19,-0,-0,-0.147397,0.989077
-85.8933,108.203,-0.124101,-0,-0,-0.150466,0.988615
-85.798,108.173,-0.248817,-0,-0,-0.159677,0.987169
-85.7036,108.14,-0.373897,-0,-0,-0.175021,0.984565
-85.6105,108.103,-0.25465,-0,-0,-0.193524,0.981096
-85.5476,108.077,-1.27992e-16,-0,-0,-0.370666,0.928766
-85.4739,108.009,0.985946,-0,-0,-0.347797,0.93757
-85.3947,107.949,0.996144,-0,-0,-0.293194,0.956053
-85.3097,107.896,0.507699,-0,-0,-0.257119,0.96638
-85.2215,107.848,0.0374941,-0,-0,-0.243916,0.969796
-85.2144,107.844,0,-0,-0,-0.173207,0.984885
-85.1204,107.81,-0.0164582,-0,-0,-0.173612,0.984814
-85.0265,107.776,-0.0329184,-0,-0,-0.174828,0.984599
-84.9326,107.741,-0.0405939,-0,-0,-0.176764,0.984253
-84.839,107.706,-0.0356856,-0,-0,-0.178641,0.983914
-84.7454,107.671,-0.0307762,-0,-0,-0.180275,0.983616
-84.652,107.635,-0.0258664,-0,-0,-0.181668,0.98336
-84.5586,107.599,-0.0209569,-0,-0,-0.182819,0.983147
-84.4653,107.563,-0.0160481,-0,-0,-0.183728,0.982977
-84.3721,107.527,-0.0111399,-0,-0,-0.184397,0.982852
-84.2789,107.491,-0.00623231,-0,-0,-0.184823,0.982772
-84.1857,107.454,-0.00132508,-0,-0,-0.185009,0.982737
-84.1606,107.445,-6.33073e-17,-0,-0,-0.137801,0.99046
-84.0648,107.416,-1.04996,-0,-0,-0.163681,0.986513
-83.9719,107.379,-0.302443,-0,-0,-0.202667,0.979248
-83.9444,107.367,8.38677e-17,-0,-0,-0.0440211,0.999031
-83.8449,107.357,-0.726665,-0,-0,-0.062109,0.998069
-83.7464,107.341,-0.584486,-0,-0,-0.0966442,0.995319
-83.6488,107.319,-0.356601,-0,-0,-0.120018,0.992772
-83.5518,107.294,-0.132307,-0,-0,-0.132154,0.991229
-83.4941,107.278,2.10554e-21,-0,-0,-2.77207e-06,1
-83.3941,107.278,-3.58802e-05,-0,-0,-3.66907e-06,1
-83.2941,107.278,-1.23962e-05,-0,-0,-4.99594e-06,1
-83.2509,107.278,0,-0,-0,-0.367975,0.929836
-83.1765,107.209,0.240221,-0,-0,-0.362316,0.932055
-83.1008,107.142,0.49184,-0,-0,-0.345073,0.938576
-83.0226,107.079,0.760338,-0,-0,-0.315539,0.948913
-82.9406,107.023,1.03669,-0,-0,-0.272906,0.962041
-82.8537,106.976,1.07197,-0,-0,-0.218603,0.975814
-82.7618,106.938,0.621686,-0,-0,-0.177359,0.984146
-82.6668,106.905,0.197942,-0,-0,-0.157165,0.987572
-82.6204,106.89,0,-0,-0,-0.140436,0.99009
-82.5244,106.862,-0.00800025,-0,-0,-0.140634,0.990062
-82.4283,106.834,-0.0118787,-0,-0,-0.141187,0.989983
-82.3323,106.806,-0.00972196,-0,-0,-0.141721,0.989907
-82.2364,106.778,-0.00756517,-0,-0,-0.142149,0.989845
-82.1404,106.75,-0.00540839,-0,-0,-0.14247,0.989799
-82.0445,106.722,-0.00325162,-0,-0,-0.142685,0.989768
-81.9485,106.693,-0.00109487,-0,-0,-0.142792,0.989753
-81.8999,106.679,0,-0,-0,-0.198409,0.980119
-81.8066,106.642,1.46218,-0,-0,-0.163218,0.98659
-81.7112,106.619,1.66242,-0,-0,-0.0780487,0.99695
-81.6135,106.611,1.28108,-0,-0,-0.00569362,0.999984
-81.5139,106.615,0.889521,0,0,0.0482674,0.998834
-81.4129,106.629,0.541488,0,0,0.0844241,0.99643
-81.311,106.649,0.237859,0,0,0.104393,0.994536
-81.2243,106.668,7.4804e-18,-0,-0,-0.285663,0.95833
-81.1398,106.614,0.751116,-0,-0,-0.267704,0.963501
-81.0522,106.567,0.973447,-0,-0,-0.219651,0.975578
-80.9604,106.528,0.671886,-0,-0,-0.17946,0.983765
-80.8656,106.495,0.37544,-0,-0,-0.153635,0.988128
-80.7692,106.466,0.090432,-0,-0,-0.142069,0.989857
-80.738,106.457,1.08652e-18,-0,-0,-0.0851465,0.996368
-80.6378,106.444,2.56746,-0,-0,-0.0225027,0.999747
-80.5393,106.455,0.605017,0,0,0.117498,0.993073
-80.5308,106.457,9.54877e-17,0,0,0.281901,0.959444
-80.418,106.523,-2.99621,0,0,0.210077,0.977685
-80.3246,106.535,-16.1828,-0,-0,-0.196045,0.980595
-80.2966,106.513,5.17924e-20,0,0,0.78104,0.624481
-80.2879,106.612,-34.725,0,0,0.048557,0.99882
