x,y,z,w0,w1,w2,w3
-96.1938,110.385,0,-0,-0,-0.416234,0.909258
-96.1938,110.385,0,-0,-0,-0.11481,0.993388
-96.0962,110.362,-0.293283,-0,-0,-0.122096,0.992518
-95.9996,110.336,-0.593428,-0,-0,-0.144044,0.989571
-95.9051,110.304,-0.834754,-0,-0,-0.180549,0.983566
-95.8132,110.265,-0.529953,-0,-0,-0.213923,0.976851
-95.7231,110.221,-0.229907,-0,-0,-0.23243,0.972613
-95.6534,110.186,-2.03312e-20,-0,-0,-0.141421,0.98995
-95.5636,110.141,-11.2434,-0,-0,-0.403997,0.91476
-95.5543,110.13,8.85962e-18,-0,-0,-0.122038,0.992525
-95.4572,110.106,0.0958742,-0,-0,-0.119659,0.992815
-95.36,110.083,0.100861,-0,-0,-0.113891,0.993493
-95.2625,110.061,0.0473673,-0,-0,-0.110208,0.993908
-95.176,110.041,1.15317e-18,0,0,0.0112941,0.999936
-95.076,110.042,-0.74498,-0,-0,-0.00729132,0.999973
-94.9762,110.037,-0.489288,-0,-0,-0.0469202,0.998899
-94.9148,110.03,2.69932e-17,-0,-0,-0.0705483,0.997508
-94.8153,110.019,2.0596,-0,-0,-0.0196888,0.999806
-94.7157,110.025,0.709373,0,0,0.0642904,0.997931
-94.6806,110.03,-1.38467e-17,-0,-0,-0.0387573,0.999249
-94.5811,110.02,-1.26586,-0,-0,-0.0702527,0.997529
-94.483,110.001,-0.234858,-0,-0,-0.11249,0.993653
-94.4645,109.997,1.38206e-17,-0,-0,-0.0977948,0.995207
-94.3661,109.979,0.79593,-0,-0,-0.0780163,0.996952
-94.2668,109.967,0.438296,-0,-0,-0.0391461,0.999233
-94.2123,109.964,-1.70885e-18,-0,-0,-0.0495556,0.998771
-94.1128,109.954,-0.04019,-0,-0,-0.0505591,0.998721
-94.0133,109.943,-0.080384,-0,-0,-0.0535694,0.998564
-93.9139,109.932,-0.0148896,-0,-0,-0.056404,0.998408
-93.897,109.93,4.77194e-19,-0,-0,-0.035962,0.999353
-93.7975,109.921,-1.55498,-0,-0,-0.0745964,0.997214
-93.6998,109.899,-0.167574,-0,-0,-0.123634,0.992328
-93.6899,109.897,-5.83802e-19,-0,-0,-0.0644468,0.997921
-93.5904,109.886,1.36264,-0,-0,-0.0305388,0.999534
-93.4904,109.886,0.114513,0,0,0.0119331,0.999929
-93.4827,109.886,-1.29558e-17,-0,-0,-0.084726,0.996404
-93.384,109.869,0.211351,-0,-0,-0.0794611,0.996838
-93.2851,109.855,0.423333,-0,-0,-0.0636373,0.997973
-93.1857,109.844,0.116417,-0,-0,-0.0477491,0.998859
-93.1585,109.842,-8.39074e-22,-0,-0,-0.0511348,0.998692
-93.059,109.831,-1.45441e-05,-0,-0,-0.0511351,0.998692
-92.9595,109.821,-2.51639e-06,-0,-0,-0.0511356,0.998692
-92.9423,109.819,4.43847e-19,-0,-0,-0.11767,0.993053
-92.8442,109.799,2.0853,-0,-0,-0.0663445,0.997797
-92.7445,109.796,0.612548,0,0,0.0178434,0.999841
-92.7171,109.797,6.58508e-19,-0,-0,-0.0629075,0.998019
-92.6179,109.784,-0.164247,-0,-0,-0.0670046,0.997753
-92.519,109.77,-0.328927,-0,-0,-0.079299,0.996851
-92.4205,109.752,-0.181674,-0,-0,-0.0948481,0.995492
-92.3659,109.742,2.06282e-17,0,0,0.0112757,0.999936
-92.2658,109.742,-1.16389,-0,-0,-0.0177375,0.999843
-92.1662,109.734,-0.272989,-0,-0,-0.0577334,0.998332
-92.1407,109.731,1.56774e-19,-0,-0,-0.072536,0.997366
-92.0417,109.716,-0.192735,-0,-0,-0.07734,0.997005
-91.9432,109.699,-0.38586,-0,-0,-0.0917517,0.995782
-91.8452,109.679,-0.0738534,-0,-0,-0.104418,0.994534
-91.8254,109.675,-6.13854e-19,-0,-0,-0.0357447,0.999361
-91.7258,109.666,-1.00114,-0,-0,-0.0606762,0.998158
-91.6273,109.649,-0.36153,-0,-0,-0.101805,0.994804
-91.5913,109.642,-2.00611e-19,-0,-0,-0.0381433,0.999272
-91.4916,109.634,-0.184507,-0,-0,-0.0427516,0.999086
-91.392,109.624,-0.101753,-0,-0,-0.0522732,0.998633
-91.3481,109.62,1.91917e-18,-0,-0,-0.168602,0.985684
-91.2533,109.588,0.807498,-0,-0,-0.148698,0.988883
-91.1568,109.561,0.225342,-0,-0,-0.121572,0.992583
-91.1229,109.553,5.20737e-17,-0,-0,-0.0724599,0.997371
-91.0243,109.536,-1.80994,-0,-0,-0.117083,0.993122
-90.9298,109.504,-0.751412,-0,-0,-0.193793,0.981042
-90.8887,109.486,-1.34342e-17,-0,-0,-0.073915,0.997265
-90.79,109.47,-0.965084,-0,-0,-0.0978784,0.995198
-90.6932,109.446,-0.502722,-0,-0,-0.144226,0.989545
-90.6455,109.431,-3.07627e-18,-0,-0,-0.1233,0.992369
-90.5487,109.406,-0.38423,-0,-0,-0.132822,0.99114
-90.4528,109.377,-0.19264,-0,-0,-0.151431,0.988468
-90.4114,109.364,1.3089e-17,-0,-0,-0.0721867,0.997391
-90.3125,109.349,-0.587903,-0,-0,-0.0868082,0.996225
-90.2148,109.328,-0.604302,-0,-0,-0.121708,0.992566
-90.1184,109.302,-0.282718,-0,-0,-0.143671,0.989625
-90.0331,109.276,-1.89201e-18,-0,-0,-0.117378,0.993087
-89.9358,109.252,0.105937,-0,-0,-0.114747,0.993395
-89.8382,109.23,0.212072,-0,-0,-0.106847,0.994275
-89.7403,109.21,0.210386,-0,-0,-0.0950162,0.995476
-89.6419,109.192,0.103298,-0,-0,-0.0872077,0.99619
-89.5467,109.176,3.35496e-19,-0,-0,-0.101204,0.994866
-89.4488,109.155,-0.12413,-0,-0,-0.104291,0.994547
-89.3511,109.134,-0.248524,-0,-0,-0.113551,0.993532
-89.254,109.11,-0.218013,-0,-0,-0.127365,0.991856
-89.1684,109.087,-2.62573e-17,-0,-0,-0.149902,0.988701
-89.072,109.06,1.52754,-0,-0,-0.112353,0.993668
-88.9733,109.046,0.886921,-0,-0,-0.0357212,0.999362
-88.9162,109.043,6.18795e-24,-0,-0,-0.168421,0.985715
-88.8219,109.009,-6.10225e-07,-0,-0,-0.168421,0.985715
-88.7276,108.976,-4.11047e-07,-0,-0,-0.168421,0.985715
-88.664,108.954,2.68865e-22,-0,-0,-0.205772,0.9786
-88.5725,108.913,-7.47981e-06,-0,-0,-0.205772,0.9786
-88.481,108.873,-5.6491e-06,-0,-0,-0.205772,0.9786
-88.4118,108.843,8.22267e-17,-0,-0,-0.180425,0.983589
-88.3187,108.806,-0.757911,-0,-0,-0.198964,0.980007
-88.2288,108.763,-0.86165,-0,-0,-0.24583,0.969313
-88.1426,108.712,-0.394609,-0,-0,-0.276102,0.961128
-88.0696,108.665,-3.32031e-18,-0,-0,-0.133444,0.991056
-87.9733,108.638,-0.377487,-0,-0,-0.142787,0.989754
-87.878,108.608,-0.206452,-0,-0,-0.160162,0.987091
-87.8174,108.588,-3.42293e-17,-0,-0,-0.192678,0.981262
-87.7242,108.551,0.977791,-0,-0,-0.168712,0.985665
-87.6284,108.523,0.519763,-0,-0,-0.122726,0.992441
-87.5742,108.51,8.72509e-17,-0,-0,-0.0977107,0.995215
-87.4765,108.487,-2.25579,-0,-0,-0.15264,0.988282
-87.3864,108.445,-1.38911,-0,-0,-0.265002,0.964248
-87.331,108.41,6.2024e-19,-0,-0,-0.183136,0.983088
-87.2376,108.374,0.230154,-0,-0,-0.177479,0.984125
-87.1434,108.341,0.234101,-0,-0,-0.164639,0.986354
-87.0485,108.309,0.161403,-0,-0,-0.15488,0.987933
-86.9531,108.279,0.0888242,-0,-0,-0.148696,0.988883
-86.8574,108.25,0.0164309,-0,-0,-0.146093,0.989271
-86.8356,108.244,5.85881e-17,-0,-0,-0.211852,0.977302
-86.7443,108.203,0.393699,-0,-0,-0.202234,0.979337
-86.6516,108.165,0.456648,-0,-0,-0.178295,0.983977
-86.5574,108.132,0.315856,-0,-0,-0.159271,0.987235
-86.462,108.102,0.175754,-0,-0,-0.147124,0.989118
-86.3659,108.074,0.03694,-0,-0,-0.141857,0.989887
-86.3402,108.066,-2.27935e-17,-0,-0,-0.1592,0.987246
-86.2456,108.034,-0.628909,-0,-0,-0.174678,0.984626
-86.1531,107.996,-0.435269,-0,-0,-0.207593,0.978215
-86.0881,107.966,1.22947e-17,-0,-0,-0.207728,0.978187
-85.9965,107.926,0.161278,-0,-0,-0.203783,0.979016
-85.9044,107.887,0.322901,-0,-0,-0.191919,0.981411
-85.8112,107.851,0.146891,-0,-0,-0.178276,0.98398
-85.7638,107.833,1.93937e-22,-0,-0,-0.138059,0.990424
-85.6676,107.806,1.68281e-05,-0,-0,-0.138059,0.990424
-85.5714,107.778,7.31359e-06,-0,-0,-0.138058,0.990424
-85.5296,107.766,-4.58624e-17,-0,-0,-0.109963,0.993936
-85.4324,107.742,-1.34343,-0,-0,-0.143057,0.989714
-85.3392,107.707,-0.860012,-0,-0,-0.210956,0.977496
-85.2774,107.678,-2.40828e-17,-0,-0,-0.155124,0.987895
-85.1831,107.644,-1.97603,-0,-0,-0.203176,0.979142
-85.0961,107.595,-0.710334,-0,-0,-0.287891,0.957663
-85.0703,107.578,8.09614e-17,-0,-0,-0.258496,0.966012
-84.9819,107.531,2.01204,-0,-0,-0.210176,0.977664
-84.8874,107.499,0.849386,-0,-0,-0.122991,0.992408
-84.8451,107.489,-2.69872e-17,-0,-0,-0.258494,0.966013
-84.7567,107.442,2.01206,-0,-0,-0.210173,0.977664
-84.6622,107.41,0.849365,-0,-0,-0.122989,0.992408
-84.6199,107.4,1.31124e-17,-0,-0,-0.15041,0.988624
-84.5239,107.372,1.01543,-0,-0,-0.125347,0.992113
-84.426,107.352,0.477801,-0,-0,-0.0798384,0.996808
-84.3767,107.345,1.35433e-19,-0,-0,-0.0419194,0.999121
-84.2771,107.336,-0.146434,-0,-0,-0.0455765,0.998961
-84.1776,107.326,-0.0601027,-0,-0,-0.0522788,0.998633
-84.1426,107.323,-1.48414e-17,-0,-0,-0.0705961,0.997505
-84.0438,107.307,-1.21212,-0,-0,-0.100646,0.994922
-83.9475,107.28,-0.560006,-0,-0,-0.157507,0.987518
-83.9084,107.267,-1.43925e-18,-0,-0,-0.186635,0.982429
-83.8145,107.232,1.25157,-0,-0,-0.155974,0.987761
-83.7176,107.208,0.662267,-0,-0,-0.0931296,0.995654
-83.6742,107.201,2.65769e-18,-0,-0,-0.205023,0.978757
-83.582,107.161,0.483457,-0,-0,-0.193182,0.981163
-83.4883,107.126,0.977651,-0,-0,-0.157253,0.987558
-83.395,107.101,3.03728e-17,-0,-0,-0.164462,0.986383
-83.3004,107.067,-0.461348,-0,-0,-0.175822,0.984422
-83.2077,107.03,-0.932385,-0,-0,-0.209972,0.977707
-83.1188,106.985,-0.41752,-0,-0,-0.252744,0.967533
-83.0888,106.967,-4.87893e-17,-0,-0,-0.262056,0.965053
-83.0031,106.916,-0.815933,-0,-0,-0.281609,0.959529
-82.9218,106.858,-0.779917,-0,-0,-0.325099,0.94568
-82.8451,106.794,-0.421361,-0,-0,-0.353318,0.935503
-82.7708,106.726,-0.0716545,-0,-0,-0.364829,0.931075
-82.7555,106.712,2.74301e-18,-0,-0,-0.177308,0.984155
-82.6609,106.676,-0.546892,-0,-0,-0.190801,0.981629
-82.5693,106.635,-1.13341,-0,-0,-0.231796,0.972764
-82.4839,106.585,-1.72009,-0,-0,-0.300388,0.953817
-82.406,106.522,-0.233442,-0,-0,-0.350515,0.936557
-82.3952,106.513,4.59896e-17,-0,-0,-0.220175,0.97546
-82.3023,106.471,1.58546,-0,-0,-0.181842,0.983328
-82.2066,106.446,3.34894,-0,-0,-0.0598817,0.998205
-82.1067,106.445,0.248444,0,0,0.028202,0.999602
-82.098,106.446,5.93104e-18,-0,-0,-0.111969,0.993712
-82.0001,106.425,1.08213,-0,-0,-0.0851065,0.996372
-81.9009,106.413,0.0142491,-0,-0,-0.0522737,0.998633
-81.8999,106.413,9.38817e-17,0,0,0.0396687,0.999213
-81.7973,106.418,-1.67301,-0,-0,-0.00162065,0.999999
-81.6991,106.406,-3.68131,-0,-0,-0.133748,0.991015
-81.6085,106.366,-0.604113,-0,-0,-0.25442,0.967094
-81.5936,106.357,-1.84612e-18,-0,-0,-0.126278,0.991995
-81.4969,106.332,-0.17229,-0,-0,-0.130549,0.991442
-81.4005,106.305,-0.0962418,-0,-0,-0.139073,0.990282
-81.3504,106.291,0,-0,-0,-0.49557,0.868568
-81.2941,106.204,2.95087,-0,-0,-0.43577,0.900058
-81.224,106.145,5.29564,-0,-0,-0.227162,0.973857
-81.1353,106.122,3.02511,-0,-0,-0.0360462,0.99935
-81.0328,106.128,1.3274,0,0,0.0703404,0.997523
-80.9216,106.15,0.424824,0,0,0.117131,0.993116
-80.846,106.169,-1.3226e-17,-0,-0,-0.116044,0.993244
-80.7485,106.147,0.713656,-0,-0,-0.0983232,0.995155
-80.6499,106.13,0.202951,-0,-0,-0.0750356,0.997181
-80.6119,106.124,5.38702e-17,-0,-0,-0.415282,0.909693
-80.5342,106.053,11.4417,-0,-0,-0.220419,0.975405
-80.4472,106.066,3.69078,0,0,0.2659,0.964
-80.3957,106.102,-5.08705e-17,0,0,0.0908464,0.995865
-80.2961,106.113,-4.37954,-0,-0,-0.0128721,0.999917
-80.2003,106.092,-2.02877,-0,-0,-0.185719,0.982603
-80.1255,106.058,-2.6677e-17,-0,-0,-0.185812,0.982585
-80.0313,106.023,1.1235,-0,-0,-0.158307,0.98739
-79.9346,105.999,1.53362,-0,-0,-0.0777175,0.996975
-79.8733,105.991,-8.24048e-17,0,0,0.0114401,0.999935
-79.7733,105.991,-1.18614,-0,-0,-0.0180309,0.999837
-79.674,105.982,-0.849303,-0,-0,-0.0719188,0.99741
-79.5755,105.964,-0.37592,-0,-0,-0.102396,0.994744
-79.495,105.947,-4.38078e-20,-0,-0,-0.145575,0.989347
-79.3994,105.917,-0.30926,-0,-0,-0.153218,0.988192
-79.3045,105.886,-0.0589052,-0,-0,-0.164113,0.986441
-79.2879,105.88,3.79256e-17,-0,-0,-0.349884,0.936793
-79.2082,105.819,3.93271,-0,-0,-0.259232,0.965815
-79.1149,105.784,0.647356,-0,-0,-0.127835,0.991795
-79.0987,105.78,-2.49264e-17,-0,-0,-0.156866,0.98762
-79.0011,105.758,5.89749,-0,-0,-0.01588,0.999874
-78.9186,105.769,-1.91051e-16,0,0,0.0218791,0.999761
-78.8185,105.77,-2.30272,-0,-0,-0.0347581,0.999396
-78.7206,105.752,-1.22482,-0,-0,-0.129341,0.9916
-78.6303,105.725,4.99978e-17,-0,-0,-0.174828,0.984599
-78.5345,105.695,3.1243,-0,-0,-0.0993822,0.995049
-78.4352,105.69,0.75997,0,0,0.0263879,0.999652
-78.4142,105.691,-1.71065e-18,-0,-0,-0.0552931,0.99847
-78.3148,105.68,0.0540729,-0,-0,-0.0539433,0.998544
-78.2153,105.67,0.108154,-0,-0,-0.0498931,0.998755
-78.1158,105.66,0.0248644,-0,-0,-0.0462854,0.998928
-78.0899,105.658,-2.84601e-17,-0,-0,-0.0280029,0.999608
-77.9902,105.65,-1.68865,-0,-0,-0.0698255,0.997559
-77.8929,105.628,-0.720383,-0,-0,-0.141251,0.989974
-77.8467,105.614,7.60525e-19,0,0,0.0571933,0.998363
-77.7472,105.623,-1.00281,0,0,0.0322143,0.999481
-77.6472,105.625,-0.119151,-0,-0,-0.00832507,0.999965
-77.6396,105.625,5.01947e-17,0,0,0.0298478,0.999554
-77.5377,105.628,-1.585,-0,-0,-0.00930842,0.999957
-77.4395,105.616,-3.36391,-0,-0,-0.132214,0.991221
-77.3514,105.58,-1.34653e-17,-0,-0,-0.0590158,0.998257
-77.2518,105.57,1.02815,-0,-0,-0.0334121,0.999442
-77.1519,105.569,0.356381,0,0,0.00865368,0.999963
-77.1172,105.569,-2.65866e-17,-0,-0,-0.149117,0.98882
-77.0208,105.542,1.46795,-0,-0,-0.112978,0.993598
-76.9221,105.527,0.571744,-0,-0,-0.0442892,0.999019
-76.892,105.525,-2.61721e-17,0,0,0.130157,0.991493
-76.7939,105.546,-3.23859,0,0,0.051676,0.998664
-76.6946,105.541,-0.936248,-0,-0,-0.0781829,0.996939
-76.6668,105.536,8.79994e-17,-0,-0,-0.217089,0.976152
-76.5713,105.496,2.39549,-0,-0,-0.160013,0.987115
-76.4749,105.481,5.13555,0,0,0.0323206,0.999478
-76.3786,105.503,8.85406e-17,0,0,0.0987737,0.99511
-76.2759,105.52,-1.73943,0,0,0.0559839,0.998432
-76.1774,105.519,-4.09723,-0,-0,-0.0862581,0.996273
-76.0864,105.484,-1.93008,-0,-0,-0.255543,0.966798
-76.0274,105.447,-5.05103e-17,0,0,0.138936,0.990301
-75.9288,105.469,-4.09019,0,0,0.041918,0.999121
-75.831,105.456,-1.40039,-0,-0,-0.140966,0.990015
-75.8022,105.447,-9.05854e-22,-0,-0,-5.87579e-06,1
-75.7022,105.447,2.33149e-05,-0,-0,-5.29292e-06,1
-75.6022,105.447,4.66298e-05,-0,-0,-3.5443e-06,1
-75.5022,105.447,1.90134e-05,-0,-0,-1.81207e-06,1
-75.4419,105.447,4.43446e-16,-0,-0,-0.174083,0.984731
-75.3453,105.418,3.48282,-0,-0,-0.0923305,0.995728
-75.2482,105.419,2.84883,0,0,0.0983829,0.995149
-75.1508,105.449,0.48745,0,0,0.178572,0.983927
-75.1267,105.458,2.31091e-16,0,0,0.147381,0.98908
-75.0291,105.48,-4.63476,0,0,0.0357854,0.999359
-74.9297,105.471,-0.404276,-0,-0,-0.0903396,0.995911
-74.9195,105.469,9.12838e-17,-0,-0,-0.212677,0.977123
-74.8238,105.429,1.50448,-0,-0,-0.175962,0.984397
-74.7275,105.404,3.47875,-0,-0,-0.0545874,0.998509
-74.63,105.411,1.87756,0,0,0.111286,0.993788
-74.5772,105.425,8.17775e-19,-0,-0,-0.198117,0.980178
-74.4829,105.39,2.49572,-0,-0,-0.138154,0.990411
-74.3849,105.377,1.8822,0,0,0.00438268,0.99999
-74.316,105.381,6.82113e-17,-0,-0,-0.0138836,0.999904
-74.216,105.38,1.05515,0,0,0.012357,0.999924
-74.1166,105.388,0.879512,0,0,0.0687257,0.997636
-74.0179,105.405,0.26798,0,0,0.0972552,0.995259
-73.9738,105.414,-1.3183e-17,-0,-0,-0.0386116,0.999254
-73.874,105.407,0.311558,-0,-0,-0.0308312,0.999525
-73.7741,105.403,0.533486,-0,-0,-0.00768659,0.99997
-73.6765,105.403,5.52332e-17,0,0,0.0731834,0.997319
-73.5773,105.417,-0.528304,0,0,0.0600239,0.998197
-73.4778,105.425,-1.05409,0,0,0.020297,0.999794
-73.3778,105.425,-0.14794,-0,-0,-0.0096757,0.999953
-73.3613,105.425,2.97237e-19,-0,-0,-0.0694114,0.997588
-73.2623,105.411,-0.12548,-0,-0,-0.0725402,0.997365
-73.1635,105.396,-0.12993,-0,-0,-0.0805577,0.99675
-73.0731,105.381,-3.63365e-18,0,0,0.0432622,0.999064
-72.9735,105.39,0.343872,0,0,0.051847,0.998655
-72.8742,105.402,0.037258,0,0,0.064217,0.997936
-72.8659,105.403,-9.86968e-18,-0,-0,-0.307692,0.951486
-72.7834,105.346,1.4397,-0,-0,-0.273495,0.961873
-72.695,105.3,0.837196,-0,-0,-0.208676,0.977985
-72.6227,105.27,2.84083e-17,0,0,0.0310668,0.999517
-72.5224,105.272,-2.40807,-0,-0,-0.0279891,0.999608
-72.4248,105.254,-1.27789,-0,-0,-0.142679,0.989769
-72.3705,105.236,-5.50767e-17,-0,-0,-0.0297409,0.999558
-72.2707,105.23,-0.499752,-0,-0,-0.0422048,0.999109
-72.1715,105.218,-0.591457,-0,-0,-0.0739893,0.997259
-72.0731,105.201,-0.349873,-0,-0,-0.0974189,0.995243
-71.9751,105.18,-0.111112,-0,-0,-0.108885,0.994054
-71.9292,105.17,2.99114e-20,-0,-0,-0.0430053,0.999075
-71.8296,105.161,-0.0651679,-0,-0,-0.0446329,0.999003
-71.73,105.152,-0.030999,-0,-0,-0.047694,0.998862
-71.686,105.148,-9.33691e-20,-0,-0,-0.0544517,0.998516
-71.5864,105.138,0.795406,-0,-0,-0.0346298,0.9994
-71.4866,105.135,0.458281,0,0,0.00423223,0.999991
-71.4248,105.137,-2.41431e-17,-0,-0,-0.10481,0.994492
-71.3264,105.117,0.690969,-0,-0,-0.087655,0.996151
-71.2274,105.104,1.40099,-0,-0,-0.0355312,0.999369
-71.1275,105.103,0.332388,0,0,0.0119263,0.999929
-71.1006,105.103,-1.3835e-17,0,0,0.10268,0.994714
-71.0025,105.123,-0.4117,0,0,0.0924455,0.995718
-70.9038,105.139,-0.627917,0,0,0.0624496,0.998048
-70.8214,105.148,-4.75708e-22,0,0,0.109946,0.993938
-70.7238,105.169,1.11507e-05,0,0,0.109946,0.993938
-70.6262,105.191,2.23013e-05,0,0,0.109947,0.993937
-70.5286,105.213,1.02459e-06,0,0,0.109948,0.993937
-70.5241,105.214,1.58894e-16,0,0,0.0396798,0.999212
-70.4236,105.217,-3.14717,-0,-0,-0.0362184,0.999344
-70.328,105.193,-1.98223,-0,-0,-0.191643,0.981465
-70.2539,105.159,2.27809e-17,-0,-0,-0.0995397,0.995034
-70.1558,105.137,-1.04973,-0,-0,-0.125456,0.992099
-70.0614,105.106,-1.59015,-0,-0,-0.200709,0.979651
-69.9718,105.061,-0.33276,-0,-0,-0.247233,0.968956
-69.9477,105.048,1.68491e-18,0,0,0.0425528,0.999094
-69.8469,105.052,-2.55422,-0,-0,-0.0194059,0.999812
-69.7504,105.033,-2.32889,-0,-0,-0.17256,0.984999
-69.6595,104.992,0,-0,-0,-0.0798184,0.996809
-69.5606,104.977,0.398476,-0,-0,-0.0698989,0.997554
-69.4614,104.966,0.551609,-0,-0,-0.042815,0.999083
-69.3617,104.96,0.400849,-0,-0,-0.0190403,0.999819
-69.2617,104.957,0.250374,-0,-0,-0.00276253,0.999996
-69.1614,104.958,0.101903,0,0,0.00605599,0.999982
-69.092,104.959,4.17801e-22,0,0,0.0409593,0.999161
-68.9924,104.967,-4.94832e-06,0,0,0.0409592,0.999161
-68.8927,104.975,-3.51909e-06,0,0,0.0409589,0.999161
-68.8218,104.981,-7.79233e-17,0,0,0.0817496,0.996653
-68.722,104.993,-2.9629,0,0,0.00995812,0.99995
-68.6241,104.979,-1.69902,-0,-0,-0.134315,0.990939
-68.5606,104.959,0,-0,-0,-0.123595,0.992333
-68.4621,104.935,0.426446,-0,-0,-0.112937,0.993602
-68.3635,104.915,0.88245,-0,-0,-0.0803495,0.996767
-68.2646,104.904,1.36115,-0,-0,-0.024648,0.999696
-68.1655,104.906,1.11335,0,0,0.0448217,0.998995
-68.0662,104.92,0.292514,0,0,0.0796746,0.996821
-68.0292,104.926,5.43799e-17,-0,-0,-0.086488,0.996253
-67.9302,104.91,0.895469,-0,-0,-0.0642741,0.997932
-67.8308,104.903,1.33646,0,0,3.77052e-05,1
-67.731,104.908,0.500373,0,0,0.045773,0.998952
-67.6689,104.915,2.01192e-19,-0,-0,-0.0722169,0.997389
-67.5699,104.901,0.314348,-0,-0,-0.064381,0.997925
-67.4705,104.89,0.451343,-0,-0,-0.0420415,0.999116
-67.3707,104.883,0.116897,-0,-0,-0.0278519,0.999612
-67.3357,104.881,-5.2345e-23,-0,-0,-4.06245e-06,1
-67.2357,104.881,-2.24699e-06,-0,-0,-4.11862e-06,1
-67.1357,104.881,-2.44562e-06,-0,-0,-4.26314e-06,1
-67.0357,104.881,-3.23462e-07,-0,-0,-4.33237e-06,1
-67.0204,104.881,3.42979e-17,0,0,0.00925879,0.999957
-66.9204,104.882,-0.610295,-0,-0,-0.00597548,0.999982
-66.8206,104.877,-0.453703,-0,-0,-0.0393022,0.999227
-66.7412,104.87,-3.00759e-17,-0,-0,-0.0953287,0.995446
-66.6426,104.853,1.08364,-0,-0,-0.068473,0.997653
-66.5431,104.846,0.984087,-0,-0,-0.00318298,0.999995
-66.453,104.848,5.56313e-17,0,0,0.111208,0.993797
-66.354,104.867,-2.02539,0,0,0.0617501,0.998092
-66.2552,104.866,-2.10064,-0,-0,-0.0691269,0.997608
-66.1648,104.848,2.91322e-17,0,0,0.0182872,0.999833
-66.0646,104.85,-0.838613,-0,-0,-0.00259882,0.999997
-65.9651,104.844,-1.03023,-0,-0,-0.0594667,0.99823
-65.8662,104.829,-0.146516,-0,-0,-0.0886948,0.996059
-65.8495,104.826,7.0011e-18,-0,-0,-0.108605,0.994085
-65.7518,104.805,0.331429,-0,-0,-0.100369,0.99495
-65.6534,104.787,0.426535,-0,-0,-0.0776315,0.996982
-65.5544,104.773,0.071588,-0,-0,-0.0652177,0.997871
-65.5343,104.77,-1.85363e-19,-0,-0,-0.140023,0.990148
-65.4381,104.743,0.291938,-0,-0,-0.132796,0.991143
-65.3411,104.719,0.391043,-0,-0,-0.112586,0.993642
-65.2434,104.698,0.0775223,-0,-0,-0.100944,0.994892
-65.2191,104.693,-8.17369e-17,0,0,0.0143885,0.999896
-65.119,104.694,-0.658909,-0,-0,-0.00204282,0.999998
-65.0192,104.69,-0.848115,-0,-0,-0.047069,0.998892
-64.92,104.677,-0.255044,-0,-0,-0.0745453,0.997218
-64.8768,104.67,-1.83221e-16,-0,-0,-0.166394,0.986059
-64.7813,104.639,1.24392,-0,-0,-0.135908,0.990721
-64.6837,104.62,1.49821,-0,-0,-0.0526556,0.998613
-64.5836,104.615,0.261474,-0,-0,-0.00901534,0.999959
-64.5616,104.615,9.57421e-17,0,0,0.0494765,0.998775
-64.4619,104.624,-0.558506,0,0,0.0355566,0.999368
-64.3621,104.628,-0.608393,0,0,0.00185983,0.999998
-64.2622,104.625,-0.371944,-0,-0,-0.0226276,0.999744
-64.1622,104.619,-0.138601,-0,-0,-0.0353913,0.999374
-64.1022,104.615,3.79735e-17,-0,-0,-0.0395263,0.999219
-64.0026,104.606,-0.32631,-0,-0,-0.0476728,0.998863
-63.9032,104.595,-0.237234,-0,-0,-0.0644959,0.997918
-63.805,104.582,-4.36315e-17,-0,-0,-0.0598539,0.998207
-63.7057,104.569,-0.364937,-0,-0,-0.0689486,0.99762
-63.6071,104.553,-0.53384,-0,-0,-0.0944716,0.995528
-63.5095,104.532,-0.352919,-0,-0,-0.116502,0.993191
-63.4125,104.507,-0.172988,-0,-0,-0.12955,0.991573
-63.3186,104.482,-2.70333e-17,-0,-0,-0.0769034,0.997039
-63.2196,104.467,0.401791,-0,-0,-0.0668942,0.99776
-63.1203,104.456,0.532076,-0,-0,-0.0392496,0.999229
-63.0205,104.451,0.18383,-0,-0,-0.0213723,0.999772
-62.9673,104.448,-2.80641e-17,-0,-0,-0.0682068,0.997671
-62.8675,104.438,1.74644,-0,-0,-0.0252499,0.999681
-62.7685,104.443,1.72255,0,0,0.0815733,0.996667
-62.6705,104.466,0.261237,0,0,0.130344,0.991469
-62.6521,104.471,-2.94849e-17,-0,-0,-0.254408,0.967097
-62.564,104.423,0.920512,-0,-0,-0.232191,0.97267
-62.4725,104.383,1.29342,-0,-0,-0.168088,0.985772
-62.3767,104.354,0.23289,-0,-0,-0.130551,0.991442
-62.3549,104.349,-5.27628e-19,-0,-0,-0.0580433,0.998314
-62.2556,104.336,-0.446293,-0,-0,-0.069166,0.997605
-62.157,104.32,-0.561449,-0,-0,-0.0995396,0.995034
-62.0594,104.298,-0.0944817,-0,-0,-0.115825,0.99327
-62.0396,104.293,1.41995e-16,0,0,0.187399,0.982284
-61.9429,104.324,-4.62969,0,0,0.0807779,0.996732
-61.8463,104.315,-2.55333,-0,-0,-0.149666,0.988737
-61.7874,104.293,-4.10992e-17,0,0,0.0076209,0.999971
-61.6874,104.294,-0.390675,-0,-0,-0.00213804,0.999998
-61.5875,104.291,-0.434847,-0,-0,-0.0273829,0.999625
-61.4877,104.284,-0.0856389,-0,-0,-0.0403794,0.999184
-61.4632,104.282,-1.02197e-16,-0,-0,-0.153558,0.98814
-61.3664,104.255,2.12503,-0,-0,-0.101964,0.994788
-61.2678,104.247,1.89582,0,0,0.0219908,0.999758
-61.1676,104.258,0.172202,0,0,0.0728431,0.997343
-61.1569,104.26,2.55357e-17,-0,-0,-0.0898171,0.995958
-61.0581,104.243,0.905157,-0,-0,-0.0673517,0.997729
-60.9587,104.236,0.987716,-0,-0,-0.00871747,0.999962
-60.8586,104.237,0.0708501,0,0,0.0176386,0.999844
-60.8507,104.238,1.32774e-17,-0,-0,-0.0567897,0.998386
-60.7513,104.226,0.06396,-0,-0,-0.0551931,0.998476
-60.6519,104.216,0.127995,-0,-0,-0.0504009,0.998729
-60.5523,104.206,0.192062,-0,-0,-0.0424088,0.9991
-60.4526,104.199,0.113538,-0,-0,-0.0338514,0.999427
-60.3643,104.193,-1.25263e-24,-0,-0,-0.120498,0.992714
-60.2672,104.169,-2.3327e-05,-0,-0,-0.120499,0.992713
-60.1701,104.145,-3.87755e-05,-0,-0,-0.120501,0.992713
-60.0731,104.121,-7.67301e-06,-0,-0,-0.120502,0.992713
-60.0491,104.116,4.64527e-17,-0,-0,-0.196402,0.980523
-59.9554,104.079,1.35591,-0,-0,-0.163406,0.986559
-59.8589,104.055,1.95011,-0,-0,-0.0669188,0.997758
-59.759,104.049,0.471441,-0,-0,-0.00704196,0.999975
-59.7249,104.049,5.1136e-17,-0,-0,-0.076666,0.997057
-59.6245,104.037,1.98091,-0,-0,-0.0282599,0.999601
-59.5262,104.044,2.51646,0,0,0.108448,0.994102
-59.4305,104.074,0.417878,0,0,0.17954,0.983751
-59.4096,104.082,-2.61552e-17,-0,-0,-0.0894555,0.995991
-59.3105,104.066,1.01716,-0,-0,-0.0642514,0.997934
-59.2112,104.06,1.47524,0,0,0.0085682,0.999963
-59.1114,104.067,0.373246,0,0,0.0544916,0.998514
-59.0764,104.071,1.36133e-16,-0,-0,-0.0177857,0.999842
-58.9762,104.069,0.914763,0,0,0.00498669,0.999988
-58.8767,104.076,0.977358,0,0,0.0636679,0.997971
-58.7779,104.092,0.0701109,0,0,0.0896725,0.995971
-58.7701,104.093,-4.84725e-18,0,0,0.0804077,0.996762
-58.6707,104.109,-0.328976,0,0,0.072188,0.997391
-58.5713,104.121,-0.668367,0,0,0.0473059,0.99888
-58.4717,104.127,-1.01213,0,0,0.00539574,0.999985
-58.372,104.123,-0.561976,-0,-0,-0.0388895,0.999244
-58.2928,104.116,-3.11289e-17,-0,-0,-0.176355,0.984327
-58.1978,104.083,1.49099,-0,-0,-0.139939,0.99016
-58.1001,104.065,1.4822,-0,-0,-0.0466379,0.998912
-58.0045,104.06,5.21051e-17,-0,-0,-0.0854397,0.996343
-57.9054,104.04,-1.61029,-0,-0,-0.124873,0.992173
-57.8128,104.006,-2.52421,-0,-0,-0.241551,0.970388
-57.7293,103.951,-0.653372,-0,-0,-0.316637,0.948547
-57.6983,103.927,4.2547e-17,-0,-0,-0.165816,0.986157
-57.6029,103.895,0.346648,-0,-0,-0.157236,0.987561
-57.5069,103.866,0.706596,-0,-0,-0.13118,0.991359
-57.4096,103.844,1.07382,-0,-0,-0.0870532,0.996204
-57.3107,103.832,0.6933,-0,-0,-0.0365335,0.999332
-57.2209,103.827,-2.58907e-16,-0,-0,-0.102978,0.994684
-57.1216,103.809,1.58203,-0,-0,-0.0641473,0.99794
-57.0228,103.807,2.37335,0,0,0.0506925,0.998714
-56.9246,103.826,0.708535,0,0,0.126413,0.991978
-56.8787,103.838,7.78992e-18,-0,-0,-0.260891,0.965368
-56.7867,103.786,0.94892,-0,-0,-0.237495,0.971389
-56.6938,103.746,2.21057,-0,-0,-0.160893,0.986972
-56.599,103.727,3.59341,-0,-0,-0.0194214,0.999811
-56.5015,103.738,1.5301,0,0,0.110876,0.993834
-56.4193,103.76,-8.71967e-18,0,0,0.00423176,0.999991
-56.3161,103.757,-2.90873,-0,-0,-0.0649745,0.997887
-56.2251,103.726,-4.51707,-0,-0,-0.281028,0.959699
-56.1498,103.659,-0.763308,-0,-0,-0.398138,0.917326
-56.1311,103.638,5.72762e-19,0,0,0.107325,0.994224
-56.032,103.657,-1.80356,0,0,0.0631445,0.998004
-55.933,103.658,-2.19349,-0,-0,-0.06053,0.998166
-55.8344,103.639,-0.0113979,-0,-0,-0.114304,0.993446
-55.8339,103.638,-5.15246e-19,-0,-0,-0.057898,0.998323
-55.7341,103.629,1.11522,-0,-0,-0.0302038,0.999544
-55.6344,103.63,1.08235,0,0,0.0402415,0.99919
-55.5547,103.638,1.50297e-18,0,0,0.0962875,0.995354
-55.4553,103.656,-1.29139,0,0,0.064414,0.997923
-55.3562,103.66,-2.11634,-0,-0,-0.0314571,0.999505
-55.2572,103.646,-0.537016,-0,-0,-0.0969439,0.99529
-55.2214,103.638,0,-0,-0,-0.0704639,0.997514
-55.1221,103.624,0.0783818,-0,-0,-0.0685051,0.997651
-55.0228,103.611,0.157209,-0,-0,-0.0626194,0.998037
-54.9234,103.6,0.236714,-0,-0,-0.0527829,0.998606
-54.8239,103.59,0.316684,-0,-0,-0.0389696,0.99924
-54.7242,103.584,0.396236,-0,-0,-0.0211718,0.999776
-54.6243,103.582,0.286842,-0,-0,-0.00208347,0.999998
-54.5242,103.583,0.0359788,0,0,0.00598094,0.999982
-54.5099,103.583,4.93532e-17,-0,-0,-0.151148,0.988511
-54.4134,103.554,0.960663,-0,-0,-0.127544,0.991833
-54.3159,103.536,1.62829,-0,-0,-0.0567979,0.998386
-54.2168,103.531,1.06055,0,0,0.010004,0.99995
-54.1166,103.538,0.512469,0,0,0.0492684,0.998786
-54.0157,103.549,0.00612712,0,0,0.0622898,0.998058
-54.0145,103.55,6.55337e-18,-0,-0,-0.0510919,0.998694
-53.915,103.54,0.083842,-0,-0,-0.0489985,0.998799
-53.8154,103.53,0.167749,-0,-0,-0.0427156,0.999087
-53.7157,103.523,0.118634,-0,-0,-0.0343914,0.999408
-53.6182,103.516,2.588e-17,-0,-0,-0.0931913,0.995648
-53.5192,103.5,1.14297,-0,-0,-0.064911,0.997891
-53.4198,103.494,1.4638,0,0,0.0136733,0.999907
-53.32,103.502,0.295084,0,0,0.0573251,0.998356
-53.2939,103.505,-1.55417e-16,-0,-0,-0.174301,0.984692
-53.1985,103.473,1.63768,-0,-0,-0.13443,0.990923
-53.1008,103.457,1.98095,-0,-0,-0.0242285,0.999706
-53.0004,103.459,0.333443,0,0,0.0328678,0.99946
-52.9787,103.461,-1.98802e-16,-0,-0,-0.1743,0.984693
-52.8832,103.429,1.63768,-0,-0,-0.134429,0.990923
-52.7855,103.413,1.98094,-0,-0,-0.0242282,0.999706
-52.6852,103.415,0.333438,0,0,0.0328676,0.99946
-52.6634,103.416,7.70801e-17,-0,-0,-0.0406325,0.999174
-52.5635,103.406,-1.59542,-0,-0,-0.0799129,0.996802
-52.4677,103.38,-1.81299,-0,-0,-0.183673,0.982987
-52.3767,103.338,-0.308555,-0,-0,-0.234948,0.972008
-52.3572,103.328,-2.50609e-17,0,0,0.0558974,0.998437
-52.2574,103.337,-0.994215,0,0,0.0311863,0.999514
-52.1577,103.337,-1.13948,-0,-0,-0.0356025,0.999366
-52.069,103.328,-2.67315e-17,-0,-0,-0.157495,0.98752
-51.9726,103.3,2.10102,-0,-0,-0.10632,0.994332
-51.8738,103.29,1.46908,0,0,0.00368466,0.999993
-51.7898,103.294,3.69506e-19,-0,-0,-0.095389,0.99544
-51.6915,103.276,0.148976,-0,-0,-0.0916814,0.995788
-51.593,103.258,0.241517,-0,-0,-0.0807844,0.996732
-51.4942,103.243,0.0542589,-0,-0,-0.0734131,0.997302
-51.4655,103.239,-1.35323e-17,-0,-0,-0.0724604,0.997371
-51.3664,103.225,0.324241,-0,-0,-0.0643783,0.997926
-51.2671,103.214,0.470587,-0,-0,-0.0412996,0.999147
-51.1673,103.208,0.143523,-0,-0,-0.0259638,0.999663
-51.1233,103.206,2.43838e-17,-0,-0,-0.142051,0.989859
-51.0268,103.179,0.955552,-0,-0,-0.118455,0.992959
-50.9286,103.161,0.713997,-0,-0,-0.0678193,0.997698
-50.835,103.15,-1.11358e-18,-0,-0,-0.090222,0.995922
-50.7368,103.131,-0.819002,-0,-0,-0.110528,0.993873
-50.6407,103.104,-0.868036,-0,-0,-0.163191,0.986594
-50.5558,103.072,-1.36686e-17,0,0,0.00781756,0.999969
-50.4558,103.073,-0.452732,-0,-0,-0.00348365,0.999994
-50.356,103.07,-0.542002,-0,-0,-0.0323664,0.999476
-50.2564,103.061,-0.339704,-0,-0,-0.0543737,0.998521
-50.157,103.049,-0.139254,-0,-0,-0.0663286,0.997798
-50.0875,103.039,-1.39972e-17,-0,-0,-0.0864123,0.996259
-49.989,103.021,-0.377049,-0,-0,-0.0957916,0.995401
-49.8914,103,-0.557964,-0,-0,-0.122672,0.992447
-49.795,102.973,-0.165597,-0,-0,-0.14059,0.990068
-49.7542,102.962,-1.89235e-18,-0,-0,-0.104401,0.994535
-49.6561,102.941,0.204245,-0,-0,-0.0993178,0.995056
-49.5577,102.923,0.410848,-0,-0,-0.0840077,0.996465
-49.4589,102.908,0.618293,-0,-0,-0.058364,0.998295
-49.3594,102.899,0.333664,-0,-0,-0.0321629,0.999483
-49.2768,102.895,5.83106e-17,-0,-0,-0.152031,0.988376
-49.1811,102.866,0.546672,-0,-0,-0.138539,0.990357
-49.0842,102.842,0.758127,-0,-0,-0.10116,0.99487
-48.9858,102.825,0.462818,-0,-0,-0.0707864,0.997491
-48.8863,102.813,0.171984,-0,-0,-0.0549463,0.998489
-48.8265,102.806,-6.2049e-17,-0,-0,-0.106829,0.994277
-48.7287,102.785,0.253111,-0,-0,-0.100538,0.994933
-48.6304,102.767,0.376585,-0,-0,-0.0827406,0.996571
-48.5316,102.752,0.251352,-0,-0,-0.0670918,0.997747
-48.4323,102.74,0.126432,-0,-0,-0.0576656,0.998336
-48.3328,102.729,0.00211719,-0,-0,-0.0544556,0.998516
-48.3311,102.728,-1.55008e-19,-0,-0,-0.0669565,0.997756
-48.232,102.715,-0.04548,-0,-0,-0.0680909,0.997679
-48.133,102.701,-0.0569307,-0,-0,-0.071185,0.997463
-48.034,102.687,-0.00882815,-0,-0,-0.0728247,0.997345
-48.0159,102.684,0,-0,-0,-0.078305,0.996929
-47.917,102.669,0.0210285,-0,-0,-0.0777804,0.996971
-47.8181,102.653,0.0420778,-0,-0,-0.0762061,0.997092
-47.7191,102.638,0.0631645,-0,-0,-0.0735808,0.997289
-47.6201,102.624,0.0842968,-0,-0,-0.0699024,0.997554
-47.521,102.61,0.105471,-0,-0,-0.0651686,0.997874
-47.4218,102.598,0.126664,-0,-0,-0.0593776,0.998236
-47.3225,102.587,0.147836,-0,-0,-0.0525282,0.998619
-47.223,102.577,0.168916,-0,-0,-0.0446216,0.999004
-47.1234,102.569,0.114327,-0,-0,-0.0366998,0.999326
-47.0251,102.562,7.13093e-18,-0,-0,-0.114713,0.993399
-46.9276,102.54,0.38771,-0,-0,-0.105086,0.994463
-46.8293,102.521,0.427203,-0,-0,-0.0798777,0.996805
-46.7304,102.507,0.0104122,-0,-0,-0.0689766,0.997618
-46.7279,102.507,-1.61187e-16,-0,-0,-0.0952354,0.995455
-46.629,102.489,1.18425,-0,-0,-0.0659522,0.997823
-46.5297,102.484,1.38083,0,0,0.0119245,0.999929
-46.4298,102.491,0.34955,0,0,0.0549172,0.998491
-46.3946,102.495,8.20423e-17,-0,-0,-0.0790862,0.996868
-46.2956,102.481,0.500652,-0,-0,-0.0666285,0.997778
-46.1963,102.47,0.734518,-0,-0,-0.0314942,0.999504
-46.0965,102.467,0.483972,-0,-0,-0.00107576,0.999999
-45.9964,102.469,0.236013,0,0,0.0169236,0.999857
-45.8992,102.473,-2.30225e-16,0,0,0.0289964,0.99958
-45.7868,102.473,-5.56232,-0,-0,-0.0822322,0.996613
-45.7214,102.427,-11.001,-0,-0,-0.563706,0.825975
-45.7141,102.324,-1.20755,-0,-0,-0.734156,0.678981
-45.7191,102.274,-1.35673e-17,-0,-0,-0.04494,0.99899
-45.6194,102.265,0.447687,-0,-0,-0.0337681,0.99943
-45.5195,102.261,0.490453,-0,-0,-0.00489016,0.999988
-45.4195,102.262,0.0661232,0,0,0.00901161,0.999959
-45.4039,102.262,-2.68341e-24,-0,-0,-0.0341638,0.999416
-45.3041,102.256,2.23871e-06,-0,-0,-0.0341637,0.999416
-45.2043,102.249,2.79855e-06,-0,-0,-0.0341636,0.999416
-45.1046,102.242,5.59845e-07,-0,-0,-0.0341635,0.999416
-45.0796,102.24,2.63316e-16,-0,-0,-0.103321,0.994648
-44.9807,102.222,1.60684,-0,-0,-0.0638427,0.99796
-44.8816,102.22,1.85071,0,0,0.0418836,0.999122
-44.7824,102.235,0.377793,0,0,0.0968489,0.995299
-44.7554,102.24,2.6594e-23,-0,-0,-0.0361658,0.999346
-44.6556,102.233,1.17626e-06,-0,-0,-0.0361658,0.999346
-44.5559,102.226,1.53242e-06,-0,-0,-0.0361657,0.999346
-44.4562,102.219,9.44286e-07,-0,-0,-0.0361656,0.999346
-44.3564,102.211,3.56156e-07,-0,-0,-0.0361656,0.999346
-44.296,102.207,0,0,0,0.00844644,0.999964
-44.1957,102.208,-0.116083,0,0,0.00553848,0.999985
-44.0955,102.209,-0.233174,-0,-0,-0.00320338,0.999995
-43.9955,102.207,-0.351579,-0,-0,-0.0178199,0.999841
-43.8958,102.201,-0.470157,-0,-0,-0.0383344,0.999265
-43.7965,102.191,-0.405099,-0,-0,-0.062858,0.998022
-43.6974,102.177,-0.075763,-0,-0,-0.0748371,0.997196
-43.6745,102.174,6.82399e-17,-0,-0,-0.042689,0.999088
-43.5748,102.166,0.38822,-0,-0,-0.0330021,0.999455
-43.475,102.162,0.559947,-0,-0,-0.00589739,0.999983
-43.3751,102.163,0.363375,0,0,0.0171684,0.999853
-43.2751,102.168,0.168127,0,0,0.0304527,0.999536
-43.1882,102.174,-1.97654e-18,0,0,0.0103918,0.999946
-43.0881,102.175,-0.426361,-0,-0,-0.000256655,1
-42.9882,102.172,-0.584735,-0,-0,-0.0303208,0.99954
-42.8885,102.164,-0.0789046,-0,-0,-0.0468804,0.998901
-42.8729,102.163,6.88868e-19,-0,-0,-0.0157449,0.999876
-42.7728,102.158,-0.840801,-0,-0,-0.0366778,0.999327
-42.6739,102.145,-1.04318,-0,-0,-0.093762,0.995595
-42.5763,102.123,-0.165699,-0,-0,-0.123693,0.992321
-42.5577,102.118,-1.55346e-20,-0,-0,-0.0347893,0.999395
-42.4579,102.111,-0.00416392,-0,-0,-0.0348934,0.999391
-42.3582,102.104,-0.00832785,-0,-0,-0.0352055,0.99938
-42.2584,102.097,-0.0124918,-0,-0,-0.0357256,0.999362
-42.1587,102.09,-0.00596074,-0,-0,-0.0362295,0.999343
-42.0893,102.085,-6.55794e-18,-0,-0,-0.0761539,0.997096
-41.9904,102.07,0.368023,-0,-0,-0.0669836,0.997754
-41.891,102.059,0.459904,-0,-0,-0.0419181,0.999121
-41.7912,102.053,0.0671675,-0,-0,-0.0287592,0.999586
-41.7741,102.052,1.33675e-17,-0,-0,-0.0245031,0.9997
-41.6742,102.046,-0.439673,-0,-0,-0.0354786,0.99937
-41.5748,102.036,-0.541845,-0,-0,-0.0652708,0.997868
-41.4758,102.021,-0.079308,-0,-0,-0.0807423,0.996735
-41.4588,102.018,-1.02079e-21,-0,-0,-0.071907,0.997411
-41.3599,102.004,-8.36073e-06,-0,-0,-0.0719072,0.997411
-41.2609,101.99,-9.14956e-06,-0,-0,-0.0719078,0.997411
-41.1619,101.975,-7.88833e-07,-0,-0,-0.071908,0.997411
-41.1526,101.974,-1.73031e-18,-0,-0,-0.037061,0.999313
-41.0529,101.967,0.0456529,-0,-0,-0.0359204,0.999355
-40.9531,101.96,0.0510901,-0,-0,-0.0329655,0.999456
-40.8533,101.953,0.0102208,-0,-0,-0.0314336,0.999506
-40.8284,101.952,-1.38346e-19,-0,-0,-0.0810825,0.996707
-40.7295,101.936,0.461886,-0,-0,-0.0695809,0.997576
-40.6302,101.925,0.515774,-0,-0,-0.0395888,0.999216
-40.5303,101.919,0.0754946,-0,-0,-0.0248291,0.999692
-40.5131,101.918,3.18085e-24,-0,-0,-0.0679693,0.997687
-40.414,101.905,7.74958e-08,-0,-0,-0.0679693,0.997687
-40.315,101.891,9.8631e-08,-0,-0,-0.0679693,0.997687
-40.2159,101.878,2.11352e-08,-0,-0,-0.0679693,0.997687
-40.1889,101.874,-2.9105e-18,-0,-0,-0.0931896,0.995648
-40.0899,101.857,1.14296,-0,-0,-0.0649096,0.997891
-39.9905,101.852,1.46378,0,0,0.0136737,0.999907
-39.8907,101.86,0.295081,0,0,0.057325,0.998356
-39.8646,101.863,-2.61175e-17,-0,-0,-0.0865414,0.996248
-39.766,101.846,0.166304,-0,-0,-0.0823974,0.9966
-39.6671,101.831,0.333663,-0,-0,-0.0699368,0.997551
-39.5679,101.819,0.501049,-0,-0,-0.0491123,0.998793
-39.4682,101.811,0.17617,-0,-0,-0.0321432,0.999483
-39.4143,101.807,1.38971e-17,-0,-0,-0.0474463,0.998874
-39.3146,101.799,0.520036,-0,-0,-0.0344732,0.999406
-39.2147,101.795,0.494423,-0,-0,-0.00303153,0.999995
-39.1147,101.796,0.0307696,0,0,0.0100839,0.999949
-39.108,101.796,2.61884e-17,-0,-0,-0.117814,0.993036
-39.0104,101.774,0.739714,-0,-0,-0.0994867,0.995039
-38.9117,101.759,0.968179,-0,-0,-0.0484503,0.998826
-38.8119,101.753,0.20933,-0,-0,-0.0191123,0.999817
-38.7838,101.752,-3.10945e-22,-0,-0,-0.0341636,0.999416
-38.684,101.745,2.45413e-06,-0,-0,-0.0341636,0.999416
-38.5843,101.738,3.52795e-06,-0,-0,-0.0341634,0.999416
-38.4845,101.731,2.30088e-06,-0,-0,-0.0341632,0.999416
-38.3847,101.725,1.07382e-06,-0,-0,-0.0341632,0.999416
-38.2974,101.719,0,-0,-0,-0.0657587,0.997836
-38.1983,101.705,-0.0992758,-0,-0,-0.0682349,0.997669
-38.0993,101.691,-0.121943,-0,-0,-0.074967,0.997186
-38.0005,101.676,-0.0105224,-0,-0,-0.0782687,0.996932
-37.9912,101.674,1.39215e-18,0,0,0.0182891,0.999833
-37.891,101.677,-0.838618,-0,-0,-0.00259702,0.999997
-37.7914,101.671,-1.03024,-0,-0,-0.0594652,0.99823
-37.6926,101.655,-0.146518,-0,-0,-0.0886935,0.996059
-37.6759,101.652,1.07222e-16,0,0,0.0260728,0.99966
-37.5756,101.655,-1.34944,-0,-0,-0.00735193,0.999973
-37.4767,101.645,-1.45212,-0,-0,-0.0941513,0.995558
-37.3792,101.621,-0.126107,-0,-0,-0.133014,0.991114
-37.3697,101.619,2.72351e-17,0,0,0.0168264,0.999858
-37.2696,101.621,-0.771102,-0,-0,-0.00238792,0.999997
-37.1699,101.615,-0.964055,-0,-0,-0.0548268,0.998496
-37.0709,101.601,-0.195071,-0,-0,-0.0836506,0.996495
-37.0455,101.597,-1.00049e-18,-0,-0,-0.0761539,0.997096
-36.9465,101.582,0.368032,-0,-0,-0.0669834,0.997754
-36.8471,101.571,0.459915,-0,-0,-0.0419173,0.999121
-36.7473,101.564,0.0671688,-0,-0,-0.0287582,0.999586
-36.7302,101.563,-1.59124e-17,-0,-0,-0.11767,0.993053
-36.6325,101.541,0.733189,-0,-0,-0.0995006,0.995038
-36.5339,101.526,0.926468,-0,-0,-0.049212,0.998788
-36.434,101.519,0.0837149,-0,-0,-0.0240561,0.999711
-36.424,101.519,1.36335e-17,-0,-0,-0.0284711,0.999595
-36.3241,101.513,-0.392349,-0,-0,-0.0382665,0.999268
-36.2247,101.502,-0.431391,-0,-0,-0.0635625,0.997978
-36.1257,101.488,-0.0630049,-0,-0,-0.0758838,0.997117
-36.1087,101.486,5.48803e-17,-0,-0,-0.0257462,0.999669
-36.0089,101.48,-0.383022,-0,-0,-0.0353095,0.999376
-35.9094,101.47,-0.480213,-0,-0,-0.061339,0.998117
-35.8103,101.456,-0.0992128,-0,-0,-0.0757802,0.997125
-35.7845,101.452,-4.26581e-19,-0,-0,-0.0219894,0.999758
-35.6846,101.447,-0.424219,-0,-0,-0.0325803,0.999469
-35.5851,101.438,-0.594423,-0,-0,-0.0625782,0.99804
-35.4861,101.423,-0.122923,-0,-0,-0.0804473,0.996759
-35.4602,101.419,-2.64785e-17,0,0,0.018289,0.999833
-35.3601,101.421,-0.838615,-0,-0,-0.00259706,0.999997
-35.2605,101.415,-1.03024,-0,-0,-0.0594651,0.99823
-35.1616,101.4,-0.146517,-0,-0,-0.0886933,0.996059
-35.145,101.397,-6.61092e-18,-0,-0,-0.0757979,0.997123
-35.046,101.382,0.351994,-0,-0,-0.0670262,0.997751
-34.9467,101.371,0.431313,-0,-0,-0.0431324,0.999069
-34.8469,101.364,0.0325184,-0,-0,-0.0315532,0.999502
-34.8388,101.364,-2.63592e-17,-0,-0,-0.0187455,0.999824
-34.7387,101.358,-0.891524,-0,-0,-0.0409338,0.999162
-34.6399,101.345,-0.963957,-0,-0,-0.0982336,0.995163
-34.5425,101.322,-0.0882134,-0,-0,-0.124276,0.992248
-34.5325,101.319,9.2445e-19,-0,-0,-0.0591302,0.99825
-34.4332,101.308,0.0783057,-0,-0,-0.0571756,0.998364
-34.3338,101.297,0.156742,-0,-0,-0.0513083,0.998683
-34.2342,101.287,0.235221,-0,-0,-0.0415208,0.999138
-34.1345,101.28,0.128155,-0,-0,-0.0316569,0.999499
-34.0461,101.275,2.92141e-21,-0,-0,-0.0363339,0.99934
-33.9464,101.268,0.00857817,-0,-0,-0.0361196,0.999347
-33.8467,101.26,0.0112322,-0,-0,-0.0355455,0.999368
-33.7469,101.253,0.00706506,-0,-0,-0.0350883,0.999384
-33.6472,101.246,0.0028979,-0,-0,-0.0348394,0.999393
-33.5778,101.242,0,0,0,0.0092725,0.999957
-33.4777,101.243,-0.105754,0,0,0.00662796,0.999978
-33.3777,101.244,-0.211926,-0,-0,-0.00131358,0.999999
-33.2778,101.242,-0.318403,-0,-0,-0.0145659,0.999894
-33.1779,101.238,-0.259033,-0,-0,-0.0299937,0.99955
-33.0782,101.231,-0.146733,-0,-0,-0.0401291,0.999195
-32.9785,101.222,-0.0349219,-0,-0,-0.0446671,0.999002
-32.9473,101.219,-6.63903e-19,0,0,0.00927217,0.999957
-32.8473,101.22,-0.423849,-0,-0,-0.00131383,0.999999
-32.7474,101.217,-0.518063,-0,-0,-0.0299937,0.99955
-32.6477,101.21,-0.0698433,-0,-0,-0.044667,0.999002
-32.6321,101.208,2.73849e-17,0,0,0.00851771,0.999964
-32.532,101.209,-0.38931,-0,-0,-0.00120692,0.999999
-32.4321,101.207,-0.484467,-0,-0,-0.0276301,0.999618
-32.3324,101.199,-0.0954415,-0,-0,-0.0421081,0.999113
-32.3078,101.197,-1.31518e-17,-0,-0,-0.0761527,0.997096
-32.2088,101.183,0.36801,-0,-0,-0.0669827,0.997754
-32.1095,101.172,0.459888,-0,-0,-0.0419181,0.999121
-32.0097,101.165,0.0671653,-0,-0,-0.0287597,0.999586
-31.9926,101.164,7.48483e-19,-0,-0,-0.0481908,0.998838
-31.893,101.154,-0.0749869,-0,-0,-0.0500633,0.998746
-31.7936,101.144,-0.150077,-0,-0,-0.0556819,0.998449
-31.6943,101.132,-0.225182,-0,-0,-0.0650455,0.997882
-31.5953,101.118,-0.0937276,-0,-0,-0.0734119,0.997302
-31.5332,101.108,5.20618e-17,0,0,0.0275282,0.999621
-31.4328,101.112,-1.13653,-0,-0,-0.000677326,1
-31.3336,101.104,-1.60586,-0,-0,-0.081537,0.99667
-31.236,101.082,-0.339107,-0,-0,-0.12953,0.991576
-31.209,101.075,4.11758e-17,-0,-0,-0.0272691,0.999628
-31.1091,101.069,-0.453718,-0,-0,-0.0385941,0.999255
-31.0097,101.058,-0.487436,-0,-0,-0.0677132,0.997705
-30.9109,101.043,-0.0369752,-0,-0,-0.0807743,0.996732
-30.9027,101.042,-3.44982e-17,-0,-0,-0.0284693,0.999595
-30.8029,101.035,-0.39236,-0,-0,-0.038265,0.999268
-30.7035,101.025,-0.431402,-0,-0,-0.0635616,0.997978
-30.6045,101.011,-0.0630058,-0,-0,-0.0758833,0.997117
-30.5875,101.009,9.7292e-19,-0,-0,-0.0728637,0.997342
-30.4885,100.994,0.0480897,-0,-0,-0.0716647,0.997429
-30.3895,100.98,0.0538142,-0,-0,-0.0685452,0.997648
-30.2904,100.967,0.00834497,-0,-0,-0.0669948,0.997753
-30.2723,100.964,4.17921e-18,-0,-0,-0.0728632,0.997342
-30.1733,100.95,0.048081,-0,-0,-0.0716643,0.997429
-30.0743,100.936,0.0538045,-0,-0,-0.0685455,0.997648
-29.9752,100.922,0.00834347,-0,-0,-0.0669954,0.997753
-29.957,100.92,0,-0,-0,-0.0440202,0.999031
-29.8573,100.911,-0.102274,-0,-0,-0.046575,0.998915
-29.7578,100.901,-0.204915,-0,-0,-0.0542444,0.998528
-29.6586,100.889,-0.307806,-0,-0,-0.0670339,0.997751
-29.5598,100.874,-0.240716,-0,-0,-0.0814218,0.99668
-29.4613,100.857,-0.138923,-0,-0,-0.0908755,0.995862
-29.363,100.838,-0.0375336,-0,-0,-0.0952685,0.995452
-29.3265,100.831,2.58951e-23,-0,-0,-0.0719061,0.997411
-29.2276,100.817,-4.68833e-07,-0,-0,-0.0719061,0.997411
-29.1286,100.802,-5.13066e-07,-0,-0,-0.0719061,0.997411
-29.0296,100.788,-4.42335e-08,-0,-0,-0.0719061,0.997411
-29.0203,100.787,1.67718e-18,-0,-0,-0.0245027,0.9997
-28.9204,100.781,-0.439667,-0,-0,-0.0354781,0.99937
-28.821,100.771,-0.541839,-0,-0,-0.06527,0.997868
-28.7221,100.756,-0.0793072,-0,-0,-0.0807412,0.996735
-28.705,100.753,2.18418e-22,-0,-0,-0.0361651,0.999346
-28.6053,100.746,1.23017e-05,-0,-0,-0.0361648,0.999346
-28.5056,100.739,1.31676e-05,-0,-0,-0.036164,0.999346
-28.4058,100.732,8.65823e-07,-0,-0,-0.0361636,0.999346
-28.3988,100.731,-5.95563e-19,-0,-0,-0.0245028,0.9997
-28.2989,100.725,-0.439662,-0,-0,-0.0354781,0.99937
-28.1995,100.716,-0.541832,-0,-0,-0.0652696,0.997868
-28.1006,100.701,-0.0793061,-0,-0,-0.0807406,0.996735
-28.0836,100.698,-9.63905e-17,-0,-0,-0.0284622,0.999595
-27.9837,100.691,-0.392975,-0,-0,-0.0382694,0.999267
-27.8843,100.681,-0.519525,-0,-0,-0.0646258,0.99791
-27.7856,100.666,-0.334333,-0,-0,-0.0858981,0.996304
-27.6872,100.648,-0.150423,-0,-0,-0.0979671,0.99519
-27.6062,100.631,2.58766e-19,-0,-0,-0.0612141,0.998125
-27.507,100.619,-0.130141,-0,-0,-0.0644609,0.99792
-27.4079,100.605,-0.182346,-0,-0,-0.0736656,0.997283
-27.3091,100.59,-0.028293,-0,-0,-0.0789157,0.996881
-27.291,100.587,-5.16342e-17,-0,-0,-0.206433,0.978461
-27.1978,100.549,1.56654,-0,-0,-0.16848,0.985705
-27.1015,100.525,1.9974,-0,-0,-0.0613453,0.998117
-27.0014,100.52,0.383932,-0,-0,-0.00258866,0.999997
-26.9757,100.52,5.27796e-17,-0,-0,-0.0888304,0.996047
-26.8769,100.504,0.855057,-0,-0,-0.0676027,0.997712
-26.7775,100.496,0.975299,-0,-0,-0.0117406,0.999931
-26.6774,100.497,0.197605,0,0,0.0174905,0.999847
-26.6515,100.498,2.73114e-17,0,0,0.0177803,0.999842
-26.5513,100.5,-0.91477,-0,-0,-0.00499228,0.999988
-26.4518,100.493,-0.977367,-0,-0,-0.063674,0.997971
-26.353,100.477,-0.0701116,-0,-0,-0.0896788,0.995971
-26.3452,100.476,3.40161e-19,-0,-0,-0.0245025,0.9997
-26.2453,100.47,-0.439665,-0,-0,-0.0354778,0.99937
-26.1459,100.46,-0.541835,-0,-0,-0.0652694,0.997868
-26.047,100.445,-0.0793064,-0,-0,-0.0807406,0.996735
-26.03,100.443,-6.4006e-18,0,0,0.0119348,0.999929
-25.9294,100.444,-0.353553,0,0,0.00307738,0.999995
-25.8292,100.443,-0.719076,-0,-0,-0.0237207,0.999719
-25.73,100.434,-1.08803,-0,-0,-0.0687562,0.997633
-25.6319,100.415,-0.518878,-0,-0,-0.112174,0.993689
-25.5616,100.398,2.70748e-17,0,0,0.0505138,0.998723
-25.4619,100.407,-0.735006,0,0,0.0322296,0.99948
-25.3622,100.409,-0.971963,-0,-0,-0.017198,0.999852
-25.2627,100.401,-0.604421,-0,-0,-0.0564975,0.998403
-25.1633,100.387,-0.2462,-0,-0,-0.077723,0.996975
-25.0933,100.376,-2.04274e-17,-0,-0,-0.0761528,0.997096
-24.9943,100.361,0.368022,-0,-0,-0.0669826,0.997754
-24.895,100.35,0.459902,-0,-0,-0.0419172,0.999121
-24.7952,100.344,0.0671673,-0,-0,-0.0287584,0.999586
-24.778,100.343,9.09301e-35,-0,-0,-1.69161e-06,1
-24.678,100.343,2.04804e-06,-0,-0,-1.64041e-06,1
-24.578,100.343,2.88076e-06,-0,-0,-1.49558e-06,1
-24.478,100.343,7.18937e-07,-0,-0,-1.40558e-06,1
-24.4448,100.343,6.88583e-18,0,0,0.00827516,0.999966
-24.3447,100.344,-0.424064,-0,-0,-0.00231655,0.999997
-24.2449,100.341,-0.462158,-0,-0,-0.0296041,0.999562
-24.1451,100.333,-0.062254,-0,-0,-0.0426952,0.999088
-24.1295,100.332,-2.68495e-16,0,0,0.026073,0.99966
-24.0292,100.335,-1.34944,-0,-0,-0.00735163,0.999973
-23.9303,100.325,-1.45211,-0,-0,-0.0941508,0.995558
-23.8328,100.301,-0.126109,-0,-0,-0.133014,0.991114
-23.8233,100.298,-5.47819e-17,0,0,0.00827381,0.999966
-23.7233,100.299,-0.424056,-0,-0,-0.00231769,0.999997
-23.6234,100.296,-0.46215,-0,-0,-0.0296047,0.999562
-23.5236,100.289,-0.0622535,-0,-0,-0.0426957,0.999088
-23.5081,100.287,-2.0647e-17,-0,-0,-0.0392227,0.99923
-23.4083,100.28,0.155885,-0,-0,-0.035329,0.999376
-23.3085,100.274,0.205117,-0,-0,-0.0248808,0.99969
-23.2086,100.27,0.131244,-0,-0,-0.0164744,0.999864
-23.1087,100.267,0.0574533,-0,-0,-0.0117574,0.999931
-23.0307,100.265,2.67362e-16,-0,-0,-0.0973412,0.995251
-22.9318,100.248,1.29282,-0,-0,-0.0654077,0.997859
-22.8325,100.243,1.44922,0,0,0.0189838,0.99982
-22.7327,100.252,0.206833,0,0,0.0600352,0.998196
-22.7154,100.254,-2.73267e-17,-0,-0,-0.0449387,0.99899
-22.6157,100.246,0.44769,-0,-0,-0.0337667,0.99943
-22.5159,100.242,0.490456,-0,-0,-0.00488863,0.999988
-22.4159,100.243,0.0661236,0,0,0.00901323,0.999959
-22.4002,100.243,7.22153e-18,-0,-0,-0.058105,0.99831
-22.3008,100.231,0.0660607,-0,-0,-0.0564561,0.998405
-22.2014,100.221,0.132197,-0,-0,-0.0515069,0.998673
-22.1019,100.211,0.198355,-0,-0,-0.043253,0.999064
-22.0022,100.203,0.0962209,-0,-0,-0.0351811,0.999381
-21.9318,100.198,-6.85497e-18,0,0,0.00298394,0.999996
-21.8318,100.199,-0.136307,-0,-0,-0.000423244,1
-21.7319,100.198,-0.194533,-0,-0,-0.00990776,0.999951
-21.6319,100.195,-0.124386,-0,-0,-0.0178793,0.99984
-21.532,100.191,-0.0543009,-0,-0,-0.0223456,0.99975
-21.4545,100.187,-1.02901e-16,-0,-0,-0.140391,0.990096
-21.3571,100.162,1.68174,-0,-0,-0.0992714,0.99506
-21.2584,100.153,1.95163,0,0,0.0122631,0.999925
-21.1585,100.163,0.298589,0,0,0.067721,0.997704
-21.1392,100.165,-8.55264e-19,-0,-0,-0.0366505,0.999328
-21.0395,100.158,0.0247694,-0,-0,-0.0360317,0.999351
-20.9398,100.151,0.0271493,-0,-0,-0.0344351,0.999407
-20.84,100.144,0.00374934,-0,-0,-0.0336631,0.999433
-20.824,100.143,8.38067e-20,-0,-0,-0.0669556,0.997756
-20.7249,100.13,-0.0454719,-0,-0,-0.0680898,0.997679
-20.6259,100.116,-0.0569208,-0,-0,-0.0711834,0.997463
-20.5269,100.101,-0.0088267,-0,-0,-0.0728228,0.997345
-20.5088,100.099,7.56183e-18,-0,-0,-0.0121253,0.999926
-20.4088,100.096,-0.0659269,-0,-0,-0.0137735,0.999905
-20.3088,100.093,-0.131929,-0,-0,-0.0187191,0.999825
-20.2089,100.088,-0.197953,-0,-0,-0.0269634,0.999636
-20.1091,100.082,-0.0997799,-0,-0,-0.0350354,0.999386
-20.0314,100.076,3.41321e-18,-0,-0,-0.065758,0.997836
-19.9323,100.063,-0.0992718,-0,-0,-0.0682341,0.997669
-19.8333,100.049,-0.121938,-0,-0,-0.074966,0.997186
-19.7345,100.033,-0.0105221,-0,-0,-0.0782676,0.996932
-19.7252,100.032,6.5131e-23,-0,-0,-0.0341619,0.999416
-19.6254,100.025,-4.71639e-07,-0,-0,-0.0341619,0.999416
-19.5256,100.018,-5.89585e-07,-0,-0,-0.034162,0.999416
-19.4259,100.012,-1.17946e-07,-0,-0,-0.034162,0.999416
-19.4009,100.01,1.44438e-17,-0,-0,-0.0431959,0.999067
-19.3012,100.002,0.411229,-0,-0,-0.0329317,0.999458
-19.2013,99.9979,0.49471,-0,-0,-0.00515273,0.999987
-19.1013,99.9986,0.030603,0,0,0.00796705,0.999968
-19.0947,99.9987,2.74217e-17,-0,-0,-0.00985315,0.999951
-18.9946,99.998,0.745526,0,0,0.00874936,0.999962
-18.8949,100.004,0.426388,0,0,0.0449779,0.998988
-18.8335,100.01,-2.60754e-17,-0,-0,-0.0254056,0.999677
-18.7331,100.006,1.04778,0,0,0.000622362,1
-18.6338,100.013,1.49725,0,0,0.0752441,0.997165
-18.5359,100.034,0.390693,0,0,0.121935,0.992538
-18.5002,100.043,1.41813e-16,0,0,0.0921081,0.995749
-18.4017,100.063,1.00055,0,0,0.11683,0.993152
-18.3067,100.093,1.75678,0,0,0.190848,0.98162
-18.2171,100.137,0.746977,0,0,0.251565,0.96784
-18.1489,100.176,-5.20694e-22,0,0,0.203639,0.979046
-18.0572,100.216,4.59609e-06,0,0,0.203639,0.979046
-17.9655,100.256,6.1556e-06,0,0,0.20364,0.979046
-17.8738,100.296,1.55951e-06,0,0,0.20364,0.979046
-17.8427,100.309,-7.63519e-18,0,0,0.258695,0.965959
-17.7561,100.359,0.0392899,0,0,0.259644,0.965705
-17.6697,100.41,0.0642765,0,0,0.262409,0.964957
-17.5837,100.461,0.0413919,0,0,0.264957,0.96426
-17.4978,100.512,0.0185089,0,0,0.266401,0.963862
-17.4284,100.554,4.99039e-18,0,0,0.312433,0.94994
-17.348,100.613,0.0915148,0,0,0.314605,0.949223
-17.2681,100.673,0.18319,0,0,0.321116,0.94704
-17.1894,100.735,0.257426,0,0,0.331914,0.94331
-17.1121,100.798,0.0648847,0,0,0.339502,0.940605
-17.0861,100.82,-4.90193e-17,0,0,0.443245,0.8964
-17.0245,100.899,-0.60271,0,0,0.429718,0.902963
-16.9585,100.974,-0.869446,0,0,0.390602,0.92056
-16.8867,101.043,-0.275349,0,0,0.364147,0.931342
-16.8519,101.075,-5.64648e-17,0,0,0.417727,0.908573
-16.7861,101.15,-0.542207,0,0,0.405391,0.914143
-16.7166,101.222,-0.550437,0,0,0.374229,0.927337
-16.6432,101.29,-0.0501478,0,0,0.360281,0.932844
-16.6358,101.297,1.27154e-17,0,0,0.357835,0.933785
-16.5618,101.364,0.388369,0,0,0.366878,0.930269
-16.4904,101.434,0.392995,0,0,0.389155,0.921172
-16.4217,101.507,0.054941,0,0,0.39944,0.916759
-16.4106,101.519,-7.80258e-17,0,0,0.308633,0.951181
-16.3304,101.579,0.98737,0,0,0.331888,0.943319
-16.2569,101.646,1.24553,0,0,0.394431,0.918926
-16.1914,101.722,0.336744,0,0,0.430311,0.902681
-16.1674,101.752,7.7802e-18,0,0,0.293256,0.956034
-16.0852,101.809,0.881151,0,0,0.314158,0.949371
-16.0088,101.873,1.14896,0,0,0.371797,0.928314
-15.9392,101.945,0.0904204,0,0,0.400238,0.916411
-15.9332,101.952,-2.86419e-17,0,0,0.499783,0.866151
-15.8782,102.037,-3.07706,0,0,0.434867,0.900495
-15.804,102.1,-3.18812,0,0,0.248501,0.968632
-15.7103,102.139,-0.0631966,0,0,0.172665,0.984981
-15.7081,102.14,3.85985e-17,0,0,0.330377,0.943849
-15.6303,102.203,0.435727,0,0,0.34063,0.940197
-15.5553,102.269,0.360197,0,0,0.364024,0.93139
-15.4919,102.329,2.01521e-18,0,0,0.344059,0.938948
-15.4157,102.394,0.0936768,0,0,0.346257,0.93814
-15.34,102.459,0.104593,0,0,0.351947,0.93602
-15.2651,102.525,0.0187598,0,0,0.354832,0.93493
-15.2487,102.54,-1.43179e-17,0,0,0.407747,0.913095
-15.1809,102.614,-0.711899,0,0,0.391497,0.920179
-15.1085,102.682,-1.09824,0,0,0.344008,0.938967
-15.0294,102.743,-0.692806,0,0,0.301741,0.95339
-14.9458,102.798,-0.297182,0,0,0.278058,0.960564
-14.8794,102.839,1.33835e-16,0,0,0.298621,0.954372
-14.7958,102.895,-1.14862,0,0,0.271306,0.962493
-14.7073,102.94,-1.61667,0,0,0.192101,0.981375
-14.6125,102.972,-0.451899,0,0,0.141454,0.989945
-14.5732,102.984,2.16951e-17,0,0,0.152515,0.988301
-14.4777,103.013,-0.196826,0,0,0.147651,0.989039
-14.3818,103.041,-0.209921,0,0,0.135275,0.990808
-14.2852,103.068,-0.0333189,0,0,0.129248,0.991612
-14.267,103.072,-1.47106e-18,0,0,0.20643,0.978461
-14.1738,103.111,-1.56654,0,0,0.168477,0.985706
-14.0775,103.134,-1.99739,0,0,0.061343,0.998117
-13.9774,103.139,-0.383928,0,0,0.00258672,0.999997
-13.9517,103.139,-1.25285e-17,0,0,0.116297,0.993214
-13.8542,103.161,-0.466134,0,0,0.104729,0.994501
-13.7559,103.179,-0.537511,0,0,0.0741488,0.997247
-13.6567,103.192,-0.090455,0,0,0.0585,0.998287
-13.6365,103.194,-1.17672e-18,0,0,0.0903513,0.99591
-13.5377,103.211,-0.932507,0,0,0.0672105,0.997739
-13.4382,103.218,-0.990269,0,0,0.00711126,0.999975
-13.3392,103.217,0,0,0,0.00291142,0.999996
-13.2392,103.217,-0.149103,-0,-0,-0.000815332,1
-13.1393,103.216,-0.205624,-0,-0,-0.0109137,0.99994
-13.0393,103.213,-0.156837,-0,-0,-0.0199725,0.999801
-12.9394,103.208,-0.108032,-0,-0,-0.0265921,0.999646
-12.8396,103.202,-0.0593193,-0,-0,-0.0307749,0.999526
-12.7397,103.196,-0.0106935,-0,-0,-0.032525,0.999471
-12.7178,103.194,-8.66842e-19,0,0,0.0313673,0.999508
-12.618,103.201,0.0408658,0,0,0.0323884,0.999475
-12.5182,103.207,0.0570675,0,0,0.0352759,0.999378
-12.4185,103.215,0.0114167,0,0,0.0369869,0.999316
-12.3935,103.217,-6.68076e-19,0,0,0.0429372,0.999078
-12.2938,103.225,-0.399486,0,0,0.0329658,0.999456
-12.1939,103.229,-0.490579,0,0,0.00588669,0.999983
-12.0939,103.228,-0.0660803,-0,-0,-0.00801778,0.999968
-12.0783,103.228,8.19793e-19,0,0,0.0336466,0.999434
-11.9785,103.234,0.0233899,0,0,0.034231,0.999414
-11.8787,103.241,0.028726,0,0,0.035815,0.999358
-11.779,103.249,0.00396704,0,0,0.0366318,0.999329
-11.763,103.25,1.37979e-17,-0,-0,-0.0449387,0.99899
-11.6633,103.242,0.447699,-0,-0,-0.0337665,0.99943
-11.5635,103.238,0.490466,-0,-0,-0.00488785,0.999988
-11.4634,103.239,0.0661246,0,0,0.00901427,0.999959
-11.4478,103.239,-2.79339e-17,-0,-0,-0.034464,0.999406
-11.3478,103.232,-0.215963,-0,-0,-0.0398638,0.999205
-11.2482,103.222,-0.434621,-0,-0,-0.0561064,0.998425
-11.1493,103.208,-0.654082,-0,-0,-0.0832367,0.99653
-11.0513,103.189,-0.323267,-0,-0,-0.109838,0.993949
-10.9794,103.172,-4.13639e-17,-0,-0,-0.0597334,0.998214
-10.8802,103.16,-0.370059,-0,-0,-0.0689587,0.99762
-10.7815,103.144,-0.472929,-0,-0,-0.0942119,0.995552
-10.6836,103.123,-0.106409,-0,-0,-0.108611,0.994084
-10.6552,103.117,9.30575e-19,-0,-0,-0.0336467,0.999434
-10.5554,103.11,-0.0234072,-0,-0,-0.0342316,0.999414
-10.4557,103.103,-0.0287471,-0,-0,-0.0358168,0.999358
-10.3559,103.096,-0.00396996,-0,-0,-0.0366341,0.999329
-10.3399,103.095,-1.29824e-17,-0,-0,-0.0245017,0.9997
-10.24,103.089,-0.43966,-0,-0,-0.0354769,0.99937
-10.1406,103.079,-0.541829,-0,-0,-0.0652683,0.997868
-10.0417,103.064,-0.0793052,-0,-0,-0.0807393,0.996735
-10.0247,103.061,-2.58653e-23,-0,-0,-0.0361633,0.999346
-9.92496,103.054,-1.2428e-06,-0,-0,-0.0361634,0.999346
-9.82522,103.047,-1.33027e-06,-0,-0,-0.0361634,0.999346
-9.72548,103.04,-8.74707e-08,-0,-0,-0.0361635,0.999346
-9.71846,103.039,0,-0,-0,-0.0242952,0.999705
-9.61854,103.034,-0.32997,-0,-0,-0.0325319,0.999471
-9.51903,103.025,-0.534861,-0,-0,-0.0563946,0.998409
-9.42015,103.011,-0.4149,-0,-0,-0.0800529,0.996791
-9.32179,102.993,-0.29411,-0,-0,-0.0976967,0.995216
-9.22381,102.973,-0.174602,-0,-0,-0.109362,0.994002
-9.12605,102.95,-0.0565824,-0,-0,-0.115117,0.993352
-9.07897,102.939,-1.50454e-17,-0,-0,-0.14084,0.990032
-8.98274,102.912,0.327278,-0,-0,-0.132742,0.991151
-8.88579,102.888,0.495083,-0,-0,-0.109622,0.993973
-8.78781,102.868,0.31691,-0,-0,-0.0894342,0.995993
-8.68912,102.851,0.139639,-0,-0,-0.0780608,0.996949
-8.61061,102.839,9.26843e-17,-0,-0,-0.0906302,0.995885
-8.51236,102.82,-0.798892,-0,-0,-0.110434,0.993883
-8.41626,102.793,-0.920943,-0,-0,-0.162613,0.98669
-8.32258,102.758,-0.148884,-0,-0,-0.188864,0.982003
-8.30438,102.751,-1.56912e-17,-0,-0,-0.0961224,0.99537
-8.20634,102.731,-0.52704,-0,-0,-0.10921,0.994019
-8.10959,102.706,-0.58904,-0,-0,-0.143449,0.989658
-8.01426,102.675,-0.0408378,-0,-0,-0.158993,0.98728
-8.00715,102.673,-3.25603e-18,-0,-0,-0.108231,0.994126
-7.90947,102.651,0.0687012,-0,-0,-0.106524,0.99431
-7.81164,102.631,0.079485,-0,-0,-0.102023,0.994782
-7.71367,102.611,0.0144394,-0,-0,-0.0996867,0.995019
-7.69191,102.606,8.20333e-17,-0,-0,-0.0372241,0.999307
-7.59176,102.596,-1.77486,-0,-0,-0.0808038,0.99673
-7.49653,102.569,-1.97704,-0,-0,-0.195809,0.980642
-7.40662,102.524,-0.222597,-0,-0,-0.248622,0.968601
-7.39468,102.518,9.16055e-19,-0,-0,-0.14002,0.990149
-7.29844,102.49,0.291945,-0,-0,-0.132793,0.991144
-7.20151,102.466,0.391053,-0,-0,-0.112582,0.993642
-7.10373,102.445,0.077525,-0,-0,-0.10094,0.994893
-7.07944,102.44,0,-0,-0,-0.108476,0.994099
-6.98146,102.418,-0.129502,-0,-0,-0.111703,0.993742
-6.88391,102.395,-0.260432,-0,-0,-0.1214,0.992604
-6.78719,102.369,-0.393244,-0,-0,-0.137604,0.990487
-6.69174,102.34,-0.526361,-0,-0,-0.160309,0.987067
-6.59797,102.306,-0.47174,-0,-0,-0.187873,0.982193
-6.50562,102.267,-0.0526915,-0,-0,-0.200712,0.97965
-6.49399,102.262,-1.7755e-18,-0,-0,-0.0910114,0.99585
-6.39572,102.243,-0.443833,-0,-0,-0.102043,0.99478
-6.29851,102.22,-0.576406,-0,-0,-0.132458,0.991189
-6.20257,102.192,-0.114531,-0,-0,-0.149541,0.988755
-6.17874,102.185,-5.28633e-17,-0,-0,-0.12796,0.991779
-6.08219,102.158,-0.603795,-0,-0,-0.142886,0.989739
-5.98758,102.126,-0.741248,-0,-0,-0.182941,0.983124
-5.89528,102.088,-0.189416,-0,-0,-0.205728,0.978609
-5.8635,102.074,6.71473e-18,-0,-0,-0.0984544,0.995142
-5.76554,102.053,-0.412075,-0,-0,-0.108692,0.994076
-5.66856,102.029,-0.470543,-0,-0,-0.135577,0.990767
-5.57268,102.001,-0.0651093,-0,-0,-0.148822,0.988864
-5.55727,101.996,4.13917e-19,-0,-0,-0.104369,0.994539
-5.45943,101.975,-0.122613,-0,-0,-0.107418,0.994214
-5.36191,101.953,-0.245634,-0,-0,-0.116565,0.993183
-5.265,101.928,-0.35394,-0,-0,-0.131785,0.991278
-5.16886,101.901,-0.125735,-0,-0,-0.143659,0.989627
-5.11593,101.885,-1.27958e-17,-0,-0,-0.0885846,0.996069
-5.01758,101.866,-0.550975,-0,-0,-0.102274,0.994756
-4.92057,101.843,-0.704553,-0,-0,-0.139932,0.990161
-4.82518,101.813,-0.0981397,-0,-0,-0.159739,0.987159
-4.80969,101.807,-1.40886e-17,-0,-0,-0.0910106,0.99585
-4.71143,101.789,-0.443838,-0,-0,-0.102043,0.99478
-4.61421,101.765,-0.576411,-0,-0,-0.132458,0.991189
-4.51828,101.737,-0.114532,-0,-0,-0.149541,0.988756
-4.49445,101.73,6.17501e-18,-0,-0,-0.134565,0.990905
-4.39808,101.703,-0.0719349,-0,-0,-0.136347,0.990661
-4.30192,101.675,-0.143967,-0,-0,-0.141692,0.989911
-4.20619,101.647,-0.216025,-0,-0,-0.150595,0.988596
-4.11103,101.616,-0.0985051,-0,-0,-0.159243,0.987239
-4.05311,101.597,-2.73007e-17,-0,-0,-0.0842358,0.996446
-3.95458,101.579,-0.463469,-0,-0,-0.0957614,0.995404
-3.85714,101.557,-0.679584,-0,-0,-0.128764,0.991675
-3.76113,101.529,-0.170598,-0,-0,-0.149786,0.988718
-3.72886,101.519,1.34111e-17,-0,-0,-0.105593,0.994409
-3.6312,101.497,-0.423881,-0,-0,-0.116111,0.993236
-3.53464,101.472,-0.513125,-0,-0,-0.143324,0.989676
-3.43943,101.441,-0.291006,-0,-0,-0.163179,0.986596
-3.345,101.408,-0.0708321,-0,-0,-0.172098,0.98508
-3.31455,101.397,-2.53489e-19,-0,-0,-0.101836,0.994801
-3.21678,101.376,-0.63186,-0,-0,-0.117509,0.993072
-3.12062,101.348,-0.591926,-0,-0,-0.155806,0.987788
-3.03533,101.319,-9.67162e-24,-0,-0,-0.120497,0.992714
-2.93824,101.295,6.12841e-06,-0,-0,-0.120497,0.992714
-2.84114,101.271,4.79785e-06,-0,-0,-0.120496,0.992714
-2.76512,101.253,5.0821e-17,-0,-0,-0.220616,0.975361
-2.67377,101.21,0.549813,-0,-0,-0.207179,0.978303
-2.58088,101.173,1.12767,-0,-0,-0.166079,0.986112
-2.48496,101.146,1.18181,-0,-0,-0.0999505,0.994992
-2.38683,101.131,0,-0,-0,-0.183221,0.983072
-2.29338,101.095,0.165757,-0,-0,-0.179145,0.983823
-2.19942,101.061,0.332435,-0,-0,-0.166883,0.985977
-2.10445,101.029,0.369482,-0,-0,-0.147679,0.989035
-2.00839,101.002,0.220351,-0,-0,-0.133085,0.991105
-1.91165,100.976,0.0720034,-0,-0,-0.125838,0.992051
-1.86443,100.964,2.71283e-17,-0,-0,-0.0961227,0.995369
-1.76639,100.944,-0.527027,-0,-0,-0.10921,0.994019
-1.66965,100.919,-0.589026,-0,-0,-0.143448,0.989658
-1.57432,100.889,-0.0408369,-0,-0,-0.158991,0.98728
-1.5672,100.886,8.22838e-17,-0,-0,-0.114032,0.993477
-1.46932,100.866,1.29116,-0,-0,-0.0820294,0.99663
-1.36997,100.855,0.335698,-0,-0,-0.0356995,0.999363
-1.34203,100.853,3.14084e-18,-0,-0,-0.175982,0.984393
-1.2482,100.819,0.0340964,-0,-0,-0.175143,0.984543
-1.15426,100.784,0.0681984,-0,-0,-0.172624,0.984988
-1.06009,100.751,0.0611225,-0,-0,-0.168842,0.985643
-0.972747,100.72,-6.11968e-17,-0,-0,-0.235516,0.97187
-0.882864,100.676,1.18834,-0,-0,-0.206701,0.978404
-0.789151,100.642,0.815733,-0,-0,-0.146012,0.989283
-0.711547,100.62,3.51861e-22,-0,-0,-0.291539,0.956559
-0.628546,100.564,-1.38326e-05,-0,-0,-0.29154,0.956559
-0.545545,100.509,-5.35805e-06,-0,-0,-0.29154,0.956559
-0.513394,100.487,7.59549e-20,-0,-0,-0.352983,0.93563
-0.438648,100.42,-0.307692,-0,-0,-0.360167,0.932888
-0.365763,100.352,-0.16506,-0,-0,-0.374617,0.927179
-0.333256,100.32,-2.45528e-18,-0,-0,-0.229945,0.973204
-0.24492,100.273,-1.77998,-0,-0,-0.272496,0.962157
-0.165975,100.212,-1.20433,-0,-0,-0.362681,0.931913
-0.11709,100.165,-1.35235e-17,-0,-0,-0.578471,0.815703
-0.0831477,100.071,0.541075,-0,-0,-0.5674,0.823442
-0.0443865,99.9789,0.573647,-0,-0,-0.53844,0.842664
-0.000611037,99.889,0.00770711,-0,-0,-0.526156,0.850388
3.56841e-10,99.8877,6.24868e-18,-0,-0,-0.604366,0.796707
0.026809,99.7914,-0.0886668,-0,-0,-0.606131,0.795365
0.0527591,99.6948,-0.177406,-0,-0,-0.611408,0.791316
0.0770809,99.5978,-0.104226,-0,-0,-0.618281,0.785957
0.0900692,99.5438,1.10685e-18,-0,-0,-0.645884,0.763435
0.105825,99.4448,-0.51758,-0,-0,-0.655696,0.755025
0.11639,99.3454,-1.04438,-0,-0,-0.684642,0.728879
0.118077,99.2455,-0.377388,-0,-0,-0.712675,0.701495
0.11709,99.1998,-8.17671e-25,-0,-0,-0.707107,0.707107
0.11709,99.0998,-4.92633e-09,-0,-0,-0.707107,0.707107
0.11709,98.9998,-5.72806e-09,-0,-0,-0.707107,0.707107
0.11709,98.8998,-1.41752e-09,-0,-0,-0.707107,0.707107
0.11709,98.8669,1.37122e-17,-0,-0,-0.690692,0.723149
0.122175,98.767,0.297727,-0,-0,-0.685293,0.728268
0.130144,98.6674,0.340538,-0,-0,-0.670958,0.741495
0.141343,98.568,0.0636223,-0,-0,-0.663435,0.748234
0.144111,98.5451,-6.97518e-18,-0,-0,-0.713847,0.700301
0.143275,98.4451,0.649609,-0,-0,-0.702398,0.711784
0.148253,98.3453,0.391767,-0,-0,-0.678121,0.73495
0.153118,98.2899,-2.76389e-17,-0,-0,-0.728391,0.685162
0.145408,98.1902,-0.963951,-0,-0,-0.744656,0.667448
0.130353,98.0913,-0.225571,-0,-0,-0.767255,0.641343
0.126097,98.068,-3.91711e-18,-0,-0,-0.770901,0.636954
0.106679,97.9699,-0.34133,-0,-0,-0.776306,0.630356
0.0842509,97.8724,-0.20322,-0,-0,-0.787473,0.616349
0.0720554,97.8239,-2.78877e-17,-0,-0,-0.755098,0.655612
0.0576486,97.7249,-0.225404,-0,-0,-0.758779,0.651348
0.0412556,97.6263,-0.205531,-0,-0,-0.766674,0.642037
0.0228426,97.528,-0.110674,-0,-0,-0.771725,0.635957
0.00333729,97.4299,-0.0159899,-0,-0,-0.773735,0.63351
1.61721e-10,97.4133,1.3269e-17,-0,-0,-0.772958,0.634457
-0.0189358,97.315,0.353274,-0,-0,-0.767328,0.641255
-0.0343614,97.2162,0.709073,-0,-0,-0.750034,0.661399
-0.0439372,97.1167,0.106621,-0,-0,-0.734162,0.678975
-0.0450346,97.1026,-2.65162e-17,-0,-0,-0.723747,0.690066
-0.0504763,97.0026,-0.403645,-0,-0,-0.730669,0.682732
-0.059934,96.9031,-0.811948,-0,-0,-0.751065,0.660228
-0.0764346,96.8045,-0.213725,-0,-0,-0.771344,0.636419
-0.0810623,96.7808,2.7131e-17,-0,-0,-0.714654,0.699478
-0.0842366,96.6804,-0.610868,-0,-0,-0.72524,0.688496
-0.0935063,96.581,-1.24031,-0,-0,-0.756273,0.654257
-0.113804,96.4832,-0.24138,-0,-0,-0.788315,0.615272
-0.11709,96.4701,0,-0,-0,-0.698643,0.715471
-0.115043,96.37,-0.201136,-0,-0,-0.702232,0.711948
-0.115012,96.27,-0.404196,-0,-0,-0.712919,0.701246
-0.118991,96.1702,-0.484972,-0,-0,-0.729705,0.683762
-0.127623,96.0707,-0.322701,-0,-0,-0.74335,0.668902
-0.139481,95.9713,-0.161514,-0,-0,-0.751393,0.659855
-0.152961,95.8721,-0.00181063,-0,-0,-0.754083,0.656779
-0.153118,95.8709,1.28606e-17,-0,-0,-0.719276,0.694724
-0.157914,95.771,-0.796319,-0,-0,-0.732929,0.680305
-0.170106,95.6718,-0.58166,-0,-0,-0.763261,0.646091
-0.180138,95.6157,1.34217e-16,-0,-0,-0.780115,0.625636
-0.204225,95.5184,-1.447,-0,-0,-0.802033,0.59728
-0.240812,95.4259,-1.222,-0,-0,-0.848648,0.528958
-0.288222,95.3383,1.30435e-19,-0,-0,-0.727792,0.685798
-0.294273,95.2385,-0.0685686,-0,-0,-0.728967,0.684549
-0.301007,95.1387,-0.137183,-0,-0,-0.732478,0.680791
-0.309094,95.039,-0.122663,-0,-0,-0.737824,0.674993
-0.315242,94.9721,-1.42251e-17,-0,-0,-0.81517,0.579222
-0.348379,94.8778,-0.146119,-0,-0,-0.81728,0.57624
-0.382882,94.7839,-0.292476,-0,-0,-0.823549,0.567245
-0.419766,94.691,-0.148029,-0,-0,-0.830244,0.557399
-0.450346,94.6171,6.68113e-18,-0,-0,-0.675006,0.737813
-0.442662,94.5173,-0.719377,-0,-0,-0.688145,0.725573
-0.441204,94.4174,-0.137239,-0,-0,-0.711212,0.702978
-0.441339,94.4062,1.38131e-17,-0,-0,-0.728766,0.684763
-0.447669,94.3064,-0.0648506,-0,-0,-0.729875,0.68358
-0.454645,94.2066,-0.129797,-0,-0,-0.733193,0.68002
-0.462914,94.107,-0.194813,-0,-0,-0.738687,0.674049
-0.473091,94.0075,-0.166274,-0,-0,-0.745615,0.666377
-0.484861,93.9082,-0.0184518,-0,-0,-0.748684,0.662928
-0.486374,93.8958,-9.85758e-17,-0,-0,-0.77964,0.626228
-0.504464,93.7958,2.4155,-0,-0,-0.741527,0.670923
-0.498526,93.6977,2.79925,-0,-0,-0.619026,0.78537
-0.477367,93.6295,9.081e-19,-0,-0,-0.694294,0.719691
-0.474498,93.5294,-0.43751,-0,-0,-0.702118,0.71206
-0.476015,93.4294,-0.88052,-0,-0,-0.725183,0.688556
-0.48509,93.3299,-0.121314,-0,-0,-0.746543,0.665338
-0.486374,93.3188,5.40896e-19,-0,-0,-0.472253,0.881463
-0.442088,93.2278,-10.9453,-0,-0,-0.65781,0.753184
-0.469195,93.134,-1.14772,-0,-0,-0.858888,0.512164
-0.477367,93.1191,1.1099e-19,-0,-0,-0.725683,0.688029
-0.482955,93.0192,-0.157709,-0,-0,-0.72839,0.685163
-0.490115,92.9194,-0.315866,-0,-0,-0.73645,0.676492
-0.500322,92.82,-0.175759,-0,-0,-0.747477,0.664288
-0.504388,92.7862,6.3537e-18,-0,-0,-0.731511,0.68183
-0.51083,92.6864,0.350307,-0,-0,-0.725515,0.688207
-0.513823,92.5864,0.408717,-0,-0,-0.708895,0.705314
-0.513395,92.5088,-1.44914e-17,-0,-0,-0.654301,0.756234
-0.500168,92.4096,-0.709599,-0,-0,-0.667578,0.744539
-0.493833,92.3099,-0.7992,-0,-0,-0.701479,0.71269
-0.495046,92.2098,-0.0832155,-0,-0,-0.716991,0.697082
-0.495381,92.1981,7.02802e-18,-0,-0,-0.728391,0.685162
-0.50309,92.0984,-0.963948,-0,-0,-0.744656,0.667449
-0.518145,91.9996,-0.225574,-0,-0,-0.767255,0.641343
-0.522402,91.9762,-1.75844e-16,-0,-0,-0.626066,0.77977
-0.505682,91.8735,-3.80824,-0,-0,-0.692783,0.721146
-0.526528,91.7802,-4.41664,-0,-0,-0.861222,0.508229
-0.567436,91.721,6.62025e-17,-0,-0,-0.413815,0.910361
-0.502414,91.6351,-5.20276,-0,-0,-0.514608,0.857425
-0.49177,91.5448,-6.05082,-0,-0,-0.802107,0.597181
-0.522402,91.4768,-7.94374e-17,-0,-0,-0.324445,0.945905
-0.431245,91.397,-4.47021,-0,-0,-0.417016,0.908899
-0.404302,91.3134,-14.66,-0,-0,-0.804035,0.594582
-0.423326,91.2771,9.0035e-20,-0,-0,-0.681562,0.73176
-0.416854,91.1772,-0.381515,-0,-0,-0.688505,0.725232
-0.414211,91.0773,-0.768371,-0,-0,-0.709042,0.705166
-0.418369,90.9775,-0.499866,-0,-0,-0.732243,0.681043
-0.427528,90.8778,-0.153419,-0,-0,-0.743259,0.669004
-0.432333,90.8333,8.90816e-17,-0,-0,-0.763422,0.6459
-0.445964,90.7296,2.25732,-0,-0,-0.726712,0.686943
-0.435853,90.6323,5.25193,-0,-0,-0.587715,0.809068
-0.387651,90.5453,0.0318614,-0,-0,-0.467127,0.88419
-0.387298,90.5448,3.63201e-17,-0,-0,-0.460703,0.887554
-0.327212,90.4642,1.68731,-0,-0,-0.423281,0.905999
-0.255658,90.395,1.01947,-0,-0,-0.329121,0.944288
-0.23418,90.3783,5.80536e-17,-0,-0,-0.650724,0.759314
-0.216498,90.2799,1.45343,-0,-0,-0.622861,0.782333
-0.188312,90.1841,0.637804,-0,-0,-0.580471,0.814281
-0.162125,90.112,-1.07701e-16,-0,-0,-0.64629,0.763092
-0.14755,90.0129,-1.17782,-0,-0,-0.668329,0.743866
-0.144144,89.9133,-1.15092,-0,-0,-0.72013,0.693839
-0.151896,89.8134,-0.121406,-0,-0,-0.741718,0.670712
-0.153118,89.8013,1.79638e-16,-0,-0,-0.504138,0.863623
-0.103669,89.709,-1.35713,-0,-0,-0.533099,0.846053
-0.0695549,89.6156,-3.24978,-0,-0,-0.624287,0.781195
-0.0653949,89.52,-2.97515,-0,-0,-0.751722,0.659481
-0.0894545,89.4223,-0.884072,-0,-0,-0.809936,0.586518
-0.108083,89.3686,-3.47572e-17,-0,-0,-0.830863,0.556476
-0.141049,89.2737,3.57092,-0,-0,-0.780087,0.625671
-0.145227,89.1752,1.81791,-0,-0,-0.672999,0.739644
-0.135104,89.1023,0,-0,-0,-0.614344,0.789039
-0.111243,89.0052,-0.406145,-0,-0,-0.62232,0.782763
-0.090577,88.9073,-0.170787,-0,-0,-0.635305,0.772262
-0.0810624,88.8582,-8.9414e-18,-0,-0,-0.88004,0.474899
-0.134738,88.7733,1.04103,-0,-0,-0.867454,0.497518
-0.178964,88.684,1.52194,-0,-0,-0.827359,0.561674
-0.207159,88.6029,-4.70313e-17,-0,-0,-0.528191,0.849126
-0.171858,88.5089,-6.96438,-0,-0,-0.654349,0.756193
-0.185829,88.4124,-2.19014,-0,-0,-0.815944,0.578131
-0.207159,88.3588,-1.50038e-18,-0,-0,-0.824197,0.566304
-0.242311,88.2637,0.773171,-0,-0,-0.813089,0.58214
-0.269526,88.1675,1.62095,-0,-0,-0.776992,0.62951
-0.281042,88.0691,1.51779,-0,-0,-0.715151,0.69897
-0.279215,87.9816,3.31164e-19,-0,-0,-0.751176,0.660102
-0.29185,87.8824,0.132045,-0,-0,-0.748993,0.662578
-0.303227,87.783,0.154356,-0,-0,-0.743397,0.66885
-0.313101,87.6835,0.08544,-0,-0,-0.739374,0.673294
-0.322126,87.5839,0.0165808,-0,-0,-0.737655,0.675178
-0.32425,87.5599,2.73402e-17,-0,-0,-0.679211,0.733943
-0.319659,87.4593,-1.96271,-0,-0,-0.713829,0.70032
-0.333834,87.3612,-1.7197,-0,-0,-0.794586,0.607152
-0.35127,87.3047,2.75769e-17,-0,-0,-0.711151,0.703039
-0.351486,87.2047,0.560092,-0,-0,-0.701251,0.712915
-0.347065,87.1048,0.395083,-0,-0,-0.682578,0.730813
-0.338697,87.0051,0.140896,-0,-0,-0.672727,0.73989
-0.333257,86.9496,2.41831e-17,-0,-0,-0.816853,0.576845
-0.365778,86.8544,0.723247,-0,-0,-0.80631,0.591493
-0.391091,86.7578,1.47871,-0,-0,-0.772626,0.634862
-0.403308,86.6588,0.516964,-0,-0,-0.731385,0.681965
-0.405312,86.6278,0,-0,-0,-0.719753,0.69423
-0.409176,86.5277,-0.148004,-0,-0,-0.72232,0.691559
-0.414519,86.4277,-0.297343,-0,-0,-0.729978,0.683471
-0.42282,86.3281,-0.447886,-0,-0,-0.742576,0.669761
-0.435549,86.229,-0.486252,-0,-0,-0.759412,0.65061
-0.452698,86.1305,-0.127931,-0,-0,-0.769301,0.638886
-0.459354,86.0952,5.07048e-17,-0,-0,-0.658903,0.752228
-0.451303,85.9932,-3.50033,-0,-0,-0.71892,0.695093
-0.476231,85.8995,-3.24697,-0,-0,-0.856343,0.516408
-0.513395,85.84,-8.96767e-17,-0,-0,-0.823226,0.567714
-0.548637,85.7411,1.27217,-0,-0,-0.804644,0.593757
-0.569449,85.6431,2.99194,-0,-0,-0.738194,0.674588
-0.561579,85.5466,2.98986,-0,-0,-0.609523,0.792769
-0.531409,85.4627,-1.61075e-18,-0,-0,-0.783592,0.621276
-0.553804,85.365,0.28228,-0,-0,-0.779187,0.626792
-0.573389,85.2669,0.568431,-0,-0,-0.765688,0.643213
-0.58736,85.1681,0.663678,-0,-0,-0.742911,0.669391
-0.594458,85.0855,-4.83301e-17,-0,-0,-0.617052,0.786923
-0.573124,84.9868,-1.71286,-0,-0,-0.649679,0.760209
-0.568871,84.8879,-2.25038,-0,-0,-0.736487,0.676452
-0.584855,84.7888,-0.0619306,-0,-0,-0.773606,0.633667
-0.585451,84.7859,-1.60608e-16,-0,-0,-0.636673,0.771134
-0.567666,84.6871,-0.735685,-0,-0,-0.650695,0.759339
-0.557247,84.588,-1.22763,-0,-0,-0.690887,0.722963
-0.557903,84.4883,-0.667958,-0,-0,-0.724277,0.689509
-0.565281,84.3881,-0.126766,-0,-0,-0.737818,0.675
-0.567437,84.3642,1.41327e-17,-0,-0,-0.719237,0.694765
-0.56924,84.2641,1.00347,-0,-0,-0.701661,0.712511
-0.561634,84.1646,0.844751,-0,-0,-0.658331,0.752728
-0.549423,84.0868,2.66122e-17,-0,-0,-0.808769,0.588127
-0.577849,83.9907,1.56377,-0,-0,-0.785359,0.619041
-0.592491,83.892,0.648838,-0,-0,-0.734188,0.678946
-0.594458,83.8649,2.83473e-19,-0,-0,-0.673612,0.739085
-0.588036,83.764,-1.78704,-0,-0,-0.705502,0.708707
-0.599398,83.6655,-2.15424,-0,-0,-0.790028,0.61307
-0.612472,83.6208,3.13339e-17,-0,-0,-0.720888,0.693051
-0.61689,83.5207,-0.284682,-0,-0,-0.725802,0.687903
-0.624146,83.4209,-0.573458,-0,-0,-0.740379,0.67219
-0.636992,83.3219,-0.597265,-0,-0,-0.762104,0.647454
-0.655576,83.2237,-0.286046,-0,-0,-0.7762,0.630486
-0.67552,83.1325,3.36292e-19,-0,-0,-0.722876,0.690978
-0.681935,83.0327,-1.14919,-0,-0,-0.742358,0.670003
-0.697773,82.934,-0.3285,-0,-0,-0.773602,0.633672
-0.702541,82.9106,-7.84447e-19,-0,-0,-0.674239,0.738513
-0.694709,82.8107,-0.766171,-0,-0,-0.688219,0.725503
-0.694521,82.7109,-1.09459,-0,-0,-0.727199,0.686427
-0.702541,82.6221,-1.65924e-16,-0,-0,-0.822404,0.568904
-0.732494,82.5213,5.16001,-0,-0,-0.751309,0.65995
-0.712509,82.4294,4.03145,-0,-0,-0.491079,0.871115
-0.684527,82.3891,7.70567e-19,-0,-0,-0.897934,0.44013
-0.744687,82.308,1.276,-0,-0,-0.883554,0.468329
-0.793212,82.2212,2.54869,-0,-0,-0.833848,0.551995
-0.819631,82.145,-1.29863e-17,-0,-0,-0.734113,0.679027
-0.828487,82.0452,-0.641058,-0,-0,-0.744881,0.667198
-0.843577,81.9465,-0.687283,-0,-0,-0.773054,0.63434
-0.855659,81.8898,1.91286e-24,-0,-0,-0.774234,0.6329
-0.875547,81.7917,2.71879e-06,-0,-0,-0.774234,0.6329
-0.895434,81.6937,1.07856e-06,-0,-0,-0.774233,0.6329
-0.900694,81.6678,5.36901e-17,-0,-0,-0.771262,0.636517
-0.918481,81.5694,0.723012,-0,-0,-0.759646,0.650337
-0.931,81.4702,0.270756,-0,-0,-0.742969,0.669326
-0.936722,81.4126,5.2719e-17,-0,-0,-0.853043,0.521841
-0.981045,81.3218,1.12698,-0,-0,-0.838083,0.545543
-1.01432,81.228,2.322,-0,-0,-0.788044,0.615618
-1.02679,81.1574,2.4523e-17,-0,-0,-0.707304,0.70691
-1.03573,81.0578,-5.68046,-0,-0,-0.797146,0.603787
-1.07183,80.9799,-3.00948e-18,-0,-0,-0.670232,0.742151
-1.06185,80.8804,-0.109372,-0,-0,-0.672259,0.740316
-1.05296,80.7808,-0.189493,-0,-0,-0.678253,0.734828
-1.04563,80.681,-0.0201185,-0,-0,-0.682094,0.731264
-1.0448,80.6692,3.43848e-18,-0,-0,-0.733162,0.680054
-1.05221,80.5694,0.0586211,-0,-0,-0.732164,0.681128
-1.05912,80.4697,0.030023,-0,-0,-0.73032,0.683106
-1.06282,80.414,9.65301e-26,-0,-0,-0.707107,0.707107
-1.06282,80.314,6.64001e-09,-0,-0,-0.707107,0.707107
-1.06282,80.214,4.23115e-09,-0,-0,-0.707107,0.707107
-1.06282,80.1698,8.94908e-19,-0,-0,-0.577443,0.816431
-1.03252,80.0743,-1.9758,-0,-0,-0.616661,0.787228
-1.01824,79.9756,-0.172318,-0,-0,-0.676967,0.736013
-1.01778,79.9701,6.86799e-17,-0,-0,-0.770589,0.637332
-1.03439,79.8715,1.33238,-0,-0,-0.749082,0.662477
-1.04004,79.7719,0.869656,-0,-0,-0.707571,0.706642
-1.037,79.6717,0.161359,-0,-0,-0.689171,0.724599
-1.0358,79.6483,-4.61572e-17,-0,-0,-0.845935,0.533285
-1.0769,79.5562,1.60375,-0,-0,-0.824146,0.566377
-1.10237,79.4603,2.06862,-0,-0,-0.753496,0.657452
-1.10785,79.4042,-4.38475e-18,-0,-0,-0.808577,0.58839
-1.13573,79.3068,2.10187,-0,-0,-0.77722,0.629229
-1.14266,79.2083,2.40307,-0,-0,-0.677065,0.735924
-1.13487,79.149,-6.55487e-18,-0,-0,-0.724949,0.688803
-1.14016,79.0491,-0.106514,-0,-0,-0.726781,0.68687
-1.14651,78.9493,-0.213218,-0,-0,-0.732247,0.681039
-1.15498,78.8497,-0.223213,-0,-0,-0.7409,0.671615
-1.1619,78.7828,9.49643e-19,-0,-0,-0.636653,0.77115
-1.15286,78.6832,-6.41884,-0,-0,-0.747745,0.663986
-1.1709,78.6164,3.77749e-18,-0,-0,-0.541582,0.840648
-1.13892,78.5166,-9.32828,-0,-0,-0.694453,0.719538
-1.1619,78.4499,-3.90457e-18,-0,-0,-0.622852,0.78234
-1.14916,78.3494,-6.86583,-0,-0,-0.738455,0.674303
-1.1709,78.2835,3.86619e-18,-0,-0,-0.82429,0.566167
-1.20604,78.1899,0.483678,-0,-0,-0.817388,0.576087
-1.23395,78.106,8.11635e-19,-0,-0,-0.734356,0.678764
-1.242,78.0063,-0.114025,-0,-0,-0.736288,0.676668
-1.2509,77.9067,-0.0146813,-0,-0,-0.738869,0.673849
-1.25196,77.8951,1.39012e-17,-0,-0,-0.722435,0.691439
-1.25834,77.7953,-1.19946,-0,-0,-0.742783,0.669532
-1.26998,77.7176,2.66926e-17,-0,-0,-0.687024,0.726635
-1.26752,77.6174,-1.9203,-0,-0,-0.720792,0.693151
-1.27899,77.529,-1.90389e-18,-0,-0,-0.5838,0.811897
-1.25273,77.4306,-4.11629,-0,-0,-0.660369,0.750941
-1.26097,77.3403,-3.17486e-24,-0,-0,-0.707107,0.707107
-1.26097,77.2403,-2.42234e-07,-0,-0,-0.707107,0.707107
-1.26097,77.1403,-1.459e-07,-0,-0,-0.707107,0.707107
-1.26097,77.0851,2.44485e-21,-0,-0,-0.728794,0.684733
-1.27273,76.9854,-3.42717,-0,-0,-0.783556,0.621321
-1.297,76.9187,-1.44721e-18,-0,-0,-0.70382,0.710379
-1.30947,76.8184,-9.47959,-0,-0,-0.838964,0.544187
-1.34203,76.7744,-2.14117e-19,-0,-0,-0.678444,0.734652
-1.34052,76.6742,-4.02746,-0,-0,-0.747226,0.66457
-1.36005,76.5969,-5.1824e-17,-0,-0,-0.704927,0.70928
-1.36438,76.4953,-3.1173,-0,-0,-0.756128,0.654424
-1.39727,76.4027,-2.00043,-0,-0,-0.866072,0.499919
-1.41409,76.375,7.33607e-18,-0,-0,-0.757192,0.653193
-1.42806,76.2759,0.423707,-0,-0,-0.750234,0.661172
-1.43829,76.1765,0.196487,-0,-0,-0.73612,0.676851
-1.44111,76.1419,5.13988e-17,-0,-0,-0.693,0.720938
-1.43951,76.04,-1.45525,-0,-0,-0.718564,0.695461
-1.4526,75.9415,-3.08972,-0,-0,-0.792565,0.609787
-1.47714,75.8756,-2.86006e-18,-0,-0,-0.778144,0.628087
-1.48791,75.7755,7.17392,-0,-0,-0.663499,0.748177
-1.45913,75.6981,-6.62242e-24,-0,-0,-0.707107,0.707107
-1.45913,75.5981,4.60237e-07,-0,-0,-0.707107,0.707107
-1.45913,75.4981,1.39525e-07,-0,-0,-0.707107,0.707107
-1.45913,75.4873,4.97426e-17,-0,-0,-0.686646,0.726991
-1.45733,75.3858,-2.4664,-0,-0,-0.729075,0.684434
-1.47933,75.2897,-2.1878,-0,-0,-0.831345,0.555757
-1.49515,75.2542,2.58565e-17,-0,-0,-0.800736,0.599018
-1.51323,75.1558,6.86104,-0,-0,-0.69303,0.720909
-1.49515,75.0767,-2.41059e-18,-0,-0,-0.835875,0.54892
-1.53119,74.9813,3.02658,-0,-0,-0.7937,0.60831
-1.53767,74.8835,2.4516,-0,-0,-0.660012,0.751255
-1.53118,74.8437,1.36271e-19,-0,-0,-0.774422,0.632669
-1.54785,74.7443,2.13661,-0,-0,-0.740151,0.672441
-1.54412,74.6451,1.15316,-0,-0,-0.649161,0.760651
-1.54019,74.6218,-8.88419e-17,-0,-0,-0.849938,0.526883
-1.58214,74.5265,2.98852,-0,-0,-0.81011,0.586279
-1.59264,74.4302,4.88021,-0,-0,-0.651993,0.758225
-1.57622,74.3665,8.78419e-18,-0,-0,-0.401933,0.915669
-1.52248,74.2814,-15.5821,-0,-0,-0.666458,0.745542
-1.54019,74.2112,4.87492e-17,-0,-0,-0.633355,0.773861
-1.52569,74.1099,-3.7174,-0,-0,-0.699079,0.715044
-1.54627,74.0145,-2.10344,-0,-0,-0.839866,0.542793
-1.5582,73.9893,2.59613e-17,-0,-0,-0.794753,0.606933
-1.58115,73.8916,2.19082,-0,-0,-0.760815,0.648968
-1.5853,73.792,0.107006,-0,-0,-0.695541,0.718487
-1.58522,73.7895,-1.55221e-18,-0,-0,-0.688884,0.724872
-1.58256,73.6893,-1.4855,-0,-0,-0.715076,0.699047
-1.59379,73.5904,-1.25674,-0,-0,-0.773574,0.633705
-1.61224,73.5121,2.59203e-18,-0,-0,-0.731003,0.682375
-1.61905,73.4124,0.0418956,-0,-0,-0.730287,0.68314
-1.62547,73.3126,0.030171,-0,-0,-0.728748,0.684782
-1.63026,73.2347,-1.43041e-18,-0,-0,-0.543961,0.83911
-1.59349,73.1351,-4.73144,-0,-0,-0.630914,0.775852
-1.60521,73.0413,-4.07675,-0,-0,-0.852052,0.523457
-1.62125,73.0128,2.3774e-18,-0,-0,-0.774951,0.632021
-1.63998,72.9143,0.880507,-0,-0,-0.760913,0.648854
-1.65,72.8151,1.19205,-0,-0,-0.719394,0.694602
-1.64917,72.7151,0.226545,-0,-0,-0.694424,0.719566
-1.64827,72.691,-3.1172e-18,-0,-0,-0.616839,0.78709
-1.62988,72.5916,-3.77912,-0,-0,-0.68523,0.728327
-1.64458,72.4943,-1.73014,-0,-0,-0.809051,0.587738
-1.65728,72.458,-2.42195e-19,-0,-0,-0.738826,0.673896
-1.66881,72.3585,-1.42712,-0,-0,-0.762262,0.647269
-1.69236,72.2615,-0.0919398,-0,-0,-0.800663,0.599115
-1.69331,72.2583,6.88077e-18,-0,-0,-0.653291,0.757107
-1.67757,72.1595,0.664763,-0,-0,-0.640626,0.767853
-1.66629,72.1029,5.09583e-17,-0,-0,-0.787613,0.616171
-1.68473,72.0036,3.81832,-0,-0,-0.728001,0.685576
-1.67039,71.9058,0.845759,-0,-0,-0.598722,0.800957
-1.66629,71.8921,-5.30855e-16,-0,-0,-0.795177,0.606377
-1.68537,71.7925,5.45575,-0,-0,-0.714007,0.700139
-1.66001,71.6995,2.82263,-0,-0,-0.515235,0.857049
-1.62125,71.6369,-3.77917e-16,-0,-0,-0.731882,0.681431
-1.62082,71.5339,5.61603,-0,-0,-0.643223,0.765679
-1.57594,71.4534,4.61783,-0,-0,-0.370125,0.928982
-1.48964,71.3938,0.586955,-0,-0,-0.256685,0.966495
-1.46813,71.3817,-4.09641e-17,-0,-0,-0.433202,0.901297
-1.41176,71.2984,-5.06759,-0,-0,-0.539906,0.841725
-1.39608,71.2485,9.56442e-18,-0,-0,-0.323779,0.946133
-1.31863,71.1852,-1.54251,-0,-0,-0.359917,0.932984
-1.26998,71.1376,-5.34864e-20,-0,-0,-0.330997,0.943632
-1.1915,71.0756,0.371626,-0,-0,-0.322219,0.946665
-1.12587,71.0266,8.99764e-19,-0,-0,-0.158331,0.987386
-1.02635,71.002,5.10048,-0,-0,-0.0402295,0.99919
-0.94573,71.0155,2.48544e-18,-0,-0,-0.0200452,0.999799
-0.845786,71.0085,-1.81184,-0,-0,-0.0648227,0.997897
-0.748673,70.9862,-0.89488,-0,-0,-0.150053,0.988678
-0.702542,70.9711,-5.04389e-17,-0,-0,-0.00676361,0.999977
-0.602676,70.9622,-4.81268,-0,-0,-0.121867,0.992546
-0.512308,70.9204,-0.427464,-0,-0,-0.265795,0.964029
-0.504389,70.9156,-9.50743e-18,0,0,0.0354624,0.999371
-0.403583,70.9215,-0.773457,0,0,0.0161737,0.999869
-0.303856,70.9195,-1.60868,-0,-0,-0.0430151,0.999074
-0.206175,70.9026,-1.262,-0,-0,-0.123918,0.992292
-0.110197,70.8733,-0.347274,-0,-0,-0.163483,0.986546
-0.0720556,70.8601,5.06158e-19,-0,-0,-0.0313032,0.99951
0.0284631,70.8556,1.05525,-0,-0,-0.00509147,0.999987
0.127775,70.8616,1.88902,0,0,0.0742599,0.997239
0.225296,70.8834,0.493833,0,0,0.13305,0.991109
0.261202,70.8934,8.34462e-20,-0,-0,-0.10852,0.994094
0.359111,70.8731,0.738062,-0,-0,-0.090176,0.995926
0.44134,70.8601,-1.36269e-16,0,0,0.243954,0.969787
0.538876,70.9029,-6.28359,0,0,0.113372,0.993553
0.627571,70.8857,-5.11889,-0,-0,-0.288542,0.957467
0.684528,70.838,-7.79629e-19,0,0,0.186109,0.982529
0.779742,70.8728,-1.44232,0,0,0.150895,0.98855
0.876964,70.893,-2.99379,0,0,0.0405315,0.999178
0.94573,70.8934,-5.14991e-17,0,0,0.0563119,0.998413
1.04588,70.9036,-0.677066,0,0,0.0394222,0.999223
1.14572,70.907,-1.38492,-0,-0,-0.0120038,0.999928
1.24498,70.8974,-0.511884,-0,-0,-0.0760434,0.997105
1.26998,70.8934,1.31584e-17,-0,-0,-0.0459863,0.998942
1.36957,70.8833,-0.557481,-0,-0,-0.0598851,0.998205
1.46827,70.8677,-0.67301,-0,-0,-0.0995764,0.99503
1.50416,70.8601,5.28962e-17,-0,-0,-0.138356,0.990383
1.60198,70.8387,3.79366,-0,-0,-0.0453399,0.998972
1.64827,70.838,1.66854e-19,-0,-0,-0.0691074,0.997609
1.74772,70.8272,1.84202,-0,-0,-0.0232795,0.999729
1.80139,70.8269,-1.93633e-22,-0,-0,-0.193597,0.981081
1.89389,70.7889,-2.56839e-05,-0,-0,-0.193597,0.981081
1.96351,70.7603,-2.58546e-17,0,0,0.0502122,0.998739
2.06377,70.7618,-5.50044,-0,-0,-0.0818605,0.996644
2.13465,70.7381,-1.56047e-19,-0,-0,-0.0820708,0.996627
2.23321,70.7211,-0.361958,-0,-0,-0.091083,0.995843
2.31479,70.7048,-2.32517e-17,-0,-0,-0.388968,0.921251
2.40419,70.6443,50.2252,0,0,0.620244,0.784409
2.40486,70.6493,-2.12435e-19,-0,-0,-0.0413881,0.999143
2.50463,70.6395,-0.933781,-0,-0,-0.0646073,0.997911
2.60259,70.6206,-1.08703,-0,-0,-0.129172,0.991622
2.65705,70.6049,7.626e-18,-0,-0,-0.247279,0.968944
2.75694,70.5526,0.969906,-0,-0,-0.222137,0.975015
2.85538,70.514,2.53139,-0,-0,-0.135457,0.990783
2.95091,70.503,4.71867,0,0,0.0393582,0.999225
3.04218,70.5323,1.13331,0,0,0.242343,0.970191
3.05336,70.5384,-2.30202e-21,-0,-0,-0.0861949,0.996278
3.15311,70.5263,3.28938,-0,-0,-0.00607492,0.999982
3.2425,70.5384,5.23858e-20,-0,-0,-0.0888556,0.996045
3.34144,70.521,0.250537,-0,-0,-0.0826016,0.996583
3.44053,70.5062,0.505955,-0,-0,-0.0637299,0.997967
3.53993,70.4964,0.763941,-0,-0,-0.0320447,0.999486
3.63881,70.494,1.24261e-18,-0,-0,-0.13616,0.990687
3.73622,70.4677,0.565484,-0,-0,-0.12212,0.992515
3.8342,70.4471,1.16183,-0,-0,-0.0792383,0.996856
3.93331,70.4381,1.2963,-0,-0,-0.00847299,0.999964
3.99008,70.4385,1.33534e-17,-0,-0,-0.0411063,0.999155
4.08986,70.4309,0.395282,-0,-0,-0.0312374,0.999512
4.18975,70.4273,0.574255,-0,-0,-0.00213986,0.999998
4.22426,70.4274,-1.19508e-20,0,0,0.0383389,0.999265
4.32488,70.4325,-1.59031,-0,-0,-0.000945464,1
4.42359,70.4219,-1.88461,-0,-0,-0.111638,0.993749
4.48546,70.4052,2.04583e-19,-0,-0,-0.0593735,0.998236
4.58498,70.3938,0.297029,-0,-0,-0.0519592,0.998649
4.68462,70.3854,0.597193,-0,-0,-0.0296322,0.999561
4.78451,70.3828,0.311863,0,0,0.0021372,0.999998
4.80971,70.383,-6.65767e-20,-0,-0,-0.176461,0.984308
4.90358,70.3485,0.161823,-0,-0,-0.172478,0.985013
4.99798,70.3155,0.169897,-0,-0,-0.161919,0.986804
5.06191,70.2942,2.81258e-18,-0,-0,-0.114607,0.993411
5.15918,70.2707,-0.462179,-0,-0,-0.126064,0.992022
5.25511,70.2428,-0.676618,-0,-0,-0.158989,0.98728
5.34931,70.2091,-0.0638586,-0,-0,-0.17721,0.984173
5.35913,70.2055,-2.50031e-20,-0,-0,-0.181331,0.983422
5.45261,70.1699,0.0900012,-0,-0,-0.179118,0.983828
5.54635,70.1351,0.0249328,-0,-0,-0.175328,0.98451
5.56629,70.1278,6.40414e-18,-0,-0,-0.169131,0.985594
5.66105,70.0958,0.866976,-0,-0,-0.147753,0.989024
5.74643,70.0723,1.52712e-17,-0,-0,-0.199173,0.979964
5.8383,70.0326,-0.425745,-0,-0,-0.209583,0.977791
5.92826,69.9891,-0.696936,-0,-0,-0.24028,0.970704
5.99863,69.9503,5.71877e-17,-0,-0,-0.149009,0.988836
6.09416,69.9166,-2.4457,-0,-0,-0.207863,0.978158
6.1773,69.8628,-0.222469,-0,-0,-0.348065,0.937471
6.17877,69.8615,2.54153e-17,-0,-0,-0.64508,0.764115
6.18779,69.7619,-4.85204,-0,-0,-0.73131,0.682045
6.17877,69.7061,6.77046e-24,-0,-0,-0.794097,0.607791
6.15265,69.6096,-1.2091e-06,-0,-0,-0.794097,0.607791
6.14274,69.573,0,-0,-0,-0.998893,0.0470397
5.99431,69.5591,-0.0288661,-0,-0,-0.998943,0.0459713
5.84687,69.5459,-0.0596165,-0,-0,-0.999087,0.0427199
5.70142,69.5342,-0.0943872,-0,-0,-0.99931,0.0371419
5.55895,69.5247,-0.13587,-0,-0,-0.99958,0.0289829
5.42046,69.5181,-0.187731,-0,-0,-0.999841,0.0178527
5.28695,69.5152,-0.255244,-0,-0,-0.999995,0.00318519
5.15941,69.5167,-0.346247,0,0,0.999875,0.0158198
5.03883,69.5233,-0.4726,0,0,0.999188,0.0402796
4.92621,69.5358,-0.652143,0,0,0.997424,0.0717336
4.82254,69.5549,-0.910489,0,0,0.99368,0.112249
4.72882,69.5813,-1.27931,0,0,0.986388,0.164432
4.64604,69.6158,-1.78066,0,0,0.972935,0.231079
4.5752,69.659,-2.37729,0,0,0.949455,0.313902
4.51729,69.7118,-2.89401,0,0,0.911694,0.41087
4.47331,69.7749,-3.04274,0,0,0.858037,0.513588
4.44425,69.849,-2.69791,0,0,0.792943,0.609296
4.43111,69.9348,-2.07193,0,0,0.725511,0.68821
4.43142,69.9947,2.66406e-17,-0,-0,-0.0560537,0.998428
4.5313,69.985,0.936665,-0,-0,-0.0327637,0.999463
4.63099,69.9847,1.39688,0,0,0.0354977,0.99937
4.71964,69.9947,-1.33578e-17,-0,-0,-0.0339314,0.999424
4.81948,69.9882,0.219996,-0,-0,-0.0284352,0.999596
4.91938,69.984,0.440678,-0,-0,-0.0119239,0.999929
5.01687,69.9836,3.30434e-19,-0,-0,-0.0831777,0.996535
5.11706,69.9705,2.28111,-0,-0,-0.0273598,0.999626
5.21576,69.9795,1.16904,0,0,0.112709,0.993628
5.23304,69.9836,-6.69865e-18,-0,-0,-0.0562052,0.998419
5.33237,69.9718,-0.332394,-0,-0,-0.064496,0.997918
5.43121,69.9568,-0.327774,-0,-0,-0.0870561,0.996203
5.46722,69.9503,-1.0083e-16,0,0,0.0243272,0.999704
5.56885,69.9563,0.648885,0,0,0.0406223,0.999175
5.66844,69.9689,1.36741,0,0,0.0907509,0.995874
5.76396,69.9945,2.08891,0,0,0.175964,0.984397
5.85437,70.0364,0.67628,0,0,0.243014,0.970023
5.89955,70.0612,2.11293e-21,0,0,0.219445,0.975625
5.98992,70.104,1.80065e-05,0,0,0.219445,0.975625
6.08029,70.1469,1.06489e-05,0,0,0.219446,0.975625
6.13373,70.1722,-3.46211e-18,0,0,0.237086,0.971489
6.22263,70.218,-0.182361,0,0,0.232655,0.972559
6.3122,70.2624,-0.0483197,0,0,0.225386,0.974269
6.33189,70.2721,1.99136e-19,0,0,0.180844,0.983512
6.42545,70.3074,-0.157343,0,0,0.176974,0.984216
6.51954,70.3412,-0.279284,0,0,0.165414,0.986224
6.6111,70.3719,4.47203e-20,0,0,0.179632,0.983734
6.70462,70.4073,0.0422859,0,0,0.180672,0.983543
6.79801,70.4431,0.0421694,0,0,0.183011,0.983111
6.89124,70.4793,0.0277503,0,0,0.184729,0.982789
6.98437,70.5157,0.0133321,0,0,0.185738,0.982599
7.07046,70.5495,1.46187e-18,0,0,0.123862,0.992299
7.16695,70.5759,1.16566,0,0,0.15261,0.988287
7.26026,70.6116,0.465014,0,0,0.202669,0.979247
7.29563,70.6271,8.07199e-18,0,0,0.171881,0.985118
7.3897,70.6611,0.0704353,0,0,0.173616,0.984813
7.48352,70.6958,0.140956,0,0,0.178818,0.983882
7.57682,70.7317,0.211492,0,0,0.18748,0.982269
7.66944,70.7694,0.0652552,0,0,0.195187,0.980766
7.70094,70.7825,8.10665e-18,0,0,0.204883,0.978786
7.79324,70.821,-1.01614,0,0,0.180021,0.983663
7.88829,70.8519,-0.312545,0,0,0.140116,0.990135
7.91711,70.8602,2.90658e-19,0,0,0.176699,0.984265
8.01071,70.8954,0.27048,0,0,0.183349,0.983048
8.10346,70.9327,0.12188,0,0,0.195574,0.980689
8.14228,70.9489,-4.43439e-19,0,0,0.113735,0.993511
8.23905,70.9748,2.01553,0,0,0.163105,0.986609
8.32989,71.016,0.529711,0,0,0.243749,0.969838
8.34944,71.0266,1.17126e-22,0,0,0.161362,0.986895
8.44423,71.0584,-1.30983e-05,0,0,0.161361,0.986895
8.53903,71.0903,-1.18389e-06,0,0,0.161361,0.986895
8.54759,71.0932,-1.76321e-18,0,0,0.179069,0.983836
8.64113,71.1285,0.0860473,0,0,0.181185,0.983449
8.73439,71.1646,0.0744589,0,0,0.185735,0.9826
8.82738,71.2014,0.0299386,0,0,0.188299,0.982112
8.88986,71.2263,-3.12517e-18,0,0,0.18959,0.981863
8.98245,71.2641,0.359107,0,0,0.198394,0.980122
9.0739,71.3045,0.0981236,0,0,0.212135,0.97724
9.09702,71.3151,3.37788e-19,0,0,0.207723,0.978188
9.18852,71.3555,-0.161278,0,0,0.203778,0.979017
9.28063,71.3944,-0.322902,0,0,0.191914,0.981412
9.37383,71.4306,-0.146895,0,0,0.178271,0.983981
9.42127,71.4483,9.36046e-17,0,0,0.149641,0.98874
9.51613,71.4799,1.3096,0,0,0.181829,0.98333
9.6076,71.5203,0.163683,0,0,0.220548,0.975376
9.61942,71.5259,3.2706e-18,0,0,0.225941,0.974141
9.70947,71.5696,-0.243744,0,0,0.220002,0.975499
9.80046,71.6111,-0.488978,0,0,0.202103,0.979364
9.89323,71.6483,-0.293885,0,0,0.178789,0.983887
9.95268,71.6702,-1.25759e-17,0,0,0.256713,0.966488
10.0411,71.7172,-1.85431,0,0,0.212082,0.977252
10.1353,71.75,-0.676372,0,0,0.13389,0.990996
10.1688,71.7589,-2.18005e-17,0,0,0.256704,0.96649
10.256,71.808,-0.407298,0,0,0.246854,0.969053
10.3447,71.8542,-0.13329,0,0,0.231492,0.972837
10.376,71.8699,4.60518e-17,0,0,0.198888,0.980022
10.4674,71.9105,1.06196,0,0,0.224723,0.974423
10.5548,71.9587,0.697239,0,0,0.270285,0.96278
10.6389,72.0131,0.201492,0,0,0.291822,0.956473
10.6732,72.0364,1.20424e-22,0,0,0.272551,0.962141
10.7584,72.0888,-2.28093e-06,0,0,0.272551,0.962141
10.8435,72.1412,-1.98655e-06,0,0,0.272551,0.962141
10.9287,72.1937,-7.42403e-07,0,0,0.272551,0.962141
10.9795,72.225,-1.35691e-17,0,0,0.248568,0.968614
11.0649,72.277,2.71638,0,0,0.312933,0.949775
11.1388,72.3443,0.110533,0,0,0.385631,0.922653
11.1416,72.347,-2.7941e-18,0,0,0.032793,0.999462
11.2437,72.3598,3.91299,0,0,0.124168,0.992261
11.3283,72.4063,3.31797,0,0,0.367266,0.930116
11.3668,72.4469,-1.8234e-18,0,0,0.185332,0.982676
11.4599,72.4834,0.0100802,0,0,0.18558,0.982629
11.553,72.5199,0.0201605,0,0,0.186322,0.982489
11.646,72.5566,0.0145596,0,0,0.187225,0.982317
11.739,72.5934,0.00665016,0,0,0.187745,0.982218
11.8171,72.6244,-4.97607e-20,0,0,0.210614,0.977569
11.9078,72.6666,0.647655,0,0,0.226393,0.974036
11.9959,72.7138,0.317982,0,0,0.256826,0.966458
12.0333,72.7354,-2.08083e-17,0,0,0.23173,0.97278
12.1223,72.7809,0.265662,0,0,0.238184,0.97122
12.2103,72.8284,0.220671,0,0,0.25159,0.967834
12.2972,72.8779,0.0905694,0,0,0.259113,0.965847
12.3575,72.913,9.91576e-19,0,0,0.238031,0.971258
12.4463,72.9591,-0.0653581,0,0,0.236444,0.971645
12.5353,73.0047,-0.130758,0,0,0.231677,0.972793
12.6249,73.0491,-0.119467,0,0,0.224785,0.974408
12.715,73.0925,-0.0503779,0,0,0.220646,0.975354
12.7809,73.1238,2.56674e-17,0,0,0.169341,0.985558
12.874,73.1606,2.209,0,0,0.222799,0.974864
12.9588,73.2131,0.762912,0,0,0.30897,0.951072
12.988,73.2347,7.1684e-19,0,0,0.212745,0.977108
13.0792,73.2757,-0.3865,0,0,0.203297,0.979117
13.1716,73.314,-0.0911676,0,0,0.190159,0.981753
13.1952,73.3235,8.15933e-18,0,0,0.269365,0.963038
13.2821,73.3731,-1.64484,0,0,0.22982,0.973233
13.3745,73.4109,-0.570075,0,0,0.16663,0.98602
13.4113,73.4234,-9.09365e-18,0,0,0.151424,0.988469
13.5069,73.4529,-0.246076,0,0,0.145341,0.989382
13.603,73.4806,-0.0795877,0,0,0.135944,0.990716
13.6365,73.49,9.98596e-18,0,0,0.141379,0.989956
13.7322,73.5191,0.707945,0,0,0.158854,0.987302
13.8261,73.5535,0.244317,0,0,0.186072,0.982536
13.8617,73.5676,-1.99359e-19,0,0,0.0915545,0.9958
13.96,73.5861,0.166733,0,0,0.0957042,0.99541
14.058,73.606,0.0531408,0,0,0.102511,0.994732
14.0869,73.612,-2.2878e-17,0,0,0.251082,0.967966
14.1764,73.6574,-2.3873,0,0,0.193992,0.981003
14.2724,73.683,-1.22921,0,0,0.0785765,0.996908
14.321,73.6897,6.19838e-22,0,0,0.0935184,0.995618
14.4193,73.7083,1.27778e-05,0,0,0.0935187,0.995618
14.5175,73.7269,4.90022e-06,0,0,0.0935192,0.995617
14.5552,73.7341,-2.48113e-17,0,0,0.117665,0.993053
14.6533,73.7541,-2.08525,0,0,0.0663403,0.997797
14.753,73.7574,-0.612558,-0,-0,-0.0178467,0.999841
14.7804,73.7563,7.83377e-17,0,0,0.0703132,0.997525
14.8797,73.7695,-0.470423,0,0,0.0585897,0.998282
14.9792,73.7781,-0.946559,0,0,0.0232168,0.99973
15.0792,73.7789,-0.212654,-0,-0,-0.00821591,0.999966
15.1046,73.7785,1.5905e-17,0,0,0.101149,0.994871
15.2028,73.7975,-0.649424,0,0,0.0850142,0.99638
15.3018,73.811,-0.496993,0,0,0.0525862,0.998616
15.4015,73.8196,-0.15446,0,0,0.0363262,0.99934
15.4469,73.8228,-1.25773e-20,0,0,0.0430028,0.999075
15.5465,73.8315,0.0651478,0,0,0.0446299,0.999004
15.6461,73.8408,0.0309902,0,0,0.0476901,0.998862
15.6901,73.845,1.36592e-17,-0,-0,-0.010923,0.99994
15.7901,73.8442,0.826998,0,0,0.00970525,0.999953
15.8899,73.8506,0.432463,0,0,0.0491383,0.998792
15.9423,73.8561,5.91749e-18,-0,-0,-0.0184514,0.99983
16.0422,73.8522,-0.145572,-0,-0,-0.0220896,0.999756
16.1421,73.8468,-0.2914,-0,-0,-0.0330086,0.999455
16.2418,73.8388,-0.134914,-0,-0,-0.0455768,0.998961
16.2936,73.8339,5.4305e-17,-0,-0,-0.0633799,0.997989
16.393,73.8234,1.25373,-0,-0,-0.0321784,0.999482
16.493,73.8222,0.297113,0,0,0.0113083,0.999936
16.5187,73.8228,2.02825e-19,-0,-0,-0.0552277,0.998474
16.6183,73.8132,0.85429,-0,-0,-0.0339413,0.999424
16.7182,73.811,0.401806,0,0,0.00613235,0.999981
16.7619,73.8117,-1.20672e-20,-0,-0,-0.031555,0.999502
16.8618,73.8057,0.172183,-0,-0,-0.0272527,0.999629
16.9617,73.8014,0.344846,-0,-0,-0.0143319,0.999897
17.0617,73.8003,0.177723,0,0,0.00165154,0.999999
17.1132,73.8007,9.76104e-20,-0,-0,-0.0552272,0.998474
17.2128,73.791,0.85428,-0,-0,-0.033941,0.999424
17.3127,73.7888,0.401801,0,0,0.00613211,0.999981
17.3564,73.7896,-2.72319e-17,0,0,0.0206117,0.999788
17.4565,73.7907,-1.82853,-0,-0,-0.0246762,0.999695
17.5553,73.777,-0.741218,-0,-0,-0.101091,0.994877
17.5996,73.7674,2.75573e-17,0,0,0.00394216,0.999992
17.6996,73.7676,-0.345155,-0,-0,-0.00468217,0.999989
17.7995,73.7648,-0.261149,-0,-0,-0.0216719,0.999765
17.8994,73.7595,-0.0886792,-0,-0,-0.0304132,0.999537
17.9508,73.7563,-1.69293e-18,-0,-0,-0.0462081,0.998932
18.0504,73.7469,-0.0881733,-0,-0,-0.04841,0.998828
18.1499,73.7368,-0.0250695,-0,-0,-0.0519028,0.998652
18.176,73.7341,-1.57755e-22,0,0,8.3922e-07,1
18.276,73.7341,4.51125e-06,0,0,9.52002e-07,1
18.376,73.7341,1.54197e-06,0,0,1.13529e-06,1
18.4102,73.7341,2.57259e-18,-0,-0,-0.0480308,0.998846
18.5097,73.7246,0.0701201,-0,-0,-0.0462798,0.998929
18.6093,73.7157,0.0287958,-0,-0,-0.0433191,0.999061
18.6534,73.7119,1.35203e-18,-0,-0,-0.0590103,0.998257
18.7529,73.7018,1.02813,-0,-0,-0.0334071,0.999442
18.8528,73.7,0.356384,0,0,0.0086582,0.999963
18.8876,73.7008,3.00467e-20,-0,-0,-0.0430012,0.999075
18.9872,73.6921,-0.0651521,-0,-0,-0.0446284,0.999004
19.0868,73.6828,-0.0309923,-0,-0,-0.0476888,0.998862
19.1308,73.6786,-2.75341e-17,0,0,0.00434822,0.999991
19.2308,73.6789,-0.328389,-0,-0,-0.00385562,0.999993
19.3307,73.6763,-0.325088,-0,-0,-0.022355,0.99975
19.4305,73.6704,-0.203859,-0,-0,-0.0355701,0.999367
19.5302,73.6624,-0.0831247,-0,-0,-0.0427404,0.999086
19.5991,73.6564,3.14738e-19,-0,-0,-0.0638876,0.997957
19.6986,73.6458,1.30592,-0,-0,-0.0313893,0.999507
19.7985,73.6449,0.2179,0,0,0.0118014,0.99993
19.8153,73.6453,-6.83229e-17,-0,-0,-0.054709,0.998502
19.9148,73.6355,0.652034,-0,-0,-0.0384584,0.99926
20.0146,73.6312,0.516066,-0,-0,-0.00579422,0.999983
20.1147,73.6321,0.210915,0,0,0.0123707,0.999923
20.1846,73.6342,1.31476e-17,-0,-0,-0.0515407,0.998671
20.2842,73.6251,0.693283,-0,-0,-0.0342562,0.999413
20.3841,73.6222,0.458557,0,0,0.00278928,0.999996
20.4458,73.6231,1.10501e-22,-0,-0,-0.0472232,0.998884
20.5453,73.6137,-1.1864e-05,-0,-0,-0.0472235,0.998884
20.6449,73.6043,-4.17965e-06,-0,-0,-0.0472239,0.998884
20.6799,73.6009,-1.33531e-17,-0,-0,-0.0304837,0.999535
20.7798,73.5951,0.155707,-0,-0,-0.0265928,0.999646
20.8797,73.5908,0.311822,-0,-0,-0.0149089,0.999889
20.9797,73.5895,0.196053,0,0,0.000734814,1
21.0402,73.5898,-1.71982e-20,-0,-0,-0.0430004,0.999075
21.1398,73.5811,-0.0651539,-0,-0,-0.0446277,0.999004
21.2394,73.5719,-0.0309932,-0,-0,-0.0476881,0.998862
21.2834,73.5676,5.10969e-19,0,0,0.0214071,0.999771
21.3836,73.5692,-1.6354,-0,-0,-0.0191178,0.999817
21.4825,73.5568,-0.859997,-0,-0,-0.097056,0.995279
21.5356,73.5454,0,0,0,0.0117514,0.999931
21.6356,73.5461,-1.03276,-0,-0,-0.0139944,0.999902
21.7353,73.5384,-0.354784,-0,-0,-0.0559357,0.998434
21.7698,73.5344,3.00314e-17,0,0,0.0257273,0.999669
21.8699,73.5358,-2.29566,-0,-0,-0.030907,0.999522
21.9682,73.5189,-0.650064,-0,-0,-0.120741,0.992684
21.995,73.5122,1.37877e-17,0,0,0.0112823,0.999936
22.095,73.5125,-1.16389,-0,-0,-0.0177309,0.999843
22.1946,73.5041,-0.273001,-0,-0,-0.0577274,0.998332
22.2201,73.5011,-8.54557e-18,-0,-0,-0.0303613,0.999539
22.32,73.4951,0.0357153,-0,-0,-0.0294689,0.999566
22.4198,73.4894,0.0645122,-0,-0,-0.0268094,0.999641
22.5197,73.4843,0.0344937,-0,-0,-0.0243351,0.999704
22.6196,73.4796,0.00447759,-0,-0,-0.0233611,0.999727
22.6345,73.4789,1.43747e-23,-0,-0,-0.0341599,0.999416
22.7342,73.472,-6.84256e-07,-0,-0,-0.0341599,0.999416
22.834,73.4652,-8.55379e-07,-0,-0,-0.03416,0.999416
22.9338,73.4584,-1.71123e-07,-0,-0,-0.03416,0.999416
22.9587,73.4567,-1.31404e-17,-0,-0,-0.0203297,0.999793
23.0587,73.4518,-0.491924,-0,-0,-0.0326101,0.999468
23.1581,73.4421,-0.549811,-0,-0,-0.0663951,0.997793
23.2109,73.4345,1.40097e-17,-0,-0,-0.0203286,0.999793
23.3108,73.4296,-0.491944,-0,-0,-0.0326096,0.999468
23.4103,73.4199,-0.549834,-0,-0,-0.0663959,0.997793
23.4631,73.4123,1.32039e-17,-0,-0,-0.0327123,0.999465
23.5629,73.4061,0.197462,-0,-0,-0.0277786,0.999614
23.6628,73.4018,0.395525,-0,-0,-0.0129591,0.999916
23.7628,73.4012,0.0417642,0,0,0.00271437,0.999996
23.7693,73.4012,1.28643e-17,-0,-0,-0.0409927,0.999159
23.8691,73.3936,0.37767,-0,-0,-0.0315636,0.999502
23.969,73.3898,0.534348,-0,-0,-0.00430163,0.999991
24.0395,73.3901,3.46035e-19,-0,-0,-0.0254713,0.999676
24.1394,73.3844,-0.395284,-0,-0,-0.0353421,0.999375
24.2389,73.3748,-0.37689,-0,-0,-0.0610889,0.998132
24.2917,73.3679,2.73301e-17,-0,-0,-0.0257423,0.999669
24.3916,73.3621,-0.383017,-0,-0,-0.0353056,0.999377
24.4911,73.3526,-0.480211,-0,-0,-0.0613349,0.998117
24.5901,73.3386,-0.0992153,-0,-0,-0.075776,0.997125
24.616,73.3346,-1.36961e-17,0,0,0.00852029,0.999964
24.716,73.3357,-0.38931,-0,-0,-0.00120433,0.999999
24.8159,73.3329,-0.48447,-0,-0,-0.0276276,0.999618
24.9157,73.3256,-0.0954452,-0,-0,-0.0421058,0.999113
24.9402,73.3235,-8.00099e-19,-0,-0,-0.0490744,0.998795
25.0399,73.314,0.16744,-0,-0,-0.0448914,0.998992
25.1396,73.3061,0.335946,-0,-0,-0.0323172,0.999478
25.2395,73.3016,0.50446,-0,-0,-0.011316,0.999936
25.3365,73.3013,-3.58451e-19,-0,-0,-0.0506825,0.998715
25.4362,73.2924,0.70707,-0,-0,-0.0330523,0.999454
25.5361,73.2899,0.322002,0,0,0.00483265,0.999988
25.5617,73.2902,-4.24323e-19,-0,-0,-0.0553578,0.998467
25.6613,73.2796,0.240289,-0,-0,-0.0493577,0.998781
25.761,73.2713,0.482723,-0,-0,-0.0313028,0.99951
25.8608,73.2679,0.488784,-0,-0,-0.00231513,0.999997
25.913,73.2681,1.06474e-16,-0,-0,-0.124481,0.992222
26.0104,73.2447,0.872471,-0,-0,-0.102897,0.994692
26.109,73.2298,1.00537,-0,-0,-0.0455187,0.998963
26.209,73.2243,0.15971,-0,-0,-0.0165095,0.999864
26.2282,73.2237,1.09472e-18,-0,-0,-0.0861704,0.99628
26.3272,73.2079,0.881551,-0,-0,-0.0642711,0.997932
26.4268,73.2009,1.00752,-0,-0,-0.00321579,0.999995
26.4804,73.2015,0,0,0,0.00778848,0.99997
26.5805,73.2028,-0.146869,0,0,0.00411687,0.999992
26.6805,73.2026,-0.294368,-0,-0,-0.00691057,0.999976
26.7804,73.1996,-0.315181,-0,-0,-0.0237935,0.999717
26.8801,73.1935,-0.197288,-0,-0,-0.0365951,0.99933
26.9799,73.1853,-0.0798571,-0,-0,-0.0435185,0.999053
27.0479,73.1793,-2.71739e-17,0,0,0.0172848,0.999851
27.148,73.1816,-0.710297,-0,-0,-0.000421043,1
27.2477,73.1768,-1.0062,-0,-0,-0.0508115,0.998708
27.3467,73.1629,-0.256408,-0,-0,-0.0822211,0.996614
27.3811,73.1571,-1.36279e-17,-0,-0,-0.0489447,0.998801
27.4808,73.1484,0.652647,-0,-0,-0.0326673,0.999466
27.5807,73.1458,0.262849,0,0,0.00417138,0.999991
27.5973,73.146,1.37969e-17,-0,-0,-0.0506812,0.998715
27.6969,73.137,0.707037,-0,-0,-0.0330519,0.999454
27.7968,73.1346,0.321988,0,0,0.00483134,0.999988
27.8225,73.1349,-1.8573e-20,-0,-0,-0.0632361,0.997999
27.9216,73.1222,-0.048375,-0,-0,-0.064443,0.997921
28.0208,73.109,-0.0554868,-0,-0,-0.0677808,0.9977
28.0747,73.1016,2.76592e-17,-0,-0,-0.089372,0.995998
28.1736,73.0845,0.4507,-0,-0,-0.0781435,0.996942
28.2728,73.0719,0.912351,-0,-0,-0.0441647,0.999024
28.3725,73.0682,0.383228,0,0,0.00371604,0.999993
28.3899,73.0683,-1.36816e-17,-0,-0,-0.0258246,0.999666
28.4897,73.062,-0.725038,-0,-0,-0.0439072,0.999036
28.5888,73.049,-0.250113,-0,-0,-0.0815704,0.996668
28.6061,73.0461,-1.93887e-23,-0,-0,-0.0341597,0.999416
28.7058,73.0393,-3.18832e-07,-0,-0,-0.0341597,0.999416
28.8056,73.0325,-3.98568e-07,-0,-0,-0.0341597,0.999416
28.9054,73.0257,-7.97354e-08,-0,-0,-0.0341597,0.999416
28.9303,73.0239,2.53929e-17,-0,-0,-0.117106,0.993119
29.0286,73.0042,2.25161,-0,-0,-0.061681,0.998096
29.1104,73.0018,2.82629e-20,0,0,0.0123676,0.999924
29.2114,73.0007,-2.15868,-0,-0,-0.0405954,0.999176
29.3081,72.9791,-1.52159,-0,-0,-0.176474,0.984305
29.3356,72.9685,1.17846e-18,-0,-0,-0.0813342,0.996687
29.4344,72.9524,0.0805338,-0,-0,-0.0793265,0.996849
29.5333,72.9371,0.161288,-0,-0,-0.0732977,0.99731
29.6323,72.9234,0.242249,-0,-0,-0.0632343,0.997999
29.7316,72.9121,0.29404,-0,-0,-0.0491921,0.998789
29.8312,72.9033,0.0444518,-0,-0,-0.0407421,0.99917
29.849,72.9019,-1.20807e-18,-0,-0,-0.0628265,0.998024
29.9481,72.8881,-0.765667,-0,-0,-0.0818759,0.996643
30.0459,72.8673,-0.463069,-0,-0,-0.12461,0.992206
30.0832,72.8575,1.40582e-17,-0,-0,-0.0184975,0.999829
30.1832,72.8532,-0.361131,-0,-0,-0.0275177,0.999621
30.2828,72.8453,-0.605704,-0,-0,-0.0542988,0.998525
30.3624,72.8353,7.37799e-18,-0,-0,-0.0254712,0.999676
30.4623,72.8296,-0.395274,-0,-0,-0.0353417,0.999375
30.5618,72.82,-0.376881,-0,-0,-0.061088,0.998132
30.6146,72.8131,-2.87429e-17,-0,-0,-0.124494,0.99222
30.7122,72.7912,1.72179,-0,-0,-0.0819622,0.996635
30.8116,72.7817,0.617594,-0,-0,-0.0225672,0.999745
30.8668,72.7798,2.55974e-17,-0,-0,-0.0109638,0.99994
30.967,72.7759,-1.06029,-0,-0,-0.0373283,0.999303
31.0657,72.7617,-1.08654,-0,-0,-0.107154,0.994242
31.128,72.7466,-1.55642e-18,-0,-0,-0.0571973,0.998363
31.2274,72.7351,-0.00965677,-0,-0,-0.0574383,0.998349
31.3267,72.7236,-0.0193139,-0,-0,-0.0581614,0.998307
31.426,72.7119,-0.0289713,-0,-0,-0.0593664,0.998236
31.5253,72.6998,-0.0290354,-0,-0,-0.0610076,0.998137
31.5964,72.6911,-1.17609e-23,-0,-0,-0.0612496,0.998122
31.6956,72.6788,6.41309e-06,-0,-0,-0.0612494,0.998122
31.7949,72.6666,9.26706e-06,-0,-0,-0.0612489,0.998123
31.8666,72.6578,3.25707e-18,-0,-0,-0.0550033,0.998486
31.966,72.6466,-0.111335,-0,-0,-0.0577821,0.998329
32.0652,72.6343,-0.187288,-0,-0,-0.0660326,0.997817
32.1368,72.6245,1.26715e-17,-0,-0,-0.0590928,0.998252
32.2361,72.6123,-0.215675,-0,-0,-0.0644728,0.997919
32.335,72.5981,-0.319224,-0,-0,-0.0798435,0.996807
32.4335,72.5809,-0.125144,-0,-0,-0.0909098,0.995859
32.4971,72.569,-1.37084e-17,-0,-0,-0.0656341,0.997844
32.5963,72.5563,0.241115,-0,-0,-0.0596202,0.998221
32.6957,72.546,0.436668,-0,-0,-0.0416563,0.999132
32.7955,72.5395,0.193591,-0,-0,-0.0259136,0.999664
32.8754,72.5357,-1.01663e-22,-0,-0,-0.0612498,0.998122
32.9746,72.5235,5.28268e-06,-0,-0,-0.0612497,0.998122
33.0739,72.5113,7.63358e-06,-0,-0,-0.0612493,0.998122
33.1456,72.5024,6.72742e-17,0,0,0.0576101,0.998339
33.2713,72.4995,-71.9488,-0,-0,-0.421442,0.906855
33.2717,72.4802,6.49987e-18,-0,-0,-0.09147,0.995808
33.3699,72.4617,-0.176106,-0,-0,-0.0958526,0.995396
33.4679,72.4415,-0.229459,-0,-0,-0.10821,0.994128
33.5419,72.4248,5.31117e-19,-0,-0,-0.114279,0.993449
33.6408,72.3974,-2.59331,-0,-0,-0.176487,0.984303
33.7253,72.3476,-3.63343,-0,-0,-0.363983,0.931406
33.758,72.3138,4.31709e-18,-0,-0,-0.284024,0.958817
33.8439,72.2619,1.97902,-0,-0,-0.236778,0.971564
33.9367,72.2255,0.0601621,-0,-0,-0.153945,0.988079
33.9382,72.225,-3.00019e-17,-0,-0,-0.143154,0.9897
34.0337,72.1933,-2.05712,-0,-0,-0.193028,0.981193
34.1201,72.1443,-1.27927,-0,-0,-0.311497,0.950247
34.1453,72.1252,-5.44211e-17,-0,-0,-0.0328595,0.99946
34.2455,72.1134,-3.25043,-0,-0,-0.111166,0.993802
34.3364,72.0744,-1.34066,-0,-0,-0.270193,0.962806
34.3615,72.0586,8.52191e-17,-0,-0,-0.0831325,0.996539
34.4597,72.0391,-1.82161,-0,-0,-0.127632,0.991822
34.5527,72.0054,-1.46324,-0,-0,-0.213949,0.976845
34.6408,71.958,-0.808341,-0,-0,-0.268843,0.963184
34.726,71.9028,-0.214,-0,-0,-0.293489,0.955962
34.7578,71.8811,0,-0,-0,-0.251971,0.967735
34.8449,71.8318,-0.30591,-0,-0,-0.259357,0.965782
34.9303,71.78,-0.519084,-0,-0,-0.280964,0.959718
35.0131,71.7242,-0.409159,-0,-0,-0.30313,0.952949
35.0936,71.6649,-0.298199,-0,-0,-0.31992,0.947444
35.1724,71.6032,-0.188221,-0,-0,-0.331425,0.943481
35.2502,71.5399,-0.0796114,-0,-0,-0.337748,0.941237
35.3072,71.4927,2.51728e-17,-0,-0,-0.335001,0.942218
35.3842,71.4288,-0.58273,-0,-0,-0.348668,0.937246
35.4574,71.3607,-0.630211,-0,-0,-0.38362,0.923491
35.5264,71.2883,-0.0506781,-0,-0,-0.399258,0.916838
35.5324,71.2819,2.22779e-17,-0,-0,-0.362947,0.93181
35.6066,71.2147,0.451932,-0,-0,-0.352409,0.935846
35.6836,71.1511,0.615485,-0,-0,-0.322651,0.946518
35.7642,71.0919,0.162051,-0,-0,-0.304211,0.952605
35.7936,71.071,6.48028e-17,-0,-0,-0.406428,0.913683
35.8619,70.9977,0.969547,-0,-0,-0.384275,0.923219
35.9364,70.9315,1.10201,-0,-0,-0.324984,0.94572
36.0178,70.8731,0.201898,-0,-0,-0.294116,0.95577
36.0368,70.8602,9.67385e-18,-0,-0,-0.349956,0.936766
36.1126,70.7949,0.22508,-0,-0,-0.344681,0.93872
36.1897,70.7313,0.247125,-0,-0,-0.330994,0.943633
36.2683,70.6695,0.0317322,-0,-0,-0.324409,0.945917
36.28,70.6605,-7.52294e-17,-0,-0,-0.361922,0.932208
36.3543,70.5935,0.405128,-0,-0,-0.352474,0.935822
36.4311,70.5296,0.612354,-0,-0,-0.325348,0.945594
36.5115,70.4703,0.389054,-0,-0,-0.301594,0.953436
36.5943,70.414,0.167519,-0,-0,-0.288299,0.95754
36.6583,70.372,2.5867e-17,-0,-0,-0.26854,0.963269
36.7444,70.321,0.544216,-0,-0,-0.25543,0.966828
36.8329,70.2747,0.612673,-0,-0,-0.220866,0.975304
36.9241,70.2336,0.0775998,-0,-0,-0.204027,0.978965
36.9375,70.2277,0,-0,-0,-0.210047,0.977691
37.0287,70.1866,-0.0251922,-0,-0,-0.210663,0.977559
37.1197,70.1453,-0.0503952,-0,-0,-0.21251,0.977159
37.2106,70.1035,-0.0756127,-0,-0,-0.215587,0.976485
37.3011,70.061,-0.100834,-0,-0,-0.219892,0.975524
37.3912,70.0176,-0.101102,-0,-0,-0.225277,0.974295
37.4809,69.9734,-0.0214002,-0,-0,-0.228259,0.9736
37.5049,69.9614,1.02453e-17,-0,-0,-0.335473,0.94205
37.5828,69.8986,0.333978,-0,-0,-0.327601,0.944816
37.6626,69.8385,0.401026,-0,-0,-0.306315,0.95193
37.7447,69.7813,0.0523884,-0,-0,-0.295511,0.955339
37.7571,69.7728,-7.15043e-18,-0,-0,-0.314742,0.949177
37.8373,69.7127,-0.17044,-0,-0,-0.318786,0.947827
37.9163,69.6514,-0.34226,-0,-0,-0.330907,0.943663
37.9931,69.5874,-0.514594,-0,-0,-0.351033,0.936363
38.0667,69.5199,-0.283047,-0,-0,-0.371647,0.928374
38.1264,69.4621,2.81128e-18,-0,-0,-0.282645,0.959225
38.2103,69.4076,-0.188437,-0,-0,-0.28716,0.957883
38.2931,69.3516,-0.228919,-0,-0,-0.299317,0.954154
38.3747,69.2938,-0.0313274,-0,-0,-0.305517,0.952187
38.3876,69.2846,-2.22444e-19,-0,-0,-0.248854,0.968541
38.4752,69.2363,-0.0277475,-0,-0,-0.249525,0.968368
38.5627,69.1878,-0.0555008,-0,-0,-0.25154,0.967847
38.6499,69.1389,-0.0832559,-0,-0,-0.254896,0.966968
38.7367,69.0892,-0.0428771,-0,-0,-0.258265,0.966074
38.8019,69.0516,3.07157e-16,-0,-0,-0.190774,0.981634
38.8942,69.0122,-1.17354,-0,-0,-0.219274,0.975663
38.9807,68.9629,-1.41472,-0,-0,-0.295329,0.955396
39.0603,68.9022,-0.290531,-0,-0,-0.335525,0.942031
39.0812,68.8851,2.46202e-17,-0,-0,-0.250875,0.968019
39.1683,68.836,-0.360899,-0,-0,-0.259593,0.965718
39.2536,68.7839,-0.408948,-0,-0,-0.28233,0.959317
39.3369,68.7285,-0.0607616,-0,-0,-0.293569,0.955938
39.3514,68.7187,7.19984e-18,-0,-0,-0.310117,0.950698
39.4325,68.6599,0.202028,-0,-0,-0.305308,0.952254
39.5147,68.6028,0.406264,-0,-0,-0.290795,0.956786
39.599,68.5492,0.61117,-0,-0,-0.266383,0.963867
39.6861,68.5003,0.311123,-0,-0,-0.242186,0.97023
39.7567,68.4635,4.26927e-18,-0,-0,-0.326964,0.945037
39.836,68.4024,0.631629,-0,-0,-0.312034,0.950071
39.9188,68.3466,0.845877,-0,-0,-0.269836,0.962906
40.0059,68.2973,0.161462,-0,-0,-0.245557,0.969382
40.0269,68.2859,-2.17693e-17,-0,-0,-0.34626,0.938138
40.104,68.2219,0.869858,-0,-0,-0.325861,0.945418
40.1859,68.165,1.05119,-0,-0,-0.269893,0.96289
40.2733,68.1162,0.148256,-0,-0,-0.241016,0.970521
40.2881,68.1084,3.78464e-22,-0,-0,-0.226933,0.97391
40.3778,68.0642,1.42167e-05,-0,-0,-0.226932,0.973911
40.4675,68.02,1.43923e-05,-0,-0,-0.226931,0.973911
40.5572,67.9758,1.75605e-07,-0,-0,-0.226931,0.973911
40.5583,67.9752,0,-0,-0,-0.249407,0.968399
40.6461,67.9272,0.219415,-0,-0,-0.244094,0.969752
40.7348,67.8812,0.331724,-0,-0,-0.229043,0.973416
40.8249,67.838,0.253861,-0,-0,-0.214775,0.976663
40.9161,67.7971,0.175874,-0,-0,-0.204272,0.978914
41.0081,67.7578,0.0982409,-0,-0,-0.197557,0.980291
41.1006,67.7193,0.020962,-0,-0,-0.194632,0.980876
41.1257,67.7089,7.22713e-18,-0,-0,-0.252221,0.96767
41.2133,67.6606,0.349727,-0,-0,-0.243756,0.969836
41.3025,67.6154,0.441976,-0,-0,-0.220506,0.975386
41.3934,67.5738,0.080851,-0,-0,-0.207746,0.978183
41.414,67.5647,-4.32344e-17,-0,-0,-0.24973,0.968316
41.5017,67.5166,0.234342,-0,-0,-0.244055,0.969761
41.5905,67.4707,0.340232,-0,-0,-0.228103,0.973637
41.6807,67.4276,0.218923,-0,-0,-0.214475,0.97673
41.7719,67.3865,0.0979249,-0,-0,-0.206731,0.978398
41.8463,67.3539,1.97277e-17,-0,-0,-0.274276,0.961651
41.9321,67.3022,0.84123,-0,-0,-0.254065,0.967187
42.0215,67.2579,0.915602,-0,-0,-0.200789,0.979635
42.1147,67.2214,0.0168334,-0,-0,-0.177987,0.984033
42.1165,67.2207,-2.70311e-19,-0,-0,-0.222762,0.974873
42.2069,67.1778,0.393751,-0,-0,-0.213163,0.977017
42.2988,67.1385,0.458324,-0,-0,-0.187546,0.982256
42.3924,67.1032,0.0531872,-0,-0,-0.17498,0.984572
42.4047,67.0986,3.79132e-17,-0,-0,-0.306499,0.951871
42.4871,67.0414,0.963339,-0,-0,-0.283606,0.958941
42.5739,66.9926,1.20624,-0,-0,-0.220179,0.97546
42.6661,66.9536,0.263266,-0,-0,-0.184361,0.982859
42.693,66.9433,2.38751e-18,-0,-0,-0.127897,0.991787
42.8058,66.8986,-117.008,-0,-0,-0.613502,0.789693
42.783,66.8767,2.42067e-17,-0,-0,-0.173023,0.984918
42.8771,66.842,-0.362579,-0,-0,-0.181944,0.983309
42.9696,66.8039,-0.732349,-0,-0,-0.208762,0.977966
43.0589,66.7594,-0.695827,-0,-0,-0.249646,0.968337
43.1433,66.7103,3.12841e-19,-0,-0,-0.148259,0.988949
43.2387,66.68,-0.588322,-0,-0,-0.162768,0.986664
43.3321,66.6446,-0.422262,-0,-0,-0.195461,0.980711
43.3865,66.6215,1.1589e-18,-0,-0,-0.207395,0.978257
43.4778,66.5807,-0.17054,-0,-0,-0.211563,0.977364
43.5576,66.5438,1.11091e-17,-0,-0,-0.210539,0.977585
43.6483,66.5017,-0.653097,-0,-0,-0.226447,0.974023
43.7364,66.4544,-0.402922,-0,-0,-0.258538,0.966001
43.7918,66.4218,-1.83965e-16,-0,-0,-0.00372676,0.999993
43.8917,66.413,-5.2321,-0,-0,-0.127373,0.991855
43.9803,66.3682,-0.980144,-0,-0,-0.294751,0.955574
43.999,66.3552,-6.30121e-18,-0,-0,-0.458212,0.888843
44.0673,66.2779,8.36839,-0,-0,-0.296538,0.955021
44.1605,66.2614,2.4649,0,0,0.0533926,0.998574
44.1971,66.2664,4.08714e-19,-0,-0,-0.246106,0.969243
44.2851,66.2188,0.0667724,-0,-0,-0.244487,0.969652
44.3733,66.1718,0.0536737,-0,-0,-0.240332,0.970691
44.4043,66.1555,-1.75421e-18,-0,-0,-0.125349,0.992113
44.5007,66.1273,-1.99756,-0,-0,-0.173986,0.984748
44.5894,66.0825,-1.26696,-0,-0,-0.28164,0.95952
44.6295,66.0556,5.30885e-20,-0,-0,-0.108621,0.994083
44.727,66.0337,-0.203705,-0,-0,-0.113681,0.993517
44.8241,66.0098,-0.369043,-0,-0,-0.128797,0.991671
44.8997,65.989,2.81867e-19,-0,-0,-0.034356,0.99941
44.9993,65.9803,-1.12093,-0,-0,-0.0622803,0.998059
45.0798,65.9668,2.55313e-19,-0,-0,-0.0696304,0.997573
45.1787,65.9517,-0.751742,-0,-0,-0.0883298,0.996091
45.2762,65.93,-0.328353,-0,-0,-0.125955,0.992036
45.305,65.9225,2.57384e-18,-0,-0,-0.0942578,0.995548
45.4026,65.9007,-1.86399,-0,-0,-0.140085,0.990139
45.4959,65.8656,-0.927376,-0,-0,-0.209789,0.977747
45.5842,65.8226,1.96735e-18,-0,-0,-0.162563,0.986698
45.6789,65.7904,-0.0641379,-0,-0,-0.164145,0.986436
45.7733,65.7576,-0.0628041,-0,-0,-0.168426,0.985714
45.8094,65.7449,3.38017e-18,-0,-0,-0.154507,0.987992
45.9045,65.7141,-0.21223,-0,-0,-0.159746,0.987158
45.999,65.6814,-0.040849,-0,-0,-0.169979,0.985448
46.0075,65.6784,2.49377e-17,-0,-0,-0.130587,0.991437
46.1036,65.6497,-1.66527,-0,-0,-0.171372,0.985206
46.1939,65.6073,-0.442788,-0,-0,-0.252578,0.967577
46.2057,65.6007,-2.55166e-17,-0,-0,-0.115875,0.993264
46.3028,65.5757,-1.18486,-0,-0,-0.145075,0.989421
46.3959,65.54,-0.91992,-0,-0,-0.218148,0.975916
46.4308,65.523,-3.3246e-18,-0,-0,-0.155363,0.987857
46.5259,65.4921,-0.160804,-0,-0,-0.159333,0.987225
46.6205,65.4597,-0.129806,-0,-0,-0.168497,0.985702
46.692,65.4342,-7.89957e-19,-0,-0,-0.199289,0.979941
46.7851,65.3974,1.50356,-0,-0,-0.162559,0.986699
46.8819,65.3728,0.490167,-0,-0,-0.0975041,0.995235
46.9082,65.3677,-1.43508e-17,-0,-0,-0.0994401,0.995044
47.0064,65.3487,0.503624,-0,-0,-0.0869158,0.996216
47.1053,65.334,0.318716,-0,-0,-0.0631243,0.998006
47.1964,65.3233,-5.14388e-19,-0,-0,-0.106533,0.994309
47.2942,65.3023,0.135101,-0,-0,-0.103175,0.994663
47.3923,65.2827,0.270337,-0,-0,-0.0930881,0.995658
47.4757,65.2678,-1.62916e-24,-0,-0,-0.10108,0.994878
47.5736,65.2477,1.82497e-07,-0,-0,-0.10108,0.994878
47.6716,65.2276,3.7734e-08,-0,-0,-0.10108,0.994878
47.6918,65.2234,-3.15328e-19,-0,-0,-0.0988427,0.995103
47.79,65.2045,0.452457,-0,-0,-0.0875854,0.996157
47.881,65.1901,-3.88615e-24,-0,-0,-0.0763201,0.997083
47.9798,65.1749,-9.86251e-06,-0,-0,-0.0763203,0.997083
48.0786,65.1597,-3.69152e-06,-0,-0,-0.0763208,0.997083
48.0971,65.1568,1.27664e-17,-0,-0,-0.0520788,0.998643
48.1966,65.1448,-1.00039,-0,-0,-0.0769369,0.997036
48.2941,65.1233,-0.71155,-0,-0,-0.137088,0.990559
48.3313,65.1125,-3.49316e-18,-0,-0,-0.0665624,0.997782
48.4304,65.0987,-0.268396,-0,-0,-0.0732541,0.997313
48.529,65.0825,-0.121498,-0,-0,-0.0886325,0.996064
48.5475,65.0792,-2.33492e-17,-0,-0,-0.160749,0.986995
48.6441,65.0513,2.58548,-0,-0,-0.0979045,0.995196
48.7434,65.0458,0.121588,0,0,0.0184919,0.999829
48.7456,65.0459,-1.85907e-19,-0,-0,-0.0908563,0.995864
48.844,65.028,0.126229,-0,-0,-0.0877134,0.996146
48.9426,65.0113,0.216035,-0,-0,-0.0783499,0.996926
49.0068,65.0015,-3.3504e-18,-0,-0,-0.0726107,0.99736
49.1057,64.9867,-0.209995,-0,-0,-0.077845,0.996965
49.2043,64.9699,-0.0469957,-0,-0,-0.0885043,0.996076
49.214,64.9682,-1.85627e-19,-0,-0,-0.119535,0.99283
49.3114,64.9455,0.62613,-0,-0,-0.104005,0.994577
49.4099,64.9287,0.461287,-0,-0,-0.0657284,0.997838
49.4482,64.9238,2.71608e-17,-0,-0,-0.0387492,0.999249
49.5477,64.914,-1.26585,-0,-0,-0.0702442,0.99753
49.6458,64.8948,-0.234867,-0,-0,-0.112481,0.993654
49.6643,64.8905,6.17827e-17,-0,-0,-0.0427761,0.999085
49.7639,64.8814,-0.386393,-0,-0,-0.0524187,0.998625
49.8631,64.8689,-0.289861,-0,-0,-0.0714152,0.997447
49.9619,64.8535,-0.0901182,-0,-0,-0.0808852,0.996723
50.0066,64.8462,-6.53594e-18,-0,-0,-0.112711,0.993628
50.1042,64.8243,0.323451,-0,-0,-0.104677,0.994506
50.2023,64.8049,0.22735,-0,-0,-0.0908134,0.995868
50.3008,64.7878,0.124605,-0,-0,-0.0820481,0.996628
50.3996,64.7719,0.0221326,-0,-0,-0.078391,0.996923
50.4209,64.7685,-2.68364e-17,-0,-0,-0.0377441,0.999287
50.5207,64.7602,-0.431499,-0,-0,-0.0485119,0.998823
50.6199,64.7477,-0.867228,-0,-0,-0.080897,0.996722
50.7179,64.7282,-0.152077,-0,-0,-0.108599,0.994086
50.7362,64.7241,-1.88225e-19,-0,-0,-0.0780087,0.996953
50.835,64.7087,0.0767293,-0,-0,-0.0760961,0.9971
50.9339,64.694,0.153559,-0,-0,-0.0703545,0.997522
51.033,64.6809,0.230384,-0,-0,-0.0607769,0.998151
51.1324,64.6696,0.0217548,-0,-0,-0.0538132,0.998551
51.1415,64.6686,-1.95718e-17,-0,-0,-0.114445,0.99343
51.2391,64.6467,0.526942,-0,-0,-0.101359,0.99485
51.3374,64.6288,0.272469,-0,-0,-0.0811604,0.996701
51.4363,64.6135,0.00653406,-0,-0,-0.0742088,0.997243
51.4387,64.6131,-6.29992e-18,-0,-0,-0.0876419,0.996152
51.5373,64.596,0.220626,-0,-0,-0.0821474,0.99662
51.6361,64.5811,0.441801,-0,-0,-0.0656338,0.997844
51.7355,64.5697,0.0441635,-0,-0,-0.0519975,0.998647
51.7449,64.5688,-6.64264e-18,-0,-0,-0.112929,0.993603
51.8428,64.5482,1.17958,-0,-0,-0.0836637,0.996494
51.9421,64.5364,0.130152,-0,-0,-0.0453055,0.998973
51.9521,64.5355,-6.32969e-18,-0,-0,-0.112928,0.993603
52.05,64.5149,1.17958,-0,-0,-0.0836634,0.996494
52.1493,64.5031,0.130154,-0,-0,-0.045305,0.998973
52.1593,64.5022,1.77517e-18,-0,-0,-0.0987687,0.99511
52.2572,64.4822,-0.229003,-0,-0,-0.104464,0.994529
52.3549,64.4604,-0.0295324,-0,-0,-0.111989,0.993709
52.3664,64.4578,-4.20129e-19,-0,-0,-0.11359,0.993528
52.4643,64.4372,1.24644,-0,-0,-0.0826825,0.996576
52.5636,64.426,0.238536,-0,-0,-0.0398818,0.999204
52.5826,64.4245,-2.68868e-17,-0,-0,-0.187763,0.982214
52.6773,64.3922,3.01598,-0,-0,-0.114334,0.993442
52.7765,64.3804,0.128433,-0,-0,-0.0303044,0.999541
52.7807,64.3801,9.7816e-19,-0,-0,-0.0876417,0.996152
52.8793,64.363,0.220625,-0,-0,-0.0821473,0.99662
52.9782,64.3481,0.441797,-0,-0,-0.0656338,0.997844
53.0775,64.3367,0.0441631,-0,-0,-0.0519977,0.998647
53.087,64.3358,3.27201e-20,-0,-0,-0.0462058,0.998932
53.1865,64.3264,-0.0881822,-0,-0,-0.0484078,0.998828
53.286,64.3163,-0.0250721,-0,-0,-0.051901,0.998652
53.3122,64.3136,-2.08554e-17,-0,-0,-0.0487414,0.998811
53.4116,64.3034,-0.242963,-0,-0,-0.0548055,0.998497
53.5109,64.2913,-0.188235,-0,-0,-0.066208,0.997806
53.6099,64.2773,-0.105227,-0,-0,-0.0735262,0.997293
53.7088,64.2622,-0.0223611,-0,-0,-0.0767072,0.997054
53.7355,64.2581,-3.47392e-17,-0,-0,-0.108883,0.994055
53.8334,64.2377,0.775577,-0,-0,-0.0896277,0.995975
53.9323,64.2235,0.451618,-0,-0,-0.0561988,0.99842
54.0319,64.2138,0.00348885,-0,-0,-0.0448473,0.998994
54.0327,64.2137,2.71399e-19,-0,-0,-0.0742359,0.997241
54.1319,64.1998,0.560137,-0,-0,-0.0602856,0.998181
54.2315,64.1915,1.11642,-0,-0,-0.0181587,0.999835
54.3299,64.1915,6.39685e-18,-0,-0,-0.0652004,0.997872
54.4291,64.1783,-0.114775,-0,-0,-0.0680632,0.997681
54.5281,64.164,-0.229702,-0,-0,-0.0766519,0.997058
54.6267,64.1475,-0.136942,-0,-0,-0.0876756,0.996149
54.6902,64.136,-4.72058e-24,-0,-0,-0.0438687,0.999037
54.7898,64.1273,7.58053e-07,-0,-0,-0.0438687,0.999037
54.8895,64.1185,1.51611e-06,-0,-0,-0.0438686,0.999037
54.9891,64.1097,1.20915e-06,-0,-0,-0.0438685,0.999037
55.0685,64.1027,6.61712e-18,-0,-0,-0.0348787,0.999392
55.1682,64.0946,-0.675203,-0,-0,-0.0517162,0.998662
55.2672,64.0807,-0.395511,-0,-0,-0.084752,0.996402
55.3297,64.0695,1.38214e-17,-0,-0,-0.033158,0.99945
55.4294,64.0615,-0.805092,-0,-0,-0.0532229,0.998583
55.5282,64.0466,-0.433314,-0,-0,-0.0918977,0.995768
55.5819,64.0362,2.71744e-17,-0,-0,-0.0345889,0.999402
55.6818,64.0285,-0.420667,-0,-0,-0.045089,0.998983
55.781,64.0167,-0.84623,-0,-0,-0.0766826,0.997056
55.8792,63.9978,-0.228932,-0,-0,-0.107874,0.994165
55.9062,63.9918,6.0597e-18,-0,-0,-0.0520645,0.998644
56.0056,63.9815,0.0954351,-0,-0,-0.0496817,0.998765
56.1052,63.972,0.023156,-0,-0,-0.0463581,0.998925
56.1313,63.9696,4.85673e-17,-0,-0,-0.0942064,0.995553
56.2298,63.9517,0.53136,-0,-0,-0.0809935,0.996715
56.3288,63.9386,0.487086,-0,-0,-0.0515596,0.99867
56.4285,63.9303,0.217236,-0,-0,-0.0339759,0.999423
56.5096,63.9252,-2.81688e-17,-0,-0,-0.0908543,0.995864
56.6081,63.9076,0.284091,-0,-0,-0.0837823,0.996484
56.7069,63.8925,0.264363,-0,-0,-0.0679867,0.997686
56.8061,63.88,0.126028,-0,-0,-0.0582477,0.998302
56.8969,63.8697,8.21483e-19,-0,-0,-0.0858905,0.996305
56.9956,63.8528,0.0983023,-0,-0,-0.0834407,0.996513
57.0943,63.8368,0.196964,-0,-0,-0.0760815,0.997102
57.1933,63.8227,0.295918,-0,-0,-0.0637924,0.997963
57.2926,63.8116,0.290818,-0,-0,-0.0472521,0.998883
57.3923,63.8032,4.07965e-05,-0,-0,-0.0399919,0.9992
57.3923,63.8032,9.69353e-18,-0,-0,-0.0902485,0.995919
57.4908,63.7856,0.239469,-0,-0,-0.0842864,0.996442
57.5895,63.7701,0.216719,-0,-0,-0.0710836,0.99747
57.6887,63.7568,0.091715,-0,-0,-0.063391,0.997989
57.7616,63.7477,1.61434e-18,-0,-0,-0.0392817,0.999228
57.8613,63.7396,-0.109603,-0,-0,-0.0420194,0.999117
57.9609,63.7306,-0.0671684,-0,-0,-0.0477844,0.998858
58.0138,63.7255,5.30029e-20,-0,-0,-0.0966584,0.995318
58.1122,63.7074,0.712175,-0,-0,-0.078951,0.996878
58.2114,63.6954,0.307057,-0,-0,-0.045711,0.998955
58.248,63.6922,1.33842e-17,-0,-0,-0.0402768,0.999189
58.3476,63.6837,-0.269387,-0,-0,-0.0470015,0.998895
58.447,63.6728,-0.275709,-0,-0,-0.0623541,0.998054
58.546,63.6591,-0.186207,-0,-0,-0.0738728,0.997268
58.6448,63.6436,-0.0969225,-0,-0,-0.0809306,0.99672
58.7436,63.6271,-0.00793426,-0,-0,-0.0835443,0.996504
58.7524,63.6256,1.374e-17,-0,-0,-0.0289806,0.99958
58.8522,63.6189,-0.542861,-0,-0,-0.0425253,0.999095
58.9514,63.6071,-0.48593,-0,-0,-0.0748777,0.997193
59.0406,63.5923,6.57955e-19,-0,-0,-0.0440819,0.999028
59.1402,63.5834,-0.0796249,-0,-0,-0.0460708,0.998938
59.2398,63.5737,-0.159392,-0,-0,-0.052039,0.998645
59.3391,63.5623,-0.239218,-0,-0,-0.0619868,0.998077
59.4382,63.5488,-0.135425,-0,-0,-0.0725176,0.997367
59.518,63.5369,-2.72117e-17,-0,-0,-0.0242418,0.999706
59.6179,63.531,-0.608355,-0,-0,-0.0394162,0.999223
59.7171,63.5193,-0.61689,-0,-0,-0.0780317,0.996951
59.8062,63.5036,-1.34086e-23,-0,-0,-0.0409584,0.999161
59.9058,63.4954,6.90059e-07,-0,-0,-0.0409584,0.999161
60.0055,63.4872,4.90759e-07,-0,-0,-0.0409584,0.999161
60.0764,63.4814,0,-0,-0,-0.0796963,0.996819
60.1752,63.4658,0.191253,-0,-0,-0.0749309,0.997189
60.2742,63.4521,0.24636,-0,-0,-0.0624598,0.998047
60.3735,63.4407,0.18575,-0,-0,-0.0516775,0.998664
60.4731,63.4312,0.125136,-0,-0,-0.0439145,0.999035
60.5728,63.423,0.064696,-0,-0,-0.0391714,0.999233
60.6726,63.4154,0.00440151,-0,-0,-0.0374443,0.999299
60.6799,63.4148,3.25532e-17,-0,-0,-0.140481,0.990083
60.7769,63.3893,1.52623,-0,-0,-0.10303,0.994678
60.8757,63.3783,1.48809,-0,-0,-0.00876891,0.999962
60.9761,63.3815,0.0146407,0,0,0.0283998,0.999597
60.9771,63.3815,-1.28642e-17,-0,-0,-0.0917014,0.995787
61.0756,63.3644,0.669318,-0,-0,-0.0750577,0.997179
61.1749,63.3533,0.515641,-0,-0,-0.0378894,0.999282
61.2563,63.3482,0,-0,-0,-0.0346652,0.999399
61.3561,63.3412,-0.0538006,-0,-0,-0.0360094,0.999351
61.4558,63.3337,-0.107665,-0,-0,-0.0400429,0.999198
61.5554,63.325,-0.152987,-0,-0,-0.0467431,0.998907
61.6549,63.315,-0.128127,-0,-0,-0.0537605,0.998554
61.7542,63.3037,-0.103221,-0,-0,-0.0595338,0.998226
61.8534,63.2913,-0.0783227,-0,-0,-0.0640636,0.997946
61.9526,63.2782,-0.0534565,-0,-0,-0.0673514,0.997729
62.0517,63.2645,-0.0286253,-0,-0,-0.0693993,0.997589
62.1508,63.2505,-0.00381722,-0,-0,-0.0702087,0.997532
62.166,63.2484,-3.27427e-24,-0,-0,-0.0763192,0.997083
62.2648,63.2332,-2.10253e-06,-0,-0,-0.0763193,0.997083
62.3637,63.2179,-1.92634e-06,-0,-0,-0.0763194,0.997083
62.4542,63.204,6.63937e-18,-0,-0,-0.0303252,0.99954
62.554,63.1972,-0.465252,-0,-0,-0.0419372,0.99912
62.6533,63.186,-0.431297,-0,-0,-0.0698724,0.997556
62.7515,63.1707,-4.11605e-17,0,0,0.0107045,0.999943
62.8515,63.1717,-0.70624,-0,-0,-0.00689931,0.999976
62.9512,63.1661,-0.720411,-0,-0,-0.0486404,0.998816
63.0504,63.1534,-0.35385,-0,-0,-0.0754181,0.997152
63.1478,63.1374,-2.79876e-17,-0,-0,-0.0953196,0.995447
63.2464,63.1202,1.08362,-0,-0,-0.0684646,0.997654
63.3459,63.1132,0.984072,-0,-0,-0.00317591,0.999995
63.436,63.1152,-9.79266e-20,-0,-0,-0.0750316,0.997181
63.5348,63.1002,-0.0728769,-0,-0,-0.0768482,0.997043
63.6336,63.0844,-0.0642034,-0,-0,-0.0811956,0.996698
63.7152,63.0709,2.71293e-17,-0,-0,-0.0303246,0.99954
63.815,63.064,-0.465263,-0,-0,-0.0419368,0.99912
63.9143,63.0528,-0.431307,-0,-0,-0.0698728,0.997556
64.0124,63.0376,-2.97953e-17,-0,-0,-0.0176139,0.999845
64.1125,63.032,-1.20466,-0,-0,-0.0475217,0.99887
64.2107,63.0153,-1.04383,-0,-0,-0.118793,0.992919
64.2916,62.9932,1.06795e-18,-0,-0,-0.0359738,0.999353
64.3914,62.986,-0.00945403,-0,-0,-0.03621,0.999344
64.4911,62.9787,-0.0122505,-0,-0,-0.0368412,0.999321
64.5908,62.9713,-0.00738097,-0,-0,-0.0373317,0.999303
64.6906,62.9638,-0.00251149,-0,-0,-0.0375788,0.999294
64.742,62.9599,0,-0,-0,-0.0734679,0.997298
64.8409,62.9452,-0.00768892,-0,-0,-0.0736596,0.997283
64.9398,62.9305,-0.015378,-0,-0,-0.0742347,0.997241
65.0387,62.9156,-0.0230671,-0,-0,-0.0751931,0.997169
65.1376,62.9005,-0.0152252,-0,-0,-0.0761497,0.997096
65.2364,62.8853,-0.00730131,-0,-0,-0.0767112,0.997053
65.3274,62.8711,1.31736e-17,-0,-0,-0.0255486,0.999674
65.4273,62.8648,-0.741306,-0,-0,-0.0440268,0.99903
65.5263,62.8515,-0.606375,-0,-0,-0.0874019,0.996173
65.5977,62.8378,4.29958e-19,-0,-0,-0.027405,0.999624
65.6975,62.8313,-0.633845,-0,-0,-0.0432133,0.999066
65.7966,62.8189,-0.544518,-0,-0,-0.080667,0.996741
65.8769,62.8046,-2.30145e-17,-0,-0,-0.00119272,0.999999
65.9771,62.8039,-0.236318,-0,-0,-0.00710386,0.999975
66.0771,62.8009,-0.475607,-0,-0,-0.0248927,0.99969
66.1766,62.7932,-0.696973,-0,-0,-0.0546018,0.998508
66.2757,62.7796,-0.237503,-0,-0,-0.0778805,0.996963
66.3272,62.7713,-5.5041e-17,-0,-0,-0.0272636,0.999628
66.4271,62.7651,-0.453711,-0,-0,-0.0385884,0.999255
66.5264,62.7545,-0.487434,-0,-0,-0.0677073,0.997705
66.6253,62.7393,-0.03698,-0,-0,-0.0807684,0.996733
66.6335,62.738,0,-0,-0,-0.0364883,0.999334
66.7332,62.7305,-0.110471,-0,-0,-0.0392478,0.99923
66.8328,62.722,-0.138456,-0,-0,-0.046383,0.998924
66.9323,62.7121,-0.100102,-0,-0,-0.0523393,0.998629
67.0317,62.7012,-0.0617566,-0,-0,-0.0563798,0.998409
67.1311,62.6897,-0.0234458,-0,-0,-0.0585065,0.998287
67.1919,62.6825,9.08931e-19,-0,-0,-0.0355797,0.999367
67.2916,62.6754,-0.0295296,-0,-0,-0.0363175,0.99934
67.3913,62.6679,-0.0307554,-0,-0,-0.038202,0.99927
67.4891,62.6603,3.30157e-25,-0,-0,-0.0384097,0.999262
67.5888,62.6526,-5.09021e-07,-0,-0,-0.0384097,0.999262
67.6885,62.645,-4.53414e-07,-0,-0,-0.0384097,0.999262
67.7773,62.6381,-1.76546e-18,-0,-0,-0.0377523,0.999287
67.877,62.6305,-0.0377933,-0,-0,-0.0386964,0.999251
67.9767,62.6226,-0.0322762,-0,-0,-0.0409286,0.999162
68.0566,62.6159,1.10845e-17,-0,-0,-0.131468,0.99132
68.1537,62.5915,1.01188,-0,-0,-0.10646,0.994317
68.2523,62.5764,0.831369,-0,-0,-0.0462121,0.998932
68.3178,62.5716,4.10269e-17,-0,-0,-0.0363286,0.99934
68.4174,62.5634,-0.565923,-0,-0,-0.0504469,0.998727
68.5165,62.5502,-0.355146,-0,-0,-0.078577,0.996908
68.588,62.5383,-2.56983e-18,-0,-0,-0.0420832,0.999114
68.6876,62.53,0.0735329,-0,-0,-0.0402464,0.99919
68.7873,62.5224,0.057838,-0,-0,-0.0361719,0.999346
68.8762,62.5161,1.78032e-16,0,0,0.00896445,0.99996
68.9762,62.5171,-0.459483,-0,-0,-0.00250456,0.999997
69.0761,62.5137,-0.598504,-0,-0,-0.0332261,0.999448
69.1756,62.5044,-0.367385,-0,-0,-0.0573298,0.998355
69.2749,62.4915,-0.138646,-0,-0,-0.0699568,0.99755
69.3355,62.4828,-1.65294e-18,-0,-0,-0.00315265,0.999995
69.4357,62.4817,-0.256248,-0,-0,-0.00956062,0.999954
69.5357,62.4781,-0.515677,-0,-0,-0.0288446,0.999584
69.6352,62.4694,-0.625043,-0,-0,-0.0602785,0.998182
69.7341,62.455,-0.158227,-0,-0,-0.079784,0.996812
69.7679,62.4495,2.31664e-19,-0,-0,-0.0914089,0.995813
69.8664,62.4324,0.650363,-0,-0,-0.0752339,0.997166
69.9657,62.4211,0.47529,-0,-0,-0.0395273,0.999218
70.0381,62.4162,-9.62975e-17,-0,-0,-0.0859475,0.9963
70.1368,62.4,0.546611,-0,-0,-0.0723523,0.997379
70.2361,62.389,0.644293,-0,-0,-0.0374707,0.999298
70.3359,62.3842,0.355775,-0,-0,-0.0124973,0.999922
70.4361,62.383,0.0713375,-0,-0,-0.0018183,0.999998
70.4614,62.3829,-1.72675e-18,-0,-0,-0.0415747,0.999135
70.5611,62.3747,0.0403071,-0,-0,-0.0405679,0.999177
70.6608,62.3668,0.0302791,-0,-0,-0.0383575,0.999264
70.7406,62.3608,8.83643e-19,-0,-0,-0.0661789,0.997808
70.8398,62.3477,0.104694,-0,-0,-0.063567,0.997978
70.9391,62.3357,0.209602,-0,-0,-0.0557242,0.998446
71.0386,62.3258,0.256366,-0,-0,-0.0429127,0.999079
71.1383,62.3182,0.0524174,-0,-0,-0.035201,0.99938
71.164,62.3164,1.37897e-17,-0,-0,-0.0289795,0.99958
71.2638,62.3097,-0.54286,-0,-0,-0.0425242,0.999095
71.363,62.2979,-0.485931,-0,-0,-0.0748766,0.997193
71.4522,62.2831,4.23515e-17,-0,-0,-0.0917008,0.995787
71.5507,62.2659,0.669319,-0,-0,-0.0750572,0.997179
71.65,62.2548,0.515642,-0,-0,-0.0378888,0.999282
71.7314,62.2498,0,-0,-0,-0.0238486,0.999716
71.8314,62.2449,-0.0765665,-0,-0,-0.0257638,0.999668
71.9313,62.2392,-0.153406,-0,-0,-0.0315133,0.999503
72.0311,62.232,-0.23059,-0,-0,-0.0411063,0.999155
72.1305,62.2226,-0.30778,-0,-0,-0.0545447,0.998511
72.2297,62.2101,-0.238364,-0,-0,-0.0700447,0.997544
72.3286,62.1953,-0.0140953,-0,-0,-0.0763362,0.997082
72.3349,62.1943,-1.33496e-18,-0,-0,-0.0424892,0.999097
72.4345,62.1859,0.0250262,-0,-0,-0.0418641,0.999123
72.5342,62.1777,0.050055,-0,-0,-0.0399887,0.9992
72.6339,62.17,0.0550887,-0,-0,-0.0370068,0.999315
72.7336,62.1628,0.0108893,-0,-0,-0.0353585,0.999375
72.7582,62.161,-1.33924e-17,-0,-0,-0.0289796,0.99958
72.858,62.1543,-0.542857,-0,-0,-0.0425243,0.999095
72.9572,62.1426,-0.485928,-0,-0,-0.0748764,0.997193
73.0464,62.1278,-8.56562e-19,-0,-0,-0.0379661,0.999279
73.1461,62.1201,-0.0254712,-0,-0,-0.0386024,0.999255
73.2458,62.1122,-0.0292844,-0,-0,-0.0402112,0.999191
73.3455,62.1041,-0.015705,-0,-0,-0.041335,0.999145
73.4451,62.0958,-0.00212594,-0,-0,-0.0417804,0.999127
73.4607,62.0945,-8.22495e-17,0,0,0.00957803,0.999954
73.5608,62.0955,-0.554147,-0,-0,-0.00425647,0.999991
73.6606,62.0912,-0.489504,-0,-0,-0.0371749,0.999309
73.749,62.0834,1.37253e-17,-0,-0,-0.0272634,0.999628
73.8488,62.0772,-0.453713,-0,-0,-0.0385883,0.999255
73.9482,62.0666,-0.487436,-0,-0,-0.0677072,0.997705
74.0471,62.0514,-0.0369794,-0,-0,-0.0807684,0.996733
74.0552,62.0501,-3.29865e-18,-0,-0,-0.0365313,0.999333
74.1551,62.0423,-0.257161,-0,-0,-0.0429596,0.999077
74.2547,62.032,-0.518165,-0,-0,-0.0623072,0.998057
74.3533,62.0166,-0.77193,-0,-0,-0.094616,0.995514
74.4509,61.9949,-0.245075,-0,-0,-0.119852,0.992792
74.4965,61.9835,-1.63311e-18,-0,-0,-0.0750315,0.997181
74.5954,61.9684,-0.0728646,-0,-0,-0.0768479,0.997043
74.6941,61.9527,-0.0641925,-0,-0,-0.0811945,0.996698
74.7757,61.9391,-1.66747e-18,-0,-0,-0.0798416,0.996808
74.8744,61.9231,-0.09429,-0,-0,-0.0821911,0.996617
74.973,61.9061,-0.0654863,-0,-0,-0.087303,0.996182
75.0369,61.8947,-5.64678e-20,-0,-0,-0.0734763,0.997297
75.1358,61.8798,-0.160899,-0,-0,-0.0774869,0.996993
75.2345,61.8634,-0.135302,-0,-0,-0.0869957,0.996209
75.3072,61.8504,-2.12e-17,-0,-0,-0.0363284,0.99934
75.4068,61.8422,-0.565916,-0,-0,-0.0504465,0.998727
75.5059,61.829,-0.355142,-0,-0,-0.0785763,0.996908
75.5774,61.8171,3.30424e-18,-0,-0,-0.0612082,0.998125
75.6766,61.8046,-0.13013,-0,-0,-0.0644547,0.997921
75.7756,61.7909,-0.182334,-0,-0,-0.0736587,0.997284
75.8745,61.7756,-0.028293,-0,-0,-0.0789084,0.996882
75.8926,61.7727,6.90031e-18,-0,-0,-0.0805341,0.996752
75.9915,61.7574,0.434545,-0,-0,-0.0697113,0.997567
76.0908,61.7462,0.461781,-0,-0,-0.0417642,0.999127
76.1898,61.7394,0,-0,-0,-0.103646,0.994614
76.2878,61.719,0.121847,-0,-0,-0.100615,0.994925
76.3859,61.6998,0.244177,-0,-0,-0.0915086,0.995804
76.4845,61.6829,0.350182,-0,-0,-0.0763235,0.997083
76.5835,61.6692,0.218088,-0,-0,-0.062156,0.998066
76.6828,61.6577,0.0863672,-0,-0,-0.0545585,0.998511
76.7483,61.6506,-1.32994e-17,-0,-0,-0.122185,0.992507
76.8455,61.6272,0.494114,-0,-0,-0.109935,0.993939
76.9436,61.6084,0.587537,-0,-0,-0.0782197,0.996936
77.0427,61.5952,0.307608,-0,-0,-0.0559065,0.998436
77.1424,61.5851,0.0309168,-0,-0,-0.0474547,0.998873
77.1536,61.5841,-1.01578e-19,-0,-0,-0.0952818,0.99545
77.252,61.5654,0.224242,-0,-0,-0.0896989,0.995969
77.3506,61.5491,0.450438,-0,-0,-0.0728946,0.99734
77.4498,61.5371,0.504978,-0,-0,-0.0459109,0.998946
77.5496,61.5297,0.0780689,-0,-0,-0.0313622,0.999508
77.5679,61.5286,-3.31521e-18,-0,-0,-0.0703986,0.997519
77.6669,61.5145,-0.018868,-0,-0,-0.0708691,0.997486
77.7659,61.5003,-0.0377377,-0,-0,-0.0722806,0.997384
77.8648,61.4856,-0.0566076,-0,-0,-0.0746328,0.997211
77.9637,61.4705,-0.022122,-0,-0,-0.0767209,0.997053
78.0183,61.462,1.49611e-20,-0,-0,-0.0854519,0.996342
78.117,61.4458,0.517999,-0,-0,-0.0725578,0.997364
78.2163,61.4345,0.453106,-0,-0,-0.0416463,0.999132
78.2975,61.4287,-6.91489e-18,-0,-0,-0.0801261,0.996785
78.3963,61.4134,0.413949,-0,-0,-0.0698149,0.99756
78.4956,61.4021,0.426539,-0,-0,-0.0433462,0.99906
78.5857,61.3955,-1.3191e-23,-0,-0,-0.0384091,0.999262
78.6854,61.3878,-8.94858e-07,-0,-0,-0.0384092,0.999262
78.7851,61.3801,-7.97099e-07,-0,-0,-0.0384092,0.999262
78.8739,61.3733,4.56964e-20,-0,-0,-0.0377519,0.999287
78.9736,61.3657,-0.0377871,-0,-0,-0.0386959,0.999251
79.0733,61.3577,-0.0322709,-0,-0,-0.0409277,0.999162
79.1531,61.3511,1.7089e-18,-0,-0,-0.0415738,0.999135
79.2528,61.3428,0.040302,-0,-0,-0.0405671,0.999177
79.3525,61.335,0.0302753,-0,-0,-0.0383569,0.999264
79.4323,61.3289,-1.63393e-19,-0,-0,-0.0477121,0.998861
79.532,61.3202,0.535774,-0,-0,-0.0343469,0.99941
79.6319,61.3166,0.493716,-0,-0,-0.0021707,0.999998
79.7296,61.3178,3.15474e-20,-0,-0,-0.0359756,0.999353
79.8293,61.3106,-0.0172234,-0,-0,-0.0364059,0.999337
79.929,61.3032,-0.0344479,-0,-0,-0.0376968,0.999289
80.0287,61.2954,-0.0506017,-0,-0,-0.0398476,0.999206
80.1284,61.2873,-0.0127304,-0,-0,-0.0414296,0.999141
80.1619,61.2845,-1.82134e-21,-0,-0,-0.0274048,0.999624
80.2618,61.278,-0.63384,-0,-0,-0.0432129,0.999066
80.3609,61.2655,-0.544513,-0,-0,-0.0806663,0.996741
80.4411,61.2512,1.36072e-16,0,0,0.0177866,0.999842
80.5413,61.2533,-0.914763,-0,-0,-0.0049858,0.999988
80.6408,61.2465,-0.977369,-0,-0,-0.0636673,0.997971
80.7396,61.2304,-0.0701204,-0,-0,-0.0896724,0.995971
80.7474,61.229,-1.64179e-20,0,0,0.00957811,0.999954
80.8474,61.23,-0.554142,-0,-0,-0.00425626,0.999991
80.9472,61.2258,-0.489499,-0,-0,-0.0371743,0.999309
81.0356,61.2179,1.40345e-17,-0,-0,-0.0483108,0.998832
81.1352,61.2092,0.57032,-0,-0,-0.0340852,0.999419
81.2351,61.2059,0.485544,-0,-0,-0.000389015,1
81.3148,61.2068,-6.86921e-17,-0,-0,-0.0880561,0.996116
81.4134,61.19,0.434132,-0,-0,-0.0772525,0.997012
81.5125,61.1772,0.456529,-0,-0,-0.0512353,0.998687
81.6121,61.1689,0.236165,-0,-0,-0.0339406,0.999424
81.7121,61.1629,0.0175204,-0,-0,-0.0276009,0.999619
81.7201,61.1625,-1.44824e-17,-0,-0,-0.0105292,0.999945
81.8202,61.1614,0.609907,0,0,0.00469368,0.999989
81.92,61.166,0.516089,0,0,0.0406072,0.999175
81.9993,61.1736,1.06946e-18,0,0,0.027414,0.999624
82.0992,61.1801,0.633832,0,0,0.043222,0.999065
82.1983,61.1926,0.544508,0,0,0.080675,0.99674
82.2785,61.2068,6.71552e-18,0,0,0.0824549,0.996595
82.3772,61.2232,-0.0730028,0,0,0.0806359,0.996744
82.476,61.2388,-0.0789734,0,0,0.0762315,0.99709
82.5749,61.2537,-0.0457079,0,0,0.0731232,0.997323
82.6738,61.2681,-0.0124502,0,0,0.0716731,0.997428
82.7109,61.2734,0,0,0,0.0732795,0.997311
82.8099,61.288,-0.0600996,0,0,0.0717804,0.99742
82.9089,61.3019,-0.12032,0,0,0.0672798,0.997734
83.0081,61.3146,-0.180682,0,0,0.0597704,0.998212
83.1075,61.3255,-0.241014,0,0,0.0492459,0.998787
83.2071,61.3342,-0.145979,0,0,0.0381927,0.99927
83.2873,61.34,-1.34283e-24,0,0,0.0763276,0.997083
83.3862,61.3552,-6.70358e-07,0,0,0.0763276,0.997083
83.485,61.3705,-6.14183e-07,0,0,0.0763275,0.997083
83.5755,61.3844,0,0,0,0.115597,0.993296
83.6729,61.4072,-0.128736,0,0,0.1124,0.993663
83.7706,61.4287,-0.172464,0,0,0.103902,0.994588
83.8685,61.4486,-0.137768,0,0,0.0961862,0.995363
83.9668,61.4671,-0.103039,0,0,0.0901927,0.995924
84.0653,61.4846,-0.0683506,0,0,0.0859242,0.996302
84.1639,61.5015,-0.0337197,0,0,0.0833808,0.996518
84.2601,61.5176,-8.36463e-19,0,0,0.0858141,0.996311
84.3588,61.5338,-0.538102,0,0,0.0724215,0.997374
84.4581,61.5449,-0.490224,0,0,0.040043,0.999198
84.5483,61.5509,2.0746e-22,0,0,4.97812e-06,1
84.6483,61.5509,-6.68467e-06,0,0,4.811e-06,1
84.7483,61.5509,-5.89738e-06,0,0,4.41405e-06,1
84.8365,61.5509,-2.74259e-17,-0,-0,-0.0256658,0.999671
84.9365,61.5454,-0.213636,-0,-0,-0.0310057,0.999519
85.0362,61.5377,-0.429047,-0,-0,-0.0470549,0.998892
85.1354,61.5259,-0.51358,-0,-0,-0.0731747,0.997319
85.2341,61.5095,-0.0744003,-0,-0,-0.0878098,0.996137
85.2508,61.5065,-6.85675e-21,-0,-0,-0.0809431,0.996719
85.3495,61.4904,0.0332531,-0,-0,-0.0801145,0.996786
85.4483,61.4746,0.0665132,-0,-0,-0.0776281,0.996982
85.5471,61.4595,0.0835243,-0,-0,-0.0735529,0.997291
85.6461,61.4452,0.0227504,-0,-0,-0.070903,0.997483
85.6832,61.4399,-3.18885e-22,-0,-0,-0.0763175,0.997084
85.782,61.4247,-3.05944e-06,-0,-0,-0.0763176,0.997084
85.8808,61.4095,-3.63202e-06,-0,-0,-0.0763178,0.997084
85.9797,61.3942,-2.1023e-06,-0,-0,-0.0763179,0.997084
86.0785,61.379,-5.72578e-07,-0,-0,-0.076318,0.997084
86.1155,61.3733,-2.51297e-18,-0,-0,-0.140373,0.990099
86.2123,61.3475,1.25329,-0,-0,-0.109486,0.993988
86.3109,61.333,0.95582,-0,-0,-0.0392148,0.999231
86.3857,61.3289,0,-0,-0,-0.0694262,0.997587
86.4847,61.3149,-0.124351,-0,-0,-0.0725267,0.997366
86.5835,61.2996,-0.172231,-0,-0,-0.080963,0.996717
86.6821,61.2827,-0.127469,-0,-0,-0.0884277,0.996083
86.7804,61.2645,-0.0827092,-0,-0,-0.0936602,0.995604
86.8786,61.2456,-0.0380093,-0,-0,-0.0966649,0.995317
86.9622,61.2291,0,-0,-0,-0.0592263,0.998245
87.0615,61.2172,-0.0287279,-0,-0,-0.0599433,0.998202
87.1607,61.2051,-0.0574711,-0,-0,-0.0620944,0.99807
87.2599,61.1923,-0.0862341,-0,-0,-0.0656796,0.997841
87.359,61.1787,-0.115,-0,-0,-0.0706984,0.997498
87.4579,61.1641,-0.0968787,-0,-0,-0.0763997,0.997077
87.5567,61.1484,-0.0525445,-0,-0,-0.0801237,0.996785
87.6554,61.1323,-0.00823933,-0,-0,-0.0816383,0.996662
87.6737,61.1292,-1.73708e-19,-0,-0,-0.0337333,0.999431
87.7735,61.1217,-0.472631,-0,-0,-0.0455286,0.998963
87.8727,61.1099,-0.373583,-0,-0,-0.0717239,0.997425
87.9619,61.0959,9.62425e-23,-0,-0,-0.113256,0.993566
88.0594,61.0734,-1.43547e-06,-0,-0,-0.113256,0.993566
88.1568,61.0509,-1.74925e-06,-0,-0,-0.113257,0.993566
88.2542,61.0284,-1.03152e-06,-0,-0,-0.113257,0.993566
88.3517,61.0059,-3.1378e-07,-0,-0,-0.113257,0.993566
88.3943,60.9961,-1.38497e-17,-0,-0,-0.0691761,0.997604
88.4932,60.981,-0.781283,-0,-0,-0.0886006,0.996067
88.5906,60.9589,-0.550903,-0,-0,-0.130993,0.991383
88.6555,60.9406,1.72867e-18,-0,-0,-0.0750302,0.997181
88.7543,60.9255,-0.0728682,-0,-0,-0.0768466,0.997043
88.8531,60.9098,-0.0641959,-0,-0,-0.0811934,0.996698
88.9347,60.8962,-2.66547e-19,-0,-0,-0.0691766,0.997604
89.0336,60.8811,-0.781276,-0,-0,-0.0886009,0.996067
89.131,60.8591,-0.550897,-0,-0,-0.130993,0.991383
89.1959,60.8407,2.03797e-17,-0,-0,-0.073625,0.997286
89.2947,60.8252,-0.493959,-0,-0,-0.085922,0.996302
89.3926,60.8053,-0.387543,-0,-0,-0.113367,0.993553
89.4751,60.7853,7.18196e-18,-0,-0,-0.140215,0.990121
89.5712,60.7576,0.0717403,-0,-0,-0.138439,0.990371
89.6675,60.7306,0.143554,-0,-0,-0.133107,0.991102
89.7642,60.7051,0.192818,-0,-0,-0.124266,0.992249
89.8613,60.6811,0.0432836,-0,-0,-0.118408,0.992965
89.8894,60.6743,-1.44751e-17,-0,-0,-0.165373,0.986231
89.9846,60.643,0.888107,-0,-0,-0.143515,0.989648
90.0817,60.62,0.823563,-0,-0,-0.0889379,0.996037
90.1596,60.6077,0,-0,-0,-0.116218,0.993224
90.257,60.5849,0.163587,-0,-0,-0.112156,0.993691
90.3547,60.5636,0.221293,-0,-0,-0.101327,0.994853
90.4528,60.5445,0.181067,-0,-0,-0.0913187,0.995822
90.5513,60.5272,0.140744,-0,-0,-0.0833058,0.996524
90.65,60.5112,0.10048,-0,-0,-0.077294,0.997008
90.7489,60.4962,0.0603323,-0,-0,-0.0732832,0.997311
90.848,60.4818,0.0202835,-0,-0,-0.0712715,0.997457
90.8982,60.4746,-1.15041e-17,-0,-0,-0.13032,0.991472
90.9951,60.4497,0.615262,-0,-0,-0.115078,0.993356
91.0932,60.4304,0.474978,-0,-0,-0.0805872,0.996748
91.1684,60.4191,3.69308e-18,-0,-0,-0.0894829,0.995988
91.2669,60.4016,0.183246,-0,-0,-0.0849198,0.996388
91.3656,60.3857,0.118804,-0,-0,-0.0756625,0.997133
91.4386,60.3747,8.46647e-19,-0,-0,-0.040204,0.999191
91.5383,60.3666,-0.0491691,-0,-0,-0.0414322,0.999141
91.6379,60.3581,-0.0327217,-0,-0,-0.0440603,0.999029
91.6998,60.3525,1.37112e-17,-0,-0,-0.00844715,0.999964
91.7999,60.3518,0.556629,0,0,0.00545042,0.999985
91.8997,60.3561,0.433696,0,0,0.0361704,0.999346
91.9881,60.3636,2.74304e-17,0,0,0.0289886,0.99958
92.0879,60.3703,0.542863,0,0,0.0425334,0.999095
92.1871,60.3821,0.485932,0,0,0.0748858,0.997192
92.2763,60.3969,1.47555e-17,0,0,0.0256538,0.999671
92.3762,60.4019,-0.0924519,0,0,0.023343,0.999728
92.4761,60.406,-0.185062,0,0,0.016407,0.999865
92.5761,60.4082,-0.245512,0,0,0.00493371,0.999988
92.6761,60.4082,-0.0602393,-0,-0,-0.00270846,0.999996
92.7086,60.408,0,-0,-0,-0.00118191,0.999999
92.8086,60.4079,0.0780551,0,0,0.000769306,1
92.9086,60.4086,0.0961045,0,0,0.00564987,0.999984
93.0086,60.4101,0.0816516,0,0,0.0100932,0.999949
93.1085,60.4125,0.0671871,0,0,0.0138137,0.999905
93.2085,60.4156,0.0527238,0,0,0.0168111,0.999859
93.3084,60.4192,0.0382683,0,0,0.0190857,0.999818
93.4084,60.4232,0.0238223,0,0,0.0206379,0.999787
93.5083,60.4274,0.00938373,0,0,0.021468,0.99977
93.5733,60.4302,0,-0,-0,-0.0018597,0.999998
93.6733,60.43,0.107787,0,0,0.000834703,1
93.7733,60.4309,0.133466,0,0,0.00777158,0.99997
93.8732,60.433,0.0942539,0,0,0.0134639,0.999909
93.9732,60.4361,0.0550544,0,0,0.0171962,0.999852
94.0731,60.4398,0.0158863,0,0,0.0189696,0.99982
94.1137,60.4413,-1.25619e-17,-0,-0,-0.0108377,0.999941
94.2137,60.4401,0.555942,0,0,0.00304035,0.999995
94.3136,60.4442,0.556815,0,0,0.0382416,0.999269
94.4019,60.4524,-6.83257e-18,-0,-0,-0.00925933,0.999957
94.5019,60.4516,0.610305,0,0,0.00597518,0.999982
94.6018,60.4563,0.453715,0,0,0.0393026,0.999227
94.6811,60.4635,1.3691e-17,-0,-0,-0.0477012,0.998862
94.7808,60.4549,0.535641,-0,-0,-0.034348,0.99941
94.8806,60.4514,0.63176,-0,-0,-0.000256245,1
94.9805,60.454,0.368224,0,0,0.024721,0.999694
95.0805,60.4604,0.108234,0,0,0.0366297,0.999329
95.1225,60.4635,1.74331e-19,0,0,0.050866,0.998705
95.2221,60.4726,-0.648567,0,0,0.0346945,0.999398
95.322,60.4758,-0.48531,-0,-0,-0.000870735,1
95.4017,60.4746,2.80378e-19,0,0,0.0137223,0.999906
95.5017,60.4775,0.0796397,0,0,0.0157132,0.999877
95.6016,60.4812,0.159382,0,0,0.0216874,0.999765
95.7014,60.4864,0.212571,0,0,0.0315689,0.999502
95.8012,60.4936,0.0627888,0,0,0.0384477,0.999261
95.843,60.4968,2.74138e-17,-0,-0,-0.00956805,0.999954
95.9431,60.4958,0.554143,0,0,0.00426633,0.999991
96.0429,60.5001,0.489501,0,0,0.0371845,0.999308
96.1312,60.5079,5.87406e-19,0,0,0.0552231,0.998474
96.231,60.5174,-0.976612,0,0,0.0309441,0.999521
96.3307,60.5174,-1.01778,-0,-0,-0.0315445,0.999502
96.4285,60.5079,3.67426e-24,0,0,5.51835e-06,1
96.5285,60.5079,-3.90943e-07,0,0,5.50857e-06,1
96.6285,60.5079,-7.81886e-07,0,0,5.47925e-06,1
96.7285,60.5079,-9.23647e-07,0,0,5.43168e-06,1
96.8285,60.5079,-1.15698e-07,0,0,5.40569e-06,1
96.8428,60.5079,0,0,0,5.51979e-06,1
96.9428,60.5079,1.22532e-07,0,0,5.52286e-06,1
97.0428,60.5079,2.45065e-07,0,0,5.53205e-06,1
97.1428,60.5079,3.67597e-07,0,0,5.54736e-06,1
97.2428,60.5079,4.90129e-07,0,0,5.56881e-06,1
97.3428,60.5079,2.42736e-07,0,0,5.58929e-06,1
97.4102,60.5079,-5.24392e-23,0,0,5.72999e-06,1
97.5102,60.5079,-1.96533e-06,0,0,5.68085e-06,1
97.6102,60.5079,-2.28306e-06,0,0,5.55647e-06,1
97.7102,60.5079,-1.3004e-06,0,0,5.46689e-06,1
97.8102,60.5079,-3.17734e-07,0,0,5.42643e-06,1
97.8426,60.508,-2.0565e-17,-0,-0,-0.00801214,0.999968
97.9426,60.5071,0.46389,0,0,0.00357313,0.999994
98.0425,60.5107,0.438532,0,0,0.0315318,0.999503
98.1422,60.5185,0.0271352,0,0,0.0431553,0.999068
98.1488,60.519,-8.20991e-21,0,0,0.00957921,0.999954
98.2488,60.52,-0.554146,-0,-0,-0.00425526,0.999991
98.3487,60.5158,-0.489503,-0,-0,-0.0371736,0.999309
98.437,60.508,-5.68574e-23,0,0,5.66971e-06,1
98.537,60.508,-3.13851e-06,0,0,5.59125e-06,1
98.637,60.508,-2.05802e-06,0,0,5.42431e-06,1
98.6982,60.508,-2.74384e-17,-0,-0,-0.00956786,0.999954
98.7983,60.507,0.554141,0,0,0.00426648,0.999991
98.8981,60.5112,0.489499,0,0,0.0371845,0.999308
98.9865,60.5191,2.76338e-17,-0,-0,-0.044426,0.999013
99.0861,60.5106,0.226868,-0,-0,-0.038761,0.999249
99.1859,60.5042,0.238905,-0,-0,-0.0252132,0.999682
99.2858,60.5001,0.132109,-0,-0,-0.0159409,0.999873
99.3858,60.4974,0.0255459,-0,-0,-0.0119997,0.999928
99.4098,60.4969,2.05506e-17,0,0,0.00874822,0.999962
99.5098,60.4978,-0.50592,-0,-0,-0.00388472,0.999992
99.6097,60.4939,-0.463503,-0,-0,-0.0341703,0.999416
99.707,60.4858,-9.14844e-19,-0,-0,-0.0483092,0.998832
99.8067,60.4771,0.570308,-0,-0,-0.0340838,0.999419
99.9065,60.4737,0.485534,-0,-0,-0.000388389,1
99.9862,60.4747,1.04943e-22,0,0,5.66331e-06,1
100.086,60.4747,3.03274e-06,0,0,5.73912e-06,1
100.186,60.4747,2.12925e-06,0,0,5.90272e-06,1
100.256,60.4747,-4.07931e-17,-0,-0,-0.0508554,0.998706
100.356,60.4656,0.648572,-0,-0,-0.0346837,0.999398
100.456,60.4624,0.485314,0,0,0.000881854,1
100.536,60.4636,-8.35002e-19,0,0,0.0108485,0.999941
100.636,60.4648,-0.555939,-0,-0,-0.00302953,0.999995
100.736,60.4607,-0.556814,-0,-0,-0.0382307,0.999269
100.824,60.4525,-1.25026e-23,0,0,5.6552e-06,1
100.924,60.4525,6.96761e-08,0,0,5.65694e-06,1
101.024,60.4525,1.39352e-07,0,0,5.66217e-06,1
101.124,60.4525,1.66488e-07,0,0,5.67066e-06,1
101.224,60.4525,3.14906e-08,0,0,5.6756e-06,1
101.247,60.4525,-6.72092e-18,-0,-0,-0.0472251,0.998884
101.347,60.4438,0.410389,-0,-0,-0.0369859,0.999316
101.447,60.4388,0.4398,-0,-0,-0.0123484,0.999924
101.547,60.4383,0.257005,0,0,0.00506482,0.999987
101.647,60.4403,0.0755305,0,0,0.0133795,0.99991
101.689,60.4414,-2.73028e-17,-0,-0,-0.047711,0.998861
101.788,60.4328,0.535775,-0,-0,-0.0343458,0.99941
101.888,60.4292,0.493716,-0,-0,-0.00216962,0.999998
101.986,60.4303,2.57204e-17,-0,-0,-0.0919031,0.995768
102.084,60.4131,0.682591,-0,-0,-0.0749318,0.997189
102.184,60.4022,0.549783,-0,-0,-0.0366465,0.999328
102.274,60.397,7.79212e-18,-0,-0,-0.072658,0.997357
102.373,60.3822,-0.207177,-0,-0,-0.0778213,0.996967
102.471,60.3654,-0.244686,-0,-0,-0.0910148,0.99585
102.57,60.3463,-0.138386,-0,-0,-0.100546,0.994932
102.667,60.3257,-0.0323045,-0,-0,-0.104791,0.994494
102.697,60.3194,3.4535e-18,-0,-0,-0.0415728,0.999135
102.797,60.3111,0.0403082,-0,-0,-0.0405659,0.999177
102.897,60.3033,0.0302799,-0,-0,-0.0383555,0.999264
102.977,60.2972,-1.70444e-18,-0,-0,-0.0415725,0.999135
103.076,60.2889,0.0403043,-0,-0,-0.0405658,0.999177
103.176,60.2811,0.0302771,-0,-0,-0.0383555,0.999264
103.256,60.275,-1.5094e-18,-0,-0,-0.0359713,0.999353
103.355,60.2678,-0.00945458,-0,-0,-0.0362075,0.999344
103.455,60.2605,-0.0122512,-0,-0,-0.0368388,0.999321
103.555,60.2531,-0.00738141,-0,-0,-0.0373293,0.999303
103.655,60.2456,-0.00251165,-0,-0,-0.0375764,0.999294
103.706,60.2417,6.85196e-18,0,0,0.0084577,0.999964
103.806,60.2425,-0.556624,-0,-0,-0.00543976,0.999985
103.906,60.2382,-0.433692,-0,-0,-0.0361594,0.999346
103.994,60.2306,-1.64462e-24,-0,-0,-0.0409555,0.999161
104.094,60.2224,1.6444e-08,-0,-0,-0.0409555,0.999161
104.194,60.2142,1.16948e-08,-0,-0,-0.0409555,0.999161
104.265,60.2084,-1.39758e-18,-0,-0,-0.0480001,0.998847
104.364,60.1997,0.552495,-0,-0,-0.0342184,0.999414
104.464,60.1963,0.490952,-0,-0,-0.00128995,0.999999
104.553,60.1973,-1.11529e-18,-0,-0,-0.0858042,0.996312
104.651,60.1811,0.538113,-0,-0,-0.0724113,0.997375
104.751,60.17,0.490232,-0,-0,-0.0400321,0.999198
104.841,60.164,1.27713e-17,-0,-0,-0.0860627,0.99629
104.94,60.1478,0.552886,-0,-0,-0.0723038,0.997383
105.039,60.1368,0.521455,-0,-0,-0.0387926,0.999247
105.138,60.1308,6.58851e-20,-0,-0,-0.0377499,0.999287
105.238,60.1232,-0.0377991,-0,-0,-0.0386942,0.999251
105.338,60.1152,-0.0322811,-0,-0,-0.0409267,0.999162
105.417,60.1086,-5.54277e-23,-0,-0,-0.038407,0.999262
105.517,60.1009,-3.65155e-06,-0,-0,-0.0384071,0.999262
105.617,60.0932,-3.25265e-06,-0,-0,-0.0384073,0.999262
105.706,60.0864,4.28306e-18,-0,-0,-0.0420806,0.999114
105.805,60.0781,0.0735273,-0,-0,-0.040244,0.99919
105.905,60.0705,0.0578338,-0,-0,-0.0361698,0.999346
105.994,60.0642,6.19151e-20,-0,-0,-0.0377501,0.999287
106.094,60.0566,-0.037792,-0,-0,-0.0386942,0.999251
106.193,60.0486,-0.0322751,-0,-0,-0.0409263,0.999162
106.273,60.042,2.6278e-20,0,0,0.0102108,0.999948
106.373,60.0429,-0.672444,-0,-0,-0.00657049,0.999978
106.473,60.0378,-0.472706,-0,-0,-0.0428478,0.999082
106.543,60.0309,1.30447e-23,-0,-0,-0.0384072,0.999262
106.643,60.0232,-1.28695e-07,-0,-0,-0.0384072,0.999262
106.743,60.0156,-2.5739e-07,-0,-0,-0.0384072,0.999262
106.842,60.0079,-3.43908e-07,-0,-0,-0.0384072,0.999262
106.942,60.0002,-8.65182e-08,-0,-0,-0.0384072,0.999262
106.976,59.9976,1.46739e-17,-0,-0,-0.0454619,0.998966
107.075,59.9893,0.474796,-0,-0,-0.0336143,0.999435
107.175,59.9856,0.49388,-0,-0,-0.00329231,0.999995
107.273,59.9865,6.60496e-19,0,0,0.019427,0.999811
107.373,59.9888,-0.999888,-0,-0,-0.00544742,0.999985
107.472,59.9814,-1.0394,-0,-0,-0.0692572,0.997599
107.57,59.9644,6.21474e-19,0,0,0.0213101,0.999773
107.67,59.9668,-1.09793,-0,-0,-0.00598047,0.999982
107.77,59.9587,-1.10535,-0,-0,-0.0756336,0.997136
107.858,59.9422,8.01782e-21,-0,-0,-0.0377496,0.999287
107.958,59.9346,-0.0377994,-0,-0,-0.0386939,0.999251
108.058,59.9266,-0.0322814,-0,-0,-0.0409265,0.999162
108.138,59.92,-6.4823e-24,-0,-0,-0.0763166,0.997084
108.236,59.9048,-4.90946e-07,-0,-0,-0.0763166,0.997084
108.335,59.8895,-4.49805e-07,-0,-0,-0.0763167,0.997084
108.426,59.8756,-1.27339e-17,-0,-0,-0.0663908,0.997794
108.525,59.8621,-0.140324,-0,-0,-0.0698913,0.997555
108.624,59.8472,-0.281234,-0,-0,-0.0803989,0.996763
108.722,59.8296,-0.388339,-0,-0,-0.0978383,0.995202
108.82,59.8086,-0.126257,-0,-0,-0.110627,0.993862
108.867,59.7979,1.26789e-17,-0,-0,-0.0903213,0.995913
108.965,59.7797,-0.112838,-0,-0,-0.0931305,0.995654
109.064,59.7605,-0.225949,-0,-0,-0.101559,0.994829
109.161,59.739,-0.286222,-0,-0,-0.115397,0.993319
109.258,59.715,-0.0550019,-0,-0,-0.123864,0.992299
109.281,59.7092,-2.32266e-19,-0,-0,-0.0862594,0.996273
109.38,59.6918,-0.121268,-0,-0,-0.0892798,0.996007
109.478,59.6732,-0.242906,-0,-0,-0.0983431,0.995153
109.576,59.6522,-0.339979,-0,-0,-0.113401,0.993549
109.673,59.6285,-0.0835815,-0,-0,-0.123912,0.992293
109.705,59.6204,1.29006e-17,-0,-0,-0.062502,0.998045
109.804,59.6066,-0.784206,-0,-0,-0.0820036,0.996632
109.902,59.5856,-0.667325,-0,-0,-0.128381,0.991725
109.975,59.5649,-1.40947e-17,-0,-0,-0.0613267,0.998118
110.074,59.5518,-0.532023,-0,-0,-0.0745778,0.997215
110.172,59.5336,-0.571345,-0,-0,-0.108777,0.994066
110.27,59.5101,-0.0145489,-0,-0,-0.123304,0.992369
110.272,59.5094,6.91061e-19,-0,-0,-0.0673166,0.997732
110.371,59.4956,-0.230353,-0,-0,-0.073059,0.997328
110.47,59.4796,-0.299938,-0,-0,-0.0884678,0.996079
110.568,59.4607,-0.174411,-0,-0,-0.100271,0.99496
110.666,59.4401,-0.0492285,-0,-0,-0.105833,0.994384
110.705,59.4318,-1.28996e-17,-0,-0,-0.067145,0.997743
110.804,59.4175,-0.519796,-0,-0,-0.0800884,0.996788
110.902,59.3984,-0.48006,-0,-0,-0.111359,0.99378
110.993,59.3763,2.69478e-17,-0,-0,-0.068721,0.997636
111.092,59.3619,-0.430498,-0,-0,-0.0794405,0.99684
111.19,59.3434,-0.506366,-0,-0,-0.106814,0.994279
111.287,59.3201,-0.279207,-0,-0,-0.12631,0.991991
111.384,59.294,-0.0540469,-0,-0,-0.13457,0.990904
111.407,59.2875,7.0793e-18,-0,-0,-0.115379,0.993322
111.504,59.2648,0.11726,-0,-0,-0.112467,0.993656
111.602,59.2432,0.1407,-0,-0,-0.104939,0.994479
111.7,59.2229,0.0777926,-0,-0,-0.0995051,0.995037
111.798,59.2034,0.0149271,-0,-0,-0.0971983,0.995265
111.821,59.1988,-9.52922e-17,-0,-0,-0.088123,0.99611
111.92,59.1819,0.438596,-0,-0,-0.0772089,0.997015
112.019,59.1692,0.465779,-0,-0,-0.0508519,0.998706
112.119,59.161,0.250144,-0,-0,-0.032977,0.999456
112.219,59.1553,0.036269,-0,-0,-0.0258189,0.999667
112.236,59.1544,2.94866e-17,0,0,0.0176237,0.999845
112.336,59.1599,1.20466,0,0,0.0475315,0.99887
112.434,59.1766,1.04384,0,0,0.118803,0.992918
112.515,59.1988,1.07539e-17,0,0,0.170932,0.985283
112.609,59.2322,-0.171072,0,0,0.166717,0.986005
112.704,59.2641,-0.122026,0,0,0.157658,0.987494
112.776,59.2875,1.23802e-17,0,0,0.219214,0.975677
112.867,59.329,-0.873484,0,0,0.197928,0.980217
112.961,59.363,-0.705112,0,0,0.149353,0.988784
113.046,59.3874,-5.26751e-18,0,0,0.218522,0.975832
113.139,59.4276,-1.87693,0,0,0.1733,0.984869
113.235,59.45,-1.99106,0,0,0.0525326,0.998619
113.335,59.454,0,0,0,0.0380451,0.999276
113.434,59.4616,0.00239334,0,0,0.0381048,0.999274
113.534,59.4692,0.00478668,0,0,0.0382842,0.999267
113.634,59.4769,0.00718003,0,0,0.0385832,0.999255
113.733,59.4847,0.00957339,0,0,0.0390017,0.999239
113.833,59.4925,0.00791818,0,0,0.0394726,0.999221
113.933,59.5004,0.00421307,0,0,0.0397757,0.999209
114.032,59.5084,0.000507966,0,0,0.0398936,0.999204
114.046,59.5095,-1.8266e-18,0,0,0.075042,0.99718
114.145,59.5246,0.0728648,0,0,0.0768583,0.997042
114.244,59.5403,0.0641927,0,0,0.0812049,0.996697
114.325,59.5539,-1.37018e-17,0,0,0.0796985,0.996819
114.424,59.5695,-0.190803,0,0,0.074944,0.997188
114.523,59.5832,-0.227897,0,0,0.0627442,0.99803
114.622,59.5948,-0.134724,0,0,0.0536951,0.998557
114.722,59.605,-0.0417132,0,0,0.0492899,0.998785
114.767,59.6094,1.39251e-17,-0,-0,-0.0480001,0.998847
114.866,59.6007,0.552505,-0,-0,-0.0342182,0.999414
114.966,59.5972,0.490959,-0,-0,-0.00128913,0.999999
115.055,59.5983,9.35192e-25,0,0,6.4942e-06,1
115.155,59.5983,-1.24954e-06,0,0,6.46296e-06,1
115.255,59.5983,-1.00261e-06,0,0,6.39016e-06,1
115.325,59.5983,-2.67244e-17,0,0,0.0511962,0.998689
115.425,59.6074,-0.670173,0,0,0.0344869,0.999405
115.525,59.6104,-0.474302,-0,-0,-0.0018247,0.999998
115.595,59.6094,-3.93553e-23,0,0,6.76067e-06,1
115.695,59.6094,8.00623e-07,0,0,6.78068e-06,1
115.795,59.6094,6.23235e-07,0,0,6.82486e-06,1
115.884,59.6094,-6.0441e-25,0,0,6.4623e-06,1
115.984,59.6094,1.0328e-08,0,0,6.46256e-06,1
116.084,59.6094,1.06694e-08,0,0,6.46321e-06,1
116.181,59.6094,-2.53785e-17,-0,-0,-0.0500287,0.998748
116.28,59.5997,0.172609,-0,-0,-0.0457172,0.998954
116.38,59.5917,0.346329,-0,-0,-0.0327562,0.999463
116.48,59.5872,0.509144,-0,-0,-0.0111149,0.999938
116.58,59.5868,0.126419,0,0,0.00476108,0.999989
116.613,59.5872,-7.9053e-19,-0,-0,-0.08545,0.996342
116.712,59.571,0.518004,-0,-0,-0.0725558,0.997364
116.811,59.5597,0.45311,-0,-0,-0.041644,0.999133
116.892,59.5539,1.34846e-17,-0,-0,-0.0454616,0.998966
116.992,59.5456,0.474802,-0,-0,-0.0336139,0.999435
117.092,59.5419,0.493886,-0,-0,-0.00329152,0.999995
117.19,59.5428,-2.77085e-19,-0,-0,-0.0457519,0.998953
117.289,59.5345,0.48963,-0,-0,-0.0335347,0.999438
117.389,59.5309,0.493061,-0,-0,-0.00245397,0.999997
117.478,59.5317,-7.33165e-22,-0,-0,-0.0409556,0.999161
117.577,59.5235,9.21991e-06,-0,-0,-0.0409554,0.999161
117.677,59.5154,6.55704e-06,-0,-0,-0.0409549,0.999161
117.748,59.5095,1.33123e-23,-0,-0,-0.0438641,0.999038
117.848,59.5008,-9.48085e-06,-0,-0,-0.0438643,0.999037
117.947,59.492,-5.04092e-06,-0,-0,-0.0438648,0.999037
118,59.4873,2.70731e-17,-0,-0,-0.0641427,0.997941
118.1,59.477,1.538,-0,-0,-0.0260442,0.999661
118.199,59.4801,0.88213,0,0,0.0490176,0.998798
118.261,59.4874,5.4755e-17,-0,-0,-0.0460489,0.998939
118.361,59.479,0.505172,-0,-0,-0.0334521,0.99944
118.461,59.4755,0.648753,0,0,0.000256264,1
118.561,59.4784,0.36789,0,0,0.0256489,0.999671
118.661,59.4849,0.0906929,0,0,0.0371085,0.999311
118.694,59.4874,2.05076e-22,0,0,6.36223e-06,1
118.794,59.4874,5.67181e-06,0,0,6.50402e-06,1
118.894,59.4874,5.67098e-06,0,0,6.86292e-06,1
118.982,59.4874,1.03333e-17,-0,-0,-0.0443217,0.999017
119.082,59.4789,0.220134,-0,-0,-0.0388247,0.999246
119.181,59.4724,0.2249,-0,-0,-0.0257905,0.999667
119.281,59.4682,0.11063,-0,-0,-0.0174051,0.999849
119.378,59.4652,1.32744e-23,-0,-0,-0.0409549,0.999161
119.478,59.457,7.57507e-07,-0,-0,-0.0409549,0.999161
119.578,59.4488,5.38728e-07,-0,-0,-0.0409548,0.999161
119.648,59.443,-1.04818e-22,0,0,6.72444e-06,1
119.748,59.443,2.45782e-06,0,0,6.78588e-06,1
119.848,59.443,2.16835e-06,0,0,6.93183e-06,1
119.937,59.443,-1.31285e-17,0,0,0.0108493,0.999941
120.037,59.4442,-0.555939,-0,-0,-0.00302868,0.999995
120.137,59.4401,-0.556813,-0,-0,-0.0382298,0.999269
120.225,59.4319,4.55455e-32,0,0,7.11056e-06,1
120.325,59.4319,-2.62856e-06,0,0,7.04485e-06,1
120.425,59.4319,-1.9521e-06,0,0,6.90133e-06,1
120.504,59.4319,-4.11168e-17,-0,-0,-0.0540897,0.998536
120.604,59.4224,0.768898,-0,-0,-0.0349272,0.99939
120.704,59.4196,0.476136,0,0,0.00324963,0.999995
120.774,59.4208,0,-0,-0,-0.000830229,1
120.874,59.4205,-0.076826,-0,-0,-0.00275208,0.999996
120.974,59.4195,-0.153894,-0,-0,-0.00852186,0.999964
121.074,59.4168,-0.231242,-0,-0,-0.0181484,0.999835
121.174,59.4119,-0.308495,-0,-0,-0.0316337,0.9995
121.274,59.4041,-0.15537,-0,-0,-0.0450821,0.998983
121.333,59.3986,5.15603e-17,0,0,0.0355037,0.99937
121.433,59.4055,-0.158478,0,0,0.0315363,0.999503
121.533,59.4107,-0.318813,0,0,0.0195979,0.999808
121.633,59.4128,-0.481064,-0,-0,-0.000386401,1
121.733,59.41,-0.641566,-0,-0,-0.0284271,0.999596
121.832,59.4019,-0.163671,-0,-0,-0.049374,0.99878
121.864,59.3986,1.06029e-22,0,0,6.92682e-06,1
121.964,59.3986,1.20024e-05,0,0,7.22688e-06,1
122.017,59.3986,-2.11067e-22,0,0,5.9001e-06,1
122.117,59.3986,1.29505e-05,0,0,6.22386e-06,1
122.217,59.3986,8.13523e-06,0,0,6.94692e-06,1
122.26,59.3986,-1.26006e-23,0,0,6.83792e-06,1
122.36,59.3986,1.12779e-06,0,0,6.86612e-06,1
122.46,59.3986,8.80894e-08,0,0,6.90089e-06,1
122.468,59.3986,2.0913e-22,0,0,7.53207e-06,1
122.568,59.3986,-1.01623e-05,0,0,7.27801e-06,1
122.668,59.3986,-1.33265e-05,0,0,6.5821e-06,1
122.768,59.3986,-5.01189e-06,0,0,6.12364e-06,1
122.828,59.3986,4.05817e-20,-0,-0,-0.0398443,0.999206
122.927,59.3888,-1.15102,-0,-0,-0.0685246,0.997649
122.999,59.3765,-2.13393e-19,-0,-0,-0.033042,0.999454
123.099,59.3747,2.97817,0,0,0.0399467,0.999202
123.197,59.3958,0.355247,0,0,0.145641,0.989338
123.206,59.3987,-4.84971e-19,-0,-0,-0.187759,0.982215
123.301,59.3664,3.01596,-0,-0,-0.11433,0.993443
123.4,59.3545,0.128442,-0,-0,-0.0303001,0.999541
123.404,59.3543,-2.52328e-17,0,0,0.0933614,0.995632
123.504,59.3658,-4.49286,-0,-0,-0.0158703,0.999874
123.575,59.3543,-2.10344e-22,0,0,6.98747e-06,1
123.675,59.3543,2.51553e-06,0,0,7.05036e-06,1
123.775,59.3543,1.0088e-06,0,0,7.15566e-06,1
123.819,59.3543,0,-0,-0,-0.0115733,0.999933
123.919,59.3519,-0.039358,-0,-0,-0.0125576,0.999921
124.019,59.3491,-0.0787671,-0,-0,-0.0155114,0.99988
124.119,59.3456,-0.118251,-0,-0,-0.0204365,0.999791
124.219,59.3408,-0.157779,-0,-0,-0.0273345,0.999626
124.318,59.3345,-0.197236,-0,-0,-0.0362038,0.999344
124.418,59.3263,-0.0968134,-0,-0,-0.0446601,0.999002
124.476,59.321,-4.67595e-23,0,0,6.89413e-06,1
124.576,59.321,1.2277e-06,0,0,6.92482e-06,1
124.676,59.321,2.4554e-06,0,0,7.0169e-06,1
124.776,59.321,1.25891e-06,0,0,7.13047e-06,1
124.827,59.321,-1.39719e-17,-0,-0,-0.0629046,0.99802
124.927,59.3104,1.20556,-0,-0,-0.0329002,0.999459
125.027,59.309,0.358253,0,0,0.0105842,0.999944
125.062,59.3099,8.19192e-17,-0,-0,-0.0585694,0.998283
125.161,59.2998,0.990074,-0,-0,-0.0339122,0.999425
125.261,59.2979,0.401543,0,0,0.00780445,0.99997
125.305,59.2988,-8.40455e-19,-0,-0,-0.0418523,0.999124
125.404,59.2904,-0.00886571,-0,-0,-0.0420738,0.999115
125.504,59.282,-0.0177315,-0,-0,-0.0427381,0.999086
125.604,59.2733,-0.0162904,-0,-0,-0.0437478,0.999043
125.692,59.2655,2.67358e-17,-0,-0,-0.0629122,0.998019
125.792,59.2535,0.340709,-0,-0,-0.0544123,0.998519
125.891,59.2449,0.685205,-0,-0,-0.0288034,0.999585
125.991,59.2427,0.358621,0,0,0.00314985,0.999995
126.043,59.2433,-2.31137e-26,-0,-0,-0.047217,0.998885
126.143,59.2339,1.04505e-07,-0,-0,-0.047217,0.998885
126.242,59.2245,3.68172e-08,-0,-0,-0.047217,0.998885
126.278,59.2212,7.97821e-23,-0,-0,-0.0438644,0.999037
126.377,59.2124,1.64515e-06,-0,-0,-0.0438644,0.999037
126.477,59.2036,8.74709e-07,-0,-0,-0.0438643,0.999037
126.53,59.199,-2.65439e-17,-0,-0,-0.0273892,0.999625
126.63,59.193,-0.261308,-0,-0,-0.033919,0.999425
126.729,59.1845,-0.52521,-0,-0,-0.0535531,0.998565
126.828,59.1709,-0.484191,-0,-0,-0.0834217,0.996514
126.917,59.1546,4.22412e-19,0,0,0.0121934,0.999926
127.017,59.1555,-0.923152,-0,-0,-0.0108233,0.999941
127.117,59.1485,-0.43068,-0,-0,-0.0538696,0.998548
127.16,59.1435,2.20427e-19,-0,-0,-0.00680142,0.999977
127.26,59.1419,-0.129935,-0,-0,-0.0100505,0.999949
127.36,59.139,-0.260402,-0,-0,-0.0198072,0.999804
127.46,59.1336,-0.390943,-0,-0,-0.0360814,0.999349
127.56,59.1247,-0.11531,-0,-0,-0.050283,0.998735
127.593,59.1213,-5.7192e-19,-0,-0,-0.0419598,0.999119
127.692,59.1136,0.392237,-0,-0,-0.0321682,0.999482
127.792,59.1097,0.509262,-0,-0,-0.00469979,0.999989
127.881,59.1102,-6.71101e-18,-0,-0,-0.0332799,0.999446
127.981,59.1031,-0.294766,-0,-0,-0.0406416,0.999174
128.08,59.0932,-0.188963,-0,-0,-0.0571758,0.998364
128.124,59.088,8.12659e-17,0,0,0.0271278,0.999632
128.224,59.0895,-2.43396,-0,-0,-0.0326714,0.999466
128.322,59.0713,-1.11664,-0,-0,-0.136843,0.990593
128.376,59.0547,-2.92296e-17,-0,-0,-0.138942,0.9903
128.473,59.0284,0.732903,-0,-0,-0.120826,0.992674
128.571,59.0086,0.67488,-0,-0,-0.0798137,0.99681
128.67,58.9953,0.268227,-0,-0,-0.0563142,0.998413
128.736,58.9882,-3.55831e-18,-0,-0,-0.0987642,0.995111
128.834,58.9681,-0.228991,-0,-0,-0.104459,0.994529
128.932,58.9464,-0.0295313,-0,-0,-0.111984,0.99371
128.944,58.9438,-1.99288e-22,-0,-0,-0.109947,0.993937
129.041,58.9219,-2.07815e-05,-0,-0,-0.109947,0.993937
129.139,58.9001,-6.36551e-07,-0,-0,-0.109948,0.993937
129.142,58.8994,-2.45945e-17,-0,-0,-0.175866,0.984414
129.236,58.8673,1.62962,-0,-0,-0.135817,0.990734
129.334,58.8465,0.226595,-0,-0,-0.0864417,0.996257
129.349,58.8439,-7.69686e-18,-0,-0,-0.203581,0.979058
129.44,58.8032,-0.567902,-0,-0,-0.217443,0.976073
129.53,58.7583,-0.376246,-0,-0,-0.241996,0.970277
129.617,58.7101,-0.113806,-0,-0,-0.253861,0.967241
129.655,58.6886,-5.4977e-18,-0,-0,-0.318065,0.948069
129.735,58.629,0.519593,-0,-0,-0.305731,0.952118
129.818,58.5727,0.152736,-0,-0,-0.287142,0.957888
129.844,58.5554,-2.20576e-17,-0,-0,-0.318064,0.948069
129.925,58.4958,0.519556,-0,-0,-0.305731,0.952118
130.007,58.4395,0.152726,-0,-0,-0.287143,0.957888
130.033,58.4223,2.67868e-18,-0,-0,-0.233449,0.972369
130.122,58.3767,-0.121242,-0,-0,-0.236395,0.971657
130.211,58.3302,-0.098088,-0,-0,-0.242472,0.970159
130.299,58.2828,-0.0354036,-0,-0,-0.245708,0.969344
130.349,58.2558,7.11147e-19,-0,-0,-0.208563,0.978009
130.44,58.2151,0.0524245,-0,-0,-0.207281,0.978281
130.532,58.1749,0.104881,-0,-0,-0.203433,0.979089
130.624,58.1356,0.157335,-0,-0,-0.19701,0.980401
130.716,58.0975,0.0294963,-0,-0,-0.19222,0.981352
130.736,58.0894,-2.48275e-17,-0,-0,-0.212481,0.977165
130.827,58.0484,0.359942,-0,-0,-0.203684,0.979037
130.92,58.0102,0.243048,-0,-0,-0.1879,0.982188
131.013,57.9741,0.0815529,-0,-0,-0.179925,0.98368
131.06,57.9563,-1.40718e-21,-0,-0,-0.193591,0.981082
131.153,57.9183,3.54371e-05,-0,-0,-0.19359,0.981083
131.245,57.8803,1.19366e-05,-0,-0,-0.193589,0.981083
131.276,57.8675,7.2705e-19,-0,-0,-0.168845,0.985643
131.371,57.8341,-0.0639313,-0,-0,-0.170421,0.985371
131.465,57.8001,-0.127886,-0,-0,-0.175144,0.984543
131.558,57.765,-0.064407,-0,-0,-0.180805,0.983519
131.61,57.7454,3.90769e-18,-0,-0,-0.152321,0.988331
131.705,57.7155,0.0830168,-0,-0,-0.15027,0.988645
131.801,57.6863,0.166081,-0,-0,-0.144111,0.989562
131.897,57.6585,0.0739174,-0,-0,-0.137035,0.990566
131.943,57.6456,-1.22604e-17,-0,-0,-0.141371,0.989957
132.039,57.6165,-0.707916,-0,-0,-0.158846,0.987303
132.132,57.582,-0.24431,-0,-0,-0.186063,0.982538
132.168,57.5679,-1.7951e-17,-0,-0,-0.164358,0.986401
132.263,57.536,0.334645,-0,-0,-0.156102,0.987741
132.358,57.5064,0.0544431,-0,-0,-0.145801,0.989314
132.375,57.5013,1.43953e-18,-0,-0,-0.160821,0.986984
132.471,57.4714,1.14462,-0,-0,-0.132601,0.991169
132.568,57.4501,0.273063,-0,-0,-0.0908741,0.995862
132.591,57.4459,1.37473e-17,-0,-0,-0.079323,0.996849
132.69,57.4281,-1.21008,-0,-0,-0.109321,0.994006
132.786,57.4007,-0.408254,-0,-0,-0.15892,0.987291
132.817,57.3904,5.14178e-23,-0,-0,-0.101075,0.994879
132.915,57.3703,-8.77849e-06,-0,-0,-0.101075,0.994879
133.013,57.3502,-1.8151e-06,-0,-0,-0.101075,0.994879
133.033,57.346,-6.36381e-20,-0,-0,-0.149227,0.988803
133.129,57.3179,0.918308,-0,-0,-0.126545,0.991961
133.227,57.2974,0.381952,-0,-0,-0.0863831,0.996262
133.267,57.2905,-4.7823e-17,-0,-0,-0.0377003,0.999289
133.367,57.2816,-0.82855,-0,-0,-0.0583498,0.998296
133.465,57.266,-0.34617,-0,-0,-0.0933773,0.995631
133.51,57.2572,2.80929e-17,-0,-0,-0.125174,0.992135
133.608,57.2363,2.43866,-0,-0,-0.0652846,0.997867
133.708,57.2337,0.611666,0,0,0.0215236,0.999768
133.735,57.2351,-1.31842e-19,-0,-0,-0.0510879,0.998694
133.835,57.2254,0.336454,-0,-0,-0.0426899,0.999088
133.935,57.2186,0.251038,-0,-0,-0.0261545,0.999658
134.035,57.2144,0.0754611,-0,-0,-0.0179954,0.999838
134.078,57.2129,-7.95419e-18,-0,-0,-0.104547,0.99452
134.176,57.1936,0.940226,-0,-0,-0.0811977,0.996698
134.275,57.1819,0.285625,-0,-0,-0.0430065,0.999075
134.303,57.1796,-1.45123e-17,-0,-0,-0.038745,0.999249
134.402,57.1697,-1.26582,-0,-0,-0.0702392,0.99753
134.5,57.1506,-0.234862,-0,-0,-0.112475,0.993655
134.519,57.1463,-8.45282e-20,-0,-0,-0.0771771,0.997017
134.618,57.1311,0.142829,-0,-0,-0.0736167,0.997287
134.717,57.1174,0.285932,-0,-0,-0.0629239,0.998018
134.816,57.1063,0.140535,-0,-0,-0.049652,0.998767
134.861,57.1019,-2.76224e-17,-0,-0,-0.109407,0.993997
134.96,57.0828,1.66967,-0,-0,-0.0682042,0.997671
135.059,57.0781,0.812004,0,0,0.0114582,0.999934
135.104,57.0797,1.33483e-18,-0,-0,-0.102892,0.994693
135.202,57.0596,0.180083,-0,-0,-0.0984131,0.995146
135.301,57.0407,0.0491997,-0,-0,-0.0919072,0.995768
135.33,57.0353,-8.46655e-19,-0,-0,-0.0462012,0.998932
135.429,57.026,-0.0881683,-0,-0,-0.0484029,0.998828
135.529,57.0159,-0.0250684,-0,-0,-0.0518955,0.998653
135.555,57.0132,-2.75473e-17,-0,-0,-0.0357304,0.999361
135.654,57.0044,-1.00114,-0,-0,-0.0606621,0.998158
135.753,56.9875,-0.361544,-0,-0,-0.101792,0.994806
135.789,56.9799,1.45575e-17,-0,-0,-0.114025,0.993478
135.887,56.9593,1.29115,-0,-0,-0.0820224,0.99663
135.986,56.9485,0.33571,-0,-0,-0.0356922,0.999363
136.014,56.9466,4.0333e-20,-0,-0,-0.0484064,0.998828
136.114,56.9369,-0.0160929,-0,-0,-0.0488082,0.998808
136.213,56.927,-0.0321861,-0,-0,-0.0500137,0.998749
136.313,56.9169,-0.0117016,-0,-0,-0.0513494,0.998681
136.347,56.9133,-3.44461e-17,-0,-0,-0.0410203,0.999158
136.447,56.9034,-1.03157,-0,-0,-0.0667121,0.997772
136.545,56.8858,-0.260293,-0,-0,-0.102744,0.994708
136.573,56.88,-8.06145e-19,-0,-0,-0.04601,0.998941
136.672,56.8708,0.0107079,-0,-0,-0.0457425,0.998953
136.772,56.8618,0.0214159,-0,-0,-0.0449403,0.99899
136.871,56.8529,0.0146216,-0,-0,-0.043847,0.999038
136.942,56.8467,-4.12589e-17,0,0,0.0117584,0.999931
137.042,56.8474,-1.03276,-0,-0,-0.0139874,0.999902
137.141,56.8397,-0.354785,-0,-0,-0.0559287,0.998435
137.176,56.8356,4.22897e-22,-0,-0,-0.0511223,0.998692
137.275,56.8254,1.03797e-05,-0,-0,-0.051122,0.998692
137.375,56.8152,1.79603e-06,-0,-0,-0.0511217,0.998692
137.392,56.8135,6.60398e-18,-0,-0,-0.0433438,0.99906
137.492,56.8042,-0.336537,-0,-0,-0.0517434,0.99866
137.591,56.7921,-0.257893,-0,-0,-0.0684024,0.997658
137.69,56.7775,-0.0904613,-0,-0,-0.0770868,0.997024
137.743,56.7691,-1.39577e-17,-0,-0,-0.0357305,0.999361
137.843,56.7603,-1.00115,-0,-0,-0.0606621,0.998158
137.942,56.7434,-0.361543,-0,-0,-0.101792,0.994806
137.978,56.7358,-2.97749e-20,-0,-0,-0.0429943,0.999075
138.077,56.7271,-0.0651498,-0,-0,-0.0446215,0.999004
138.177,56.7178,-0.0309914,-0,-0,-0.0476818,0.998863
138.221,56.7136,3.43664e-17,-0,-0,-0.0554274,0.998463
138.32,56.7033,0.438704,-0,-0,-0.0444814,0.99901
138.42,56.6965,0.283322,-0,-0,-0.0251581,0.999683
138.52,56.6925,0.0719116,-0,-0,-0.0162811,0.999867
138.554,56.6914,-2.70998e-19,-0,-0,-0.0915454,0.995801
138.652,56.6729,-0.166735,-0,-0,-0.0956951,0.995411
138.75,56.6531,-0.0531424,-0,-0,-0.102502,0.994733
138.779,56.647,-2.06625e-20,-0,-0,-0.0480238,0.998846
138.879,56.6376,0.0701197,-0,-0,-0.0462728,0.998929
138.978,56.6287,0.0287958,-0,-0,-0.0433121,0.999062
139.022,56.6248,2.59089e-17,-0,-0,-0.173246,0.984879
139.118,56.5943,2.36588,-0,-0,-0.115457,0.993312
139.217,56.5817,0.520662,-0,-0,-0.0301998,0.999544
139.239,56.5805,2.62298e-17,-0,-0,-0.0316537,0.999499
139.339,56.5734,-0.408928,-0,-0,-0.0418633,0.999123
139.438,56.5624,-0.823289,-0,-0,-0.0725949,0.997362
139.536,56.544,-0.307129,-0,-0,-0.106754,0.994286
139.572,56.5361,4.80174e-17,-0,-0,-0.0377006,0.999289
139.671,56.5272,-0.828553,-0,-0,-0.0583501,0.998296
139.77,56.5115,-0.346167,-0,-0,-0.0933775,0.995631
139.815,56.5028,2.608e-17,-0,-0,-0.109646,0.993971
139.913,56.4813,0.212393,-0,-0,-0.104368,0.994539
140.011,56.462,0.425948,-0,-0,-0.0884917,0.996077
140.11,56.4465,0.328086,-0,-0,-0.0681049,0.997678
140.209,56.4342,0.149339,-0,-0,-0.0561957,0.99842
140.292,56.4251,1.74896e-18,-0,-0,-0.0520592,0.998644
140.392,56.4149,0.0954284,-0,-0,-0.0496766,0.998765
140.491,56.4054,0.0231546,-0,-0,-0.0463532,0.998925
140.518,56.4029,1.1474e-17,-0,-0,-0.0973524,0.99525
140.616,56.3841,0.326342,-0,-0,-0.0892334,0.996011
140.714,56.368,0.255972,-0,-0,-0.0728279,0.997345
140.814,56.3545,0.0914528,-0,-0,-0.0641639,0.997939
140.869,56.3475,1.25068e-16,-0,-0,-0.0387642,0.999248
140.968,56.3385,-0.736327,-0,-0,-0.0571076,0.998368
141.067,56.3233,-0.554424,-0,-0,-0.0933173,0.995636
141.165,56.3026,-0.1764,-0,-0,-0.111478,0.993767
141.211,56.292,-6.4791e-20,-0,-0,-0.0377005,0.999289
141.311,56.2831,-0.828542,-0,-0,-0.0583497,0.998296
141.409,56.2674,-0.346165,-0,-0,-0.0933767,0.995631
141.454,56.2587,8.56977e-19,-0,-0,-0.0462013,0.998932
141.554,56.2493,-0.0881566,-0,-0,-0.0484027,0.998828
141.653,56.2392,-0.025065,-0,-0,-0.0518949,0.998653
141.679,56.2365,-9.4766e-17,-0,-0,-0.105481,0.994421
141.778,56.2172,1.02088,-0,-0,-0.0801462,0.996783
141.877,56.2062,0.437343,-0,-0,-0.0360964,0.999348
141.923,56.2032,2.2416e-20,-0,-0,-0.0520593,0.998644
142.022,56.193,0.0954333,-0,-0,-0.0496766,0.998765
142.122,56.1835,0.0231557,-0,-0,-0.046353,0.998925
142.148,56.181,-5.39079e-23,-0,-0,-0.047216,0.998885
142.247,56.1716,-6.76532e-06,-0,-0,-0.0472162,0.998885
142.347,56.1622,-2.38343e-06,-0,-0,-0.0472165,0.998885
142.382,56.1589,1.12081e-20,-0,-0,-0.0520596,0.998644
142.482,56.1486,0.0954418,-0,-0,-0.0496767,0.998765
142.581,56.1391,0.0231577,-0,-0,-0.0463528,0.998925
142.607,56.1367,-2.52904e-20,-0,-0,-0.0429933,0.999075
142.707,56.128,-0.0651508,-0,-0,-0.0446205,0.999004
142.806,56.1187,-0.0309924,-0,-0,-0.0476808,0.998863
142.85,56.1145,-2.57776e-18,-0,-0,-0.0480235,0.998846
142.95,56.105,0.0701211,-0,-0,-0.0462725,0.998929
143.05,56.0961,0.0287965,-0,-0,-0.0433117,0.999062
143.094,56.0923,-1.17997e-17,-0,-0,-0.0950823,0.995469
143.192,56.0736,0.133417,-0,-0,-0.0917616,0.995781
143.29,56.056,0.0586219,-0,-0,-0.0859855,0.996296
143.337,56.0479,1.68958e-17,-0,-0,-0.114303,0.993446
143.435,56.0273,1.31972,-0,-0,-0.0816059,0.996665
143.534,56.0168,0.420876,-0,-0,-0.032499,0.999472
143.571,56.0146,4.32859e-18,-0,-0,-0.0514509,0.998676
143.67,56.0044,0.0335122,-0,-0,-0.0506142,0.998718
143.77,55.9945,0.0217113,-0,-0,-0.0491374,0.998792
143.869,55.9847,0.00561884,-0,-0,-0.048455,0.998825
143.904,55.9813,1.3228e-18,-0,-0,-0.105101,0.994462
144.002,55.962,0.987994,-0,-0,-0.0805742,0.996749
144.102,55.9508,0.366368,-0,-0,-0.0390987,0.999235
144.138,55.9481,1.23998e-24,-0,-0,-0.0472162,0.998885
144.238,55.9386,6.13117e-06,-0,-0,-0.0472161,0.998885
144.338,55.9292,2.16002e-06,-0,-0,-0.0472158,0.998885
144.373,55.9259,-1.34884e-17,-0,-0,-0.0727965,0.997347
144.472,55.9116,0.13443,-0,-0,-0.0694443,0.997586
144.571,55.8986,0.269177,-0,-0,-0.0593764,0.998236
144.67,55.8882,0.218884,-0,-0,-0.0446832,0.999001
144.751,55.8815,9.20797e-24,-0,-0,-0.0472155,0.998885
144.85,55.8721,-8.91991e-06,-0,-0,-0.0472157,0.998885
144.95,55.8626,-3.14252e-06,-0,-0,-0.0472161,0.998885
144.985,55.8593,7.65038e-18,-0,-0,-0.0973102,0.995254
145.083,55.8412,0.760889,-0,-0,-0.0783974,0.996922
145.183,55.8296,0.376978,-0,-0,-0.0419988,0.999118
145.228,55.826,-1.14568e-19,-0,-0,-0.0829331,0.996555
145.327,55.8097,0.104565,-0,-0,-0.0803277,0.996769
145.426,55.7942,0.0192829,-0,-0,-0.0754943,0.997146
145.435,55.7927,-9.52819e-19,-0,-0,-0.0809077,0.996722
145.534,55.7778,0.719818,-0,-0,-0.0630047,0.998013
145.634,55.77,1.0667,-0,-0,-0.0106282,0.999944
145.715,55.7705,2.7448e-17,-0,-0,-0.0411475,0.999153
145.814,55.7616,-0.440877,-0,-0,-0.0521467,0.998639
145.913,55.7483,-0.877627,-0,-0,-0.0852102,0.996363
146.011,55.7283,-0.0774052,-0,-0,-0.108927,0.99405
146.021,55.7262,1.36182e-17,-0,-0,-0.0530027,0.998594
146.121,55.717,0.841579,-0,-0,-0.0320262,0.999487
146.21,55.7151,7.38716e-18,-0,-0,-0.10264,0.994719
146.308,55.6959,0.776752,-0,-0,-0.083333,0.996522
146.407,55.6829,0.100947,-0,-0,-0.0545164,0.998513
146.417,55.6818,9.41226e-20,-0,-0,-0.0752523,0.997165
146.516,55.6671,0.168698,-0,-0,-0.0710466,0.997473
146.615,55.6539,0.130761,-0,-0,-0.0607555,0.998153
146.66,55.6485,2.36103e-24,-0,-0,-0.0511212,0.998692
146.76,55.6383,-1.03955e-05,-0,-0,-0.0511214,0.998692
146.859,55.6281,-1.79877e-06,-0,-0,-0.0511218,0.998692
146.877,55.6263,-6.13601e-19,-0,-0,-0.03573,0.999361
146.976,55.6175,-1.00115,-0,-0,-0.0606617,0.998158
147.075,55.6007,-0.361544,-0,-0,-0.101791,0.994806
147.111,55.593,-3.13442e-19,-0,-0,-0.0808084,0.99673
147.209,55.5772,0.174141,-0,-0,-0.0764689,0.997072
147.308,55.5631,0.348705,-0,-0,-0.0634316,0.997986
147.408,55.5521,0.132347,-0,-0,-0.0487348,0.998812
147.444,55.5487,-1.31399e-24,-0,-0,-0.0511213,0.998692
147.543,55.5384,-6.39392e-06,-0,-0,-0.0511215,0.998692
147.643,55.5282,-1.10636e-06,-0,-0,-0.0511217,0.998692
147.66,55.5265,0,-0,-0,-0.085609,0.996329
147.759,55.5095,0.0743908,-0,-0,-0.083756,0.996486
147.857,55.4933,0.148836,-0,-0,-0.0781941,0.996938
147.956,55.4784,0.113311,-0,-0,-0.0716338,0.997431
148.055,55.4646,0.0767343,-0,-0,-0.0668943,0.99776
148.154,55.4516,0.0401839,-0,-0,-0.0639775,0.997951
148.254,55.439,0.00366004,-0,-0,-0.0628834,0.998021
148.264,55.4377,4.68385e-25,-0,-0,-0.0472156,0.998885
148.363,55.4283,-2.94963e-06,-0,-0,-0.0472157,0.998885
148.463,55.4188,-1.03916e-06,-0,-0,-0.0472158,0.998885
148.498,55.4155,-4.18711e-19,-0,-0,-0.047498,0.998871
148.597,55.4061,0.0245247,-0,-0,-0.0468855,0.9989
148.697,55.3968,0.0191134,-0,-0,-0.0456641,0.998957
148.796,55.3878,0.00730135,-0,-0,-0.0450044,0.998987
148.858,55.3822,-7.15013e-20,-0,-0,-0.0419096,0.999121
148.958,55.3736,-0.146429,-0,-0,-0.0455666,0.998961
149.057,55.3637,-0.060105,-0,-0,-0.0522687,0.998633
149.092,55.36,8.90701e-19,-0,-0,-0.0462005,0.998932
149.192,55.3507,-0.0881603,-0,-0,-0.048402,0.998828
149.291,55.3406,-0.0250663,-0,-0,-0.0518943,0.998653
149.317,55.3379,5.37438e-24,-0,-0,-0.0511217,0.998692
149.417,55.3276,1.30751e-05,-0,-0,-0.0511214,0.998692
149.516,55.3174,2.26243e-06,-0,-0,-0.0511209,0.998692
149.534,55.3157,4.21448e-18,-0,-0,-0.0495509,0.998772
149.633,55.3058,0.0107893,-0,-0,-0.0492815,0.998785
149.733,55.296,0.0215787,-0,-0,-0.0484733,0.998824
149.832,55.2864,0.0167602,-0,-0,-0.0474135,0.998875
149.932,55.277,0.00638201,-0,-0,-0.0468356,0.998903
149.993,55.2713,-1.29694e-17,-0,-0,-0.0741368,0.997248
150.092,55.2567,0.12335,-0,-0,-0.0710613,0.997472
150.191,55.2433,0.247011,-0,-0,-0.0618244,0.998087
150.29,55.2324,0.240067,-0,-0,-0.0481875,0.998838
150.39,55.2238,0.12427,-0,-0,-0.0390892,0.999236
150.49,55.2164,0.00876878,-0,-0,-0.0357656,0.99936
150.497,55.2158,-4.1158e-19,-0,-0,-0.065693,0.99784
150.597,55.2052,1.49214,-0,-0,-0.0285664,0.999592
150.686,55.2047,1.52169e-19,-0,-0,-0.0359474,0.999354
150.786,55.195,-1.55493,-0,-0,-0.0745806,0.997215
150.884,55.174,-0.167593,-0,-0,-0.123618,0.99233
150.894,55.1714,-1.4616e-17,-0,-0,-0.0921589,0.995744
150.992,55.1535,0.269913,-0,-0,-0.0854411,0.996343
151.091,55.1383,0.541666,-0,-0,-0.0652227,0.997871
151.19,55.1277,0.351009,-0,-0,-0.0428425,0.999082
151.29,55.1205,0.156514,-0,-0,-0.030166,0.999545
151.371,55.116,-1.38242e-17,-0,-0,-0.0337291,0.999431
151.471,55.1084,-0.472627,-0,-0,-0.0455243,0.998963
151.57,55.0966,-0.373583,-0,-0,-0.0717195,0.997425
151.659,55.0827,8.25848e-17,-0,-0,-0.0272588,0.999628
151.759,55.0765,-0.453709,-0,-0,-0.0385836,0.999255
151.858,55.0659,-0.487433,-0,-0,-0.0677023,0.997706
151.957,55.0507,-0.0369803,-0,-0,-0.0807635,0.996733
151.965,55.0494,-3.45684e-18,-0,-0,-0.0744056,0.997228
152.064,55.0348,0.126162,-0,-0,-0.0712603,0.997458
152.163,55.0214,0.164771,-0,-0,-0.0628079,0.998026
152.263,55.0095,0.0974389,-0,-0,-0.0562646,0.998416
152.362,54.9987,0.0301617,-0,-0,-0.0530794,0.99859
152.407,54.9939,-2.59682e-18,-0,-0,-0.0415696,0.999136
152.506,54.9857,0.040298,-0,-0,-0.0405631,0.999177
152.606,54.9778,0.0302723,-0,-0,-0.0383531,0.999264
152.686,54.9717,-8.42214e-20,-0,-0,-0.053679,0.998558
152.785,54.9609,-0.085229,-0,-0,-0.0558066,0.998442
152.885,54.9492,-0.170573,-0,-0,-0.0621902,0.998064
152.984,54.9358,-0.208899,-0,-0,-0.0726065,0.997361
153.083,54.9205,-0.0443892,-0,-0,-0.0789194,0.996881
153.109,54.9163,-1.36415e-17,-0,-0,-0.0724487,0.997372
153.208,54.9023,0.324229,-0,-0,-0.064367,0.997926
153.308,54.8916,0.470576,-0,-0,-0.041289,0.999147
153.408,54.8852,0.143524,-0,-0,-0.0259534,0.999663
153.452,54.883,-1.36068e-17,-0,-0,-0.111668,0.993746
153.549,54.8618,0.627111,-0,-0,-0.0961089,0.995371
153.648,54.8468,0.914344,-0,-0,-0.0512826,0.998684
153.748,54.8399,0.197334,-0,-0,-0.0235755,0.999722
153.776,54.8386,-5.64184e-19,-0,-0,-0.0465646,0.998915
153.875,54.8291,-0.0954142,-0,-0,-0.0489475,0.998801
153.975,54.8187,-0.191037,-0,-0,-0.0560986,0.998425
154.074,54.8064,-0.286685,-0,-0,-0.0680173,0.997684
154.173,54.7917,-0.108608,-0,-0,-0.078419,0.99692
154.226,54.7831,2.72881e-17,-0,-0,-0.0324745,0.999473
154.326,54.7761,-0.341083,-0,-0,-0.0409909,0.99916
154.425,54.7658,-0.334552,-0,-0,-0.061728,0.998093
154.525,54.7523,-0.0487767,-0,-0,-0.0712859,0.997456
154.541,54.7499,-1.34548e-17,-0,-0,-0.0446857,0.999001
154.641,54.7416,0.435265,-0,-0,-0.0338234,0.999428
154.741,54.7376,0.487,-0,-0,-0.00562892,0.999984
154.841,54.7383,0.0959812,0,0,0.00893405,0.99996
154.866,54.7388,1.39812e-17,-0,-0,-0.010744,0.999942
154.966,54.7365,-0.0635394,-0,-0,-0.0123326,0.999924
155.066,54.7336,-0.127156,-0,-0,-0.0170994,0.999854
155.166,54.7295,-0.190813,-0,-0,-0.0250462,0.999686
155.265,54.7235,-0.125164,-0,-0,-0.034021,0.999421
155.361,54.7166,4.29595e-18,-0,-0,-0.0366403,0.999329
155.461,54.7093,0.0247724,-0,-0,-0.0360214,0.999351
155.561,54.7023,0.0271529,-0,-0,-0.0344246,0.999407
155.66,54.6955,0.00375012,-0,-0,-0.0336525,0.999434
155.676,54.6944,1.59362e-18,-0,-0,-0.0707581,0.997494
155.775,54.6802,-0.057173,-0,-0,-0.0721837,0.997391
155.874,54.6654,-0.0609868,-0,-0,-0.0758575,0.997119
155.973,54.6501,-0.000320506,-0,-0,-0.0773857,0.997001
155.974,54.65,-4.37581e-19,-0,-0,-0.0336375,0.999434
156.073,54.6432,-0.0234008,-0,-0,-0.0342222,0.999414
156.173,54.6363,-0.0287398,-0,-0,-0.035807,0.999359
156.273,54.629,-0.00396929,-0,-0,-0.0366242,0.999329
156.289,54.6278,-2.85618e-17,-0,-0,-0.0481872,0.998838
156.388,54.6184,0.153136,-0,-0,-0.0443617,0.999016
156.488,54.6106,0.307142,-0,-0,-0.0328649,0.99946
156.588,54.6058,0.461265,-0,-0,-0.0136658,0.999907
156.688,54.605,0.184994,0,0,0.00323644,0.999995
156.748,54.6056,-1.03407e-22,-0,-0,-0.0341524,0.999417
156.848,54.5988,3.68548e-06,-0,-0,-0.0341523,0.999417
156.948,54.592,4.60718e-06,-0,-0,-0.034152,0.999417
157.047,54.5852,9.21704e-07,-0,-0,-0.0341519,0.999417
157.072,54.5835,-4.16609e-19,-0,-0,-0.0336375,0.999434
157.172,54.5767,-0.023401,-0,-0,-0.0342222,0.999414
157.272,54.5697,-0.0287399,-0,-0,-0.035807,0.999359
157.372,54.5624,-0.00396929,-0,-0,-0.0366242,0.999329
157.388,54.5613,-4.19273e-22,0,0,8.76562e-06,1
157.488,54.5613,7.45711e-06,0,0,8.95205e-06,1
157.588,54.5613,6.57888e-06,0,0,9.39487e-06,1
157.676,54.5613,-5.5867e-18,-0,-0,-0.0366399,0.999329
157.776,54.554,0.0247714,-0,-0,-0.0360211,0.999351
157.875,54.5469,0.0271519,-0,-0,-0.0344244,0.999407
157.975,54.5402,0.00375002,-0,-0,-0.0336523,0.999434
157.991,54.5391,6.83067e-17,0,0,0.0163553,0.999866
158.091,54.541,-0.84033,-0,-0,-0.00457589,0.99999
158.191,54.5347,-0.919456,-0,-0,-0.0587307,0.998274
158.29,54.5198,-0.130388,-0,-0,-0.084827,0.996396
158.306,54.5169,1.12111e-22,0,0,8.7299e-06,1
158.406,54.5169,3.22154e-06,0,0,8.81044e-06,1
158.506,54.5169,3.931e-06,0,0,9.02827e-06,1
158.606,54.5169,5.19961e-07,0,0,9.13954e-06,1
158.622,54.5169,4.28486e-19,-0,-0,-0.0339866,0.999422
158.721,54.5101,-0.00751092,-0,-0,-0.0341742,0.999416
158.821,54.5032,-0.0107575,-0,-0,-0.0346973,0.999398
158.921,54.4962,-0.0068952,-0,-0,-0.0351383,0.999382
159.021,54.4892,-0.00303295,-0,-0,-0.0353864,0.999374
159.099,54.4836,-8.63115e-19,-0,-0,-0.0366403,0.999329
159.199,54.4763,0.0247748,-0,-0,-0.0360213,0.999351
159.298,54.4693,0.0271555,-0,-0,-0.0344244,0.999407
159.398,54.4625,0.00375046,-0,-0,-0.0336522,0.999434
159.414,54.4614,-4.53022e-19,-0,-0,-0.0318997,0.999491
159.514,54.455,-0.0187825,-0,-0,-0.0323691,0.999476
159.614,54.4484,-0.0265598,-0,-0,-0.0336986,0.999432
159.714,54.4416,-0.00673845,-0,-0,-0.0345306,0.999404
159.747,54.4393,-6.86064e-17,-0,-0,-0.0284592,0.999595
159.847,54.4329,-0.392349,-0,-0,-0.0382546,0.999268
159.947,54.4228,-0.431397,-0,-0,-0.0635508,0.997979
160.046,54.4086,-0.0630099,-0,-0,-0.0758724,0.997118
160.063,54.406,0,-0,-0,-0.0460608,0.998939
160.163,54.3969,0.121616,-0,-0,-0.043016,0.999074
160.263,54.3891,0.244433,-0,-0,-0.033858,0.999427
160.362,54.3838,0.368849,-0,-0,-0.0185315,0.999828
160.462,54.3821,0.493585,0,0,0.0030042,0.999995
160.562,54.3854,0.459868,0,0,0.0294908,0.999565
160.662,54.3929,0.0837708,0,0,0.0430528,0.999073
160.684,54.3949,-4.19438e-20,0,0,0.0336554,0.999433
160.784,54.4017,0.0234028,0,0,0.0342401,0.999414
160.884,54.4086,0.0287421,0,0,0.035825,0.999358
160.983,54.4159,0.00396957,0,0,0.0366423,0.999328
160.999,54.4171,1.28951e-19,0,0,0.0340172,0.999421
161.099,54.4239,0.01353,0,0,0.0343552,0.99941
161.199,54.4309,0.0270607,0,0,0.0353694,0.999374
161.299,54.4381,0.0405915,0,0,0.0370596,0.999313
161.398,54.4457,0.0179159,0,0,0.0386661,0.999252
161.459,54.4504,5.47747e-17,0,0,0.0447038,0.999
161.559,54.4586,-0.435265,0,0,0.0338415,0.999427
161.658,54.4626,-0.487002,0,0,0.0056471,0.999984
161.758,54.4619,-0.0959823,-0,-0,-0.00891593,0.99996
161.783,54.4615,1.36441e-17,0,0,0.0449467,0.998989
161.883,54.4697,-0.447687,0,0,0.0337748,0.999429
161.983,54.4736,-0.49046,0,0,0.00489669,0.999988
162.083,54.4729,-0.06613,-0,-0,-0.00900542,0.999959
162.098,54.4726,-4.14335e-17,0,0,0.0324927,0.999472
162.198,54.4796,0.341078,0,0,0.0410089,0.999159
162.298,54.4899,0.334547,0,0,0.0617457,0.998092
162.397,54.5034,0.0487758,0,0,0.0713034,0.997455
162.414,54.5059,-1.40071e-19,0,0,0.0272766,0.999628
162.513,54.5121,0.453706,0,0,0.0386014,0.999255
162.613,54.5227,0.48743,0,0,0.0677199,0.997704
162.712,54.5378,0.0369801,0,0,0.080781,0.996732
162.72,54.5392,9.54266e-19,0,0,0.076434,0.997075
162.819,54.5538,-0.38036,0,0,0.066957,0.997756
162.918,54.5647,-0.483574,0,0,0.0409743,0.99916
163.018,54.5711,-0.0999125,0,0,0.026406,0.999651
163.044,54.5725,1.3199e-16,0,0,0.112651,0.993635
163.143,54.5917,-2.06664,0,0,0.0621745,0.998065
163.242,54.5919,-1.78129,-0,-0,-0.0561013,0.998425
163.341,54.5745,-0.146583,-0,-0,-0.10348,0.994632
163.35,54.5725,-1.37162e-18,-0,-0,-0.0135573,0.999908
163.45,54.5682,-0.940946,-0,-0,-0.0369643,0.999317
163.549,54.5548,-1.14577,-0,-0,-0.100658,0.994921
163.646,54.5308,-0.106325,-0,-0,-0.131593,0.991304
163.657,54.5281,-2.66288e-17,-0,-0,-0.0684233,0.997656
163.756,54.5147,0.19527,-0,-0,-0.0635482,0.997979
163.855,54.5033,0.392661,-0,-0,-0.0488745,0.998805
163.955,54.4959,0.590913,-0,-0,-0.0243191,0.999704
164.055,54.4939,0.33009,0,0,0.00164049,0.999999
164.134,54.4948,5.47039e-17,-0,-0,-0.0398444,0.999206
164.234,54.4873,0.259012,-0,-0,-0.0333768,0.999443
164.333,54.4823,0.372822,-0,-0,-0.0153106,0.999883
164.433,54.4809,0.242385,0,0,6.41189e-05,1
164.533,54.4819,0.112339,0,0,0.00893227,0.99996
164.62,54.4837,6.37752e-20,0,0,0.0183009,0.999833
164.72,54.486,-0.838604,-0,-0,-0.00258486,0.999997
164.82,54.4801,-1.03024,-0,-0,-0.0594525,0.998231
164.919,54.4645,-0.146531,-0,-0,-0.0886812,0.99606
164.935,54.4615,0,-0,-0,-0.0722203,0.997389
165.034,54.4472,0.0163256,-0,-0,-0.0718132,0.997418
165.133,54.4329,0.0228858,-0,-0,-0.0707022,0.997497
165.232,54.4189,0.0176452,-0,-0,-0.0696914,0.997569
165.331,54.4051,0.0124045,-0,-0,-0.068942,0.997621
165.431,54.3914,0.00716399,-0,-0,-0.0684539,0.997654
165.53,54.3778,0.00192358,-0,-0,-0.0682273,0.99767
165.566,54.3728,-4.79332e-17,-0,-0,-0.0734742,0.997297
165.665,54.3585,0.24797,-0,-0,-0.0672932,0.997733
165.764,54.3467,0.358206,-0,-0,-0.0499714,0.998751
165.864,54.3383,0.225498,-0,-0,-0.0353961,0.999373
165.964,54.3321,0.0931935,-0,-0,-0.0274327,0.999624
166.034,54.3284,-9.41945e-18,-0,-0,-0.0370492,0.999313
166.134,54.3211,0.0456491,-0,-0,-0.0359088,0.999355
166.234,54.3142,0.0510867,-0,-0,-0.0329541,0.999457
166.334,54.3078,0.0102208,-0,-0,-0.0314222,0.999506
166.359,54.3062,-1.29716e-18,-0,-0,-0.0338052,0.999428
166.458,54.2994,-0.0157522,-0,-0,-0.0341988,0.999415
166.558,54.2925,-0.0224721,-0,-0,-0.0352948,0.999377
166.658,54.2853,-0.0141349,-0,-0,-0.0362094,0.999344
166.758,54.2781,-0.00579785,-0,-0,-0.0367074,0.999326
166.827,54.2729,1.63372e-18,-0,-0,-0.0669454,0.997757
166.926,54.2595,-0.0454588,-0,-0,-0.0680793,0.99768
167.025,54.2456,-0.056905,-0,-0,-0.071172,0.997464
167.124,54.2312,-0.00882492,-0,-0,-0.072811,0.997346
167.142,54.2286,-4.91038e-23,-0,-0,-0.0718951,0.997412
167.241,54.2142,-2.81206e-06,-0,-0,-0.0718952,0.997412
167.34,54.1999,-3.07741e-06,-0,-0,-0.0718954,0.997412
167.439,54.1855,-2.65355e-07,-0,-0,-0.0718954,0.997412
167.448,54.1842,2.0386e-17,-0,-0,-0.0303189,0.99954
167.548,54.1773,-0.465254,-0,-0,-0.0419309,0.999121
167.648,54.1661,-0.431301,-0,-0,-0.0698664,0.997556
167.746,54.1509,-4.9964e-18,-0,-0,-0.0728518,0.997343
167.845,54.1364,0.0480879,-0,-0,-0.0716527,0.99743
167.944,54.1225,0.053813,-0,-0,-0.0685334,0.997649
168.043,54.109,0.00834542,-0,-0,-0.066983,0.997754
168.061,54.1065,-2.73684e-17,-0,-0,-0.0337569,0.99943
168.161,54.0996,-0.122106,-0,-0,-0.0368073,0.999322
168.26,54.0914,-0.160769,-0,-0,-0.0449892,0.998987
168.36,54.0817,-0.103206,-0,-0,-0.0515804,0.998669
168.459,54.071,-0.0456813,-0,-0,-0.0552973,0.99847
168.538,54.0621,0,-0,-0,-0.0650692,0.997881
168.637,54.0492,-0.00538008,-0,-0,-0.0652034,0.997872
168.737,54.0361,-0.0107604,-0,-0,-0.0656061,0.997846
168.836,54.0229,-0.016141,-0,-0,-0.0662772,0.997801
168.935,54.0096,-0.021522,-0,-0,-0.0672166,0.997738
169.034,53.9961,-0.0269032,-0,-0,-0.0684245,0.997656
169.133,53.9823,-0.032284,-0,-0,-0.0699006,0.997554
169.232,53.9682,-0.0272706,-0,-0,-0.0715502,0.997437
169.331,53.9538,-0.0041974,-0,-0,-0.0723349,0.99738
169.349,53.9512,6.82037e-17,-0,-0,-0.0289748,0.99958
169.449,53.9445,-0.542852,-0,-0,-0.0425193,0.999096
169.548,53.9327,-0.485921,-0,-0,-0.074871,0.997193
169.637,53.9179,-6.17297e-17,-0,-0,-0.0303189,0.99954
169.737,53.9111,-0.465255,-0,-0,-0.0419309,0.999121
169.836,53.8999,-0.4313,-0,-0,-0.0698663,0.997556
169.934,53.8846,0,-0,-0,-0.0239106,0.999714
170.034,53.8798,-0.0569757,-0,-0,-0.0253354,0.999679
170.134,53.8743,-0.114081,-0,-0,-0.0296118,0.999561
170.234,53.8677,-0.171363,-0,-0,-0.0367441,0.999325
170.334,53.8594,-0.2287,-0,-0,-0.0467343,0.998907
170.433,53.8489,-0.239431,-0,-0,-0.059326,0.998239
170.532,53.8361,-0.0808588,-0,-0,-0.0673147,0.997732
170.583,53.8292,2.73339e-17,0,0,0.0163561,0.999866
170.683,53.831,-0.840327,-0,-0,-0.00457509,0.99999
170.783,53.8248,-0.919454,-0,-0,-0.0587298,0.998274
170.882,53.8098,-0.130389,-0,-0,-0.084826,0.996396
170.898,53.807,-1.20973e-19,-0,-0,-0.0707685,0.997493
170.997,53.7931,0.126303,-0,-0,-0.0676189,0.997711
171.096,53.7804,0.183693,-0,-0,-0.0587895,0.99827
171.196,53.7695,0.120211,-0,-0,-0.051204,0.998688
171.295,53.7597,0.0567741,-0,-0,-0.0467847,0.998905
171.384,53.7515,1.86631e-19,-0,-0,-0.0272576,0.999628
171.484,53.7453,-0.453708,-0,-0,-0.0385823,0.999255
171.584,53.7347,-0.487433,-0,-0,-0.067701,0.997706
171.683,53.7196,-0.036981,-0,-0,-0.0807622,0.996733
171.691,53.7182,-2.12823e-24,-0,-0,-0.0384034,0.999262
171.79,53.7106,-1.9966e-06,-0,-0,-0.0384035,0.999262
171.89,53.7029,-1.77849e-06,-0,-0,-0.0384036,0.999262
171.979,53.696,-1.3731e-17,-0,-0,-0.0284585,0.999595
172.079,53.6897,-0.392346,-0,-0,-0.0382539,0.999268
172.178,53.6796,-0.431394,-0,-0,-0.0635499,0.997979
172.277,53.6654,-0.0630102,-0,-0,-0.0758714,0.997118
172.294,53.6628,0,-0,-0,-0.0320431,0.999486
172.394,53.6563,-0.00319639,-0,-0,-0.032123,0.999484
172.494,53.6499,-0.00639282,-0,-0,-0.0323626,0.999476
172.594,53.6434,-0.00958933,-0,-0,-0.0327619,0.999463
172.693,53.6368,-0.0127859,-0,-0,-0.033321,0.999445
172.793,53.6301,-0.0159825,-0,-0,-0.0340398,0.99942
172.893,53.6232,-0.0191791,-0,-0,-0.0349183,0.99939
172.993,53.6161,-0.0169003,-0,-0,-0.0359128,0.999355
173.092,53.6089,-0.00299186,-0,-0,-0.0364097,0.999337
173.114,53.6073,5.70033e-23,-0,-0,-0.0361529,0.999346
173.214,53.6001,-2.89232e-06,-0,-0,-0.0361529,0.999346
173.313,53.5928,-3.09593e-06,-0,-0,-0.0361531,0.999346
173.413,53.5856,-2.0361e-07,-0,-0,-0.0361532,0.999346
173.42,53.5851,4.18574e-22,-0,-0,-0.0361532,0.999346
173.52,53.5779,4.81796e-06,-0,-0,-0.0361531,0.999346
173.62,53.5707,5.15712e-06,-0,-0,-0.0361528,0.999346
173.719,53.5634,3.39173e-07,-0,-0,-0.0361527,0.999346
173.726,53.5629,6.2335e-24,-0,-0,-0.0341512,0.999417
173.826,53.5561,4.16188e-07,-0,-0,-0.0341512,0.999417
173.926,53.5493,8.32375e-07,-0,-0,-0.0341511,0.999417
174.026,53.5424,1.24856e-06,-0,-0,-0.0341511,0.999417
174.125,53.5356,7.28443e-07,-0,-0,-0.034151,0.999417
174.213,53.5296,2.7482e-17,-0,-0,-0.0334746,0.99944
174.312,53.5227,-0.136478,-0,-0,-0.036884,0.99932
174.412,53.5145,-0.178857,-0,-0,-0.0460192,0.998941
174.512,53.5045,-0.112688,-0,-0,-0.0532983,0.998579
174.611,53.4934,-0.0465771,-0,-0,-0.0572738,0.998359
174.681,53.4853,-2.73572e-17,-0,-0,-0.0272577,0.999628
174.781,53.4791,-0.453704,-0,-0,-0.0385823,0.999255
174.88,53.4685,-0.487427,-0,-0,-0.0677007,0.997706
174.979,53.4533,-0.0369805,-0,-0,-0.0807617,0.996733
174.987,53.452,0,-0,-0,-0.0340694,0.999419
175.087,53.4452,-0.00370245,-0,-0,-0.0341619,0.999416
175.187,53.4383,-0.00554523,-0,-0,-0.034422,0.999407
175.287,53.4314,-0.0042879,-0,-0,-0.0346677,0.999399
175.386,53.4245,-0.00303057,-0,-0,-0.0348505,0.999393
175.486,53.4175,-0.00177324,-0,-0,-0.0349705,0.999388
175.586,53.4105,-0.000515919,-0,-0,-0.0350277,0.999386
175.627,53.4076,-1.366e-17,-0,-0,-0.041672,0.999131
175.726,53.3996,0.187967,-0,-0,-0.0369776,0.999316
175.826,53.3934,0.224012,-0,-0,-0.0249915,0.999688
175.926,53.3894,0.137733,-0,-0,-0.0159508,0.999873
176.026,53.3867,0.0515953,-0,-0,-0.0112178,0.999937
176.086,53.3854,2.96602e-18,-0,-0,-0.0521058,0.998642
176.186,53.3764,0.819898,-0,-0,-0.0316997,0.999497
176.286,53.3753,1.01023,0,0,0.0240098,0.999712
176.385,53.3837,0.137747,0,0,0.0525842,0.998616
176.401,53.3854,0,0,0,0.0257533,0.999668
176.501,53.3907,0.0955963,0,0,0.0281429,0.999604
176.601,53.397,0.191512,0,0,0.0353167,0.999376
176.701,53.4052,0.287672,0,0,0.0472818,0.998882
176.8,53.4161,0.24011,0,0,0.0613464,0.998117
176.899,53.4294,0.144683,0,0,0.070943,0.99748
176.998,53.4441,0.0496092,0,0,0.0757879,0.997124
177.05,53.452,6.36178e-18,0,0,0.0632363,0.997999
177.149,53.4654,0.43655,0,0,0.0741137,0.99725
177.247,53.4829,0.480431,0,0,0.102311,0.994752
177.345,53.5049,0.0490637,0,0,0.115458,0.993312
177.356,53.5075,2.49565e-17,0,0,0.0737086,0.99728
177.455,53.5218,-0.240878,0,0,0.067698,0.997706
177.555,53.5338,-0.485,0,0,0.0495898,0.99877
177.654,53.5408,-0.722931,0,0,0.0192737,0.999814
177.754,53.5418,-0.27278,-0,-0,-0.00558396,0.999984
177.815,53.5408,0,-0,-0,-0.0336939,0.999432
177.915,53.5339,-0.12529,-0,-0,-0.0368237,0.999322
178.015,53.5257,-0.174179,-0,-0,-0.0453261,0.998972
178.114,53.5158,-0.134831,-0,-0,-0.0530409,0.998592
178.214,53.5046,-0.0954648,-0,-0,-0.058789,0.99827
178.313,53.4925,-0.0561505,-0,-0,-0.0625728,0.99804
178.412,53.4798,-0.0168918,-0,-0,-0.0643957,0.997924
178.455,53.4742,1.57786e-22,-0,-0,-0.034151,0.999417
178.555,53.4674,2.21066e-06,-0,-0,-0.034151,0.999417
178.654,53.4606,2.76352e-06,-0,-0,-0.0341508,0.999417
178.754,53.4538,5.52866e-07,-0,-0,-0.0341508,0.999417
178.779,53.4521,-1.30179e-17,-0,-0,-0.0808373,0.996727
178.878,53.4367,0.450175,-0,-0,-0.0696264,0.997573
178.977,53.4256,0.491246,-0,-0,-0.0405262,0.999178
179.077,53.4192,0.0372706,-0,-0,-0.0273342,0.999626
179.085,53.4188,0,-0,-0,-0.0612116,0.998125
179.185,53.4066,0.0124413,-0,-0,-0.0609012,0.998144
179.284,53.3945,0.0248841,-0,-0,-0.0599697,0.9982
179.383,53.3827,0.037329,-0,-0,-0.0584171,0.998292
179.483,53.3712,0.0497751,-0,-0,-0.0562431,0.998417
179.582,53.3603,0.0535822,-0,-0,-0.0535087,0.998567
179.681,53.3498,0.0355744,-0,-0,-0.0512829,0.998684
179.781,53.3397,0.0175692,-0,-0,-0.049956,0.998751
179.878,53.33,3.44172e-17,-0,-0,-0.0648432,0.997895
179.977,53.3165,-0.354595,-0,-0,-0.0736809,0.997282
180.076,53.2996,-0.398668,-0,-0,-0.096683,0.995315
180.174,53.2789,-0.066918,-0,-0,-0.108255,0.994123
180.193,53.2745,1.50257e-17,-0,-0,-0.0814217,0.99668
180.292,53.2581,-0.100187,-0,-0,-0.0839181,0.996473
180.39,53.2408,-0.200624,-0,-0,-0.0914091,0.995813
180.489,53.2214,-0.301105,-0,-0,-0.103891,0.994589
180.586,53.1995,-0.124733,-0,-0,-0.115241,0.993338
180.644,53.1858,3.6961e-19,-0,-0,-0.102249,0.994759
180.742,53.1659,0.251886,-0,-0,-0.0959847,0.995383
180.84,53.1484,0.366552,-0,-0,-0.0780357,0.996951
180.939,53.1342,0.0824027,-0,-0,-0.0668455,0.997763
180.968,53.1303,-6.87506e-24,-0,-0,-0.106821,0.994278
181.066,53.1091,-7.05262e-06,-0,-0,-0.106821,0.994278
181.163,53.0878,-7.99702e-06,-0,-0,-0.106822,0.994278
181.261,53.0666,-9.44382e-07,-0,-0,-0.106822,0.994278
181.274,53.0637,7.89735e-19,-0,-0,-0.0747455,0.997203
181.373,53.0489,0.00942545,-0,-0,-0.0745105,0.99722
181.472,53.0341,0.0188511,-0,-0,-0.0738055,0.997273
181.571,53.0194,0.0282767,-0,-0,-0.0726305,0.997359
181.67,53.0051,0.0101141,-0,-0,-0.0716696,0.997428
181.724,52.9972,0,-0,-0,-0.0648425,0.997896
181.824,52.9841,-0.0885357,-0,-0,-0.0670514,0.99775
181.923,52.9701,-0.1773,-0,-0,-0.0736804,0.997282
182.021,52.9544,-0.266209,-0,-0,-0.0847302,0.996404
182.12,52.9363,-0.199337,-0,-0,-0.0966828,0.995315
182.218,52.9162,-0.11628,-0,-0,-0.104532,0.994522
182.315,52.895,-0.0334599,-0,-0,-0.108255,0.994123
182.355,52.8862,-2.50294e-17,-0,-0,-0.134917,0.990857
182.451,52.8591,-0.27062,-0,-0,-0.141615,0.989922
182.547,52.8294,-0.32939,-0,-0,-0.159559,0.987188
182.641,52.7967,-0.0774015,-0,-0,-0.169587,0.985515
182.67,52.7864,9.93891e-19,-0,-0,-0.18106,0.983472
182.764,52.7513,0.37411,-0,-0,-0.171861,0.985121
182.859,52.7198,0.467698,-0,-0,-0.146721,0.989178
182.955,52.6924,0.0849805,-0,-0,-0.133049,0.991109
182.976,52.6865,8.18998e-17,-0,-0,-0.106664,0.994295
183.074,52.6647,-0.363799,-0,-0,-0.115697,0.993285
183.171,52.6395,-0.362258,-0,-0,-0.138046,0.990426
183.267,52.611,-0.0246862,-0,-0,-0.147615,0.989045
183.274,52.6088,0,-0,-0,-0.141986,0.989869
183.37,52.5808,0.066482,-0,-0,-0.14034,0.990103
183.466,52.5535,0.0969543,-0,-0,-0.135764,0.990741
183.562,52.527,0.074646,-0,-0,-0.131512,0.991315
183.659,52.5012,0.0523345,-0,-0,-0.128365,0.991727
183.756,52.476,0.0300318,-0,-0,-0.126322,0.991989
183.853,52.451,0.00773844,-0,-0,-0.125385,0.992108
183.886,52.4424,8.3386e-19,-0,-0,-0.149071,0.988827
183.982,52.4136,0.405004,-0,-0,-0.13906,0.990284
184.079,52.3886,0.478763,-0,-0,-0.112247,0.99368
184.177,52.3679,0.0662516,-0,-0,-0.098709,0.995116
184.192,52.3647,3.24589e-17,-0,-0,-0.159057,0.987269
184.288,52.3342,0.547773,-0,-0,-0.145542,0.989352
184.384,52.3087,0.566733,-0,-0,-0.111233,0.993794
184.482,52.2885,0.0393002,-0,-0,-0.0961847,0.995364
184.49,52.2871,0,-0,-0,-0.131943,0.991257
184.587,52.2625,1.03971,-0,-0,-0.106269,0.994337
184.685,52.2478,1.0156,-0,-0,-0.0422232,0.999108
184.785,52.2427,0.0140766,-0,-0,-0.016619,0.999862
184.787,52.2427,0,0,0,0.00458998,0.999989
184.887,52.2433,-0.187713,-0,-0,-0.000101146,1
184.987,52.242,-0.302376,-0,-0,-0.0136576,0.999907
185.087,52.2379,-0.235018,-0,-0,-0.0270841,0.999633
185.186,52.2314,-0.167507,-0,-0,-0.0371399,0.99931
185.286,52.2233,-0.100227,-0,-0,-0.0438296,0.999039
185.386,52.2141,-0.0332202,-0,-0,-0.0471647,0.998887
185.435,52.2094,1.09585e-16,0,0,0.00828644,0.999966
185.535,52.2104,-0.424059,-0,-0,-0.00230516,0.999997
185.635,52.2072,-0.462159,-0,-0,-0.0295926,0.999562
185.735,52.1997,-0.0622592,-0,-0,-0.0426839,0.999089
185.751,52.1983,2.73229e-23,-0,-0,-0.0718941,0.997412
185.85,52.184,6.01651e-07,-0,-0,-0.071894,0.997412
185.949,52.1697,7.94646e-07,-0,-0,-0.071894,0.997412
186.048,52.1553,4.9382e-07,-0,-0,-0.071894,0.997412
186.146,52.141,1.92995e-07,-0,-0,-0.0718939,0.997412
186.21,52.1318,9.44062e-19,-0,-0,-0.076414,0.997076
186.309,52.1172,0.380359,-0,-0,-0.0669371,0.997757
186.408,52.1063,0.483573,-0,-0,-0.0409543,0.999161
186.508,52.0998,0.0999109,-0,-0,-0.0263861,0.999652
186.534,52.0985,5.47923e-17,-0,-0,-0.0257328,0.999669
186.634,52.0927,-0.383025,-0,-0,-0.0352962,0.999377
186.734,52.0832,-0.480222,-0,-0,-0.0613261,0.998118
186.833,52.0692,-0.0992182,-0,-0,-0.0757675,0.997126
186.858,52.0652,-2.35999e-23,-0,-0,-0.0341505,0.999417
186.958,52.0584,-1.37131e-06,-0,-0,-0.0341505,0.999417
187.058,52.0516,-1.71426e-06,-0,-0,-0.0341506,0.999417
187.158,52.0447,-3.4295e-07,-0,-0,-0.0341507,0.999417
187.183,52.043,-8.98041e-19,-0,-0,-0.0241402,0.999709
187.283,52.0379,-0.17686,-0,-0,-0.0285615,0.999592
187.383,52.031,-0.354941,-0,-0,-0.0418455,0.999124
187.482,52.0206,-0.522455,-0,-0,-0.0640005,0.99795
187.581,52.0058,-0.158794,-0,-0,-0.0809733,0.996716
187.624,51.9986,-5.1978e-22,-0,-0,-0.0718941,0.997412
187.723,51.9843,2.59447e-06,-0,-0,-0.071894,0.997412
187.822,51.97,2.8393e-06,-0,-0,-0.0718938,0.997412
187.921,51.9556,2.4483e-07,-0,-0,-0.0718938,0.997412
187.93,51.9543,1.05743e-18,-0,-0,-0.0764136,0.997076
188.029,51.9396,0.380353,-0,-0,-0.0669368,0.997757
188.129,51.9288,0.483566,-0,-0,-0.0409545,0.999161
188.228,51.9223,0.0999091,-0,-0,-0.0263865,0.999652
188.255,51.921,0,-0,-0,-0.0810684,0.996709
188.353,51.9056,0.461875,-0,-0,-0.0695671,0.997577
188.453,51.8946,0.51577,-0,-0,-0.0395754,0.999217
188.553,51.8886,0.075499,-0,-0,-0.0248158,0.999692
188.57,51.8877,1.96115e-24,-0,-0,-0.0341503,0.999417
188.67,51.8809,-5.84172e-07,-0,-0,-0.0341504,0.999417
188.769,51.8741,-7.30268e-07,-0,-0,-0.0341504,0.999417
188.869,51.8672,-1.46096e-07,-0,-0,-0.0341504,0.999417
188.894,51.8655,-6.05345e-19,-0,-0,-0.0460734,0.998938
188.994,51.8562,-0.0776257,-0,-0,-0.0480121,0.998847
189.093,51.8461,-0.155374,-0,-0,-0.0538294,0.99855
189.192,51.8344,-0.233158,-0,-0,-0.063525,0.99798
189.291,51.8207,-0.114117,-0,-0,-0.073019,0.997331
189.362,51.81,1.42268e-17,-0,-0,-0.0764139,0.997076
189.461,51.7954,0.38036,-0,-0,-0.0669369,0.997757
189.561,51.7845,0.483574,-0,-0,-0.0409541,0.999161
189.661,51.7781,0.0999111,-0,-0,-0.0263859,0.999652
189.687,51.7768,1.36494e-17,-0,-0,-0.0324356,0.999474
189.786,51.7694,-0.557324,-0,-0,-0.0463401,0.998926
189.886,51.7569,-0.421149,-0,-0,-0.0769131,0.997038
189.966,51.7435,1.0827e-16,0,0,0.0215081,0.999769
190.066,51.7457,-1.25444,-0,-0,-0.00960827,0.999954
190.165,51.7362,-1.22851,-0,-0,-0.0858672,0.996307
190.263,51.7147,-0.186912,-0,-0,-0.120864,0.992669
190.281,51.7102,-5.25629e-17,-0,-0,-0.0366576,0.999328
190.381,51.7025,-0.189789,-0,-0,-0.0414017,0.999143
190.481,51.693,-0.38143,-0,-0,-0.0556631,0.99845
190.58,51.6797,-0.57367,-0,-0,-0.0794709,0.996837
190.678,51.6613,-0.300916,-0,-0,-0.103181,0.994663
190.759,51.6436,3.67411e-25,-0,-0,-0.101072,0.994879
190.856,51.6235,-3.04276e-07,-0,-0,-0.101072,0.994879
190.954,51.6034,-3.98648e-07,-0,-0,-0.101072,0.994879
191.052,51.5833,-9.43719e-08,-0,-0,-0.101072,0.994879
191.083,51.5771,2.09974e-22,-0,-0,-0.101072,0.994879
191.181,51.557,4.33722e-06,-0,-0,-0.101072,0.994879
191.279,51.5368,5.68241e-06,-0,-0,-0.101072,0.994879
191.377,51.5167,1.34519e-06,-0,-0,-0.101072,0.994879
191.407,51.5105,2.97536e-20,-0,-0,-0.0591079,0.998252
191.506,51.4976,-0.643843,-0,-0,-0.0751354,0.997173
191.604,51.4786,-0.672133,-0,-0,-0.116299,0.993214
191.695,51.455,-1.61574e-18,-0,-0,-0.0766835,0.997055
191.794,51.4398,0.021029,-0,-0,-0.0761593,0.997096
191.893,51.4247,0.0251336,-0,-0,-0.0748153,0.997197
191.992,51.4099,0.0149304,-0,-0,-0.0738164,0.997272
192.091,51.3952,0.0047275,-0,-0,-0.0733263,0.997308
192.137,51.3885,-3.05911e-17,-0,-0,-0.116287,0.993216
192.234,51.3661,0.466139,-0,-0,-0.104718,0.994502
192.332,51.3482,0.537523,-0,-0,-0.0741378,0.997248
192.432,51.3353,0.090463,-0,-0,-0.0584884,0.998288
192.452,51.333,5.95146e-18,-0,-0,-0.0449034,0.998991
192.551,51.3239,-0.0518698,-0,-0,-0.0461989,0.998932
192.651,51.3143,-0.103783,-0,-0,-0.0500857,0.998745
192.75,51.3037,-0.15572,-0,-0,-0.0565636,0.998399
192.85,51.2917,-0.108247,-0,-0,-0.0640159,0.997949
192.949,51.2785,-0.00753226,-0,-0,-0.066904,0.997759
192.956,51.2775,7.06178e-20,-0,-0,-0.0635175,0.997981
193.055,51.2648,-0.0366058,-0,-0,-0.0644307,0.997922
193.155,51.2517,-0.0525792,-0,-0,-0.0670291,0.997751
193.254,51.2381,-0.013975,-0,-0,-0.0686891,0.997638
193.289,51.2331,-5.69635e-19,-0,-0,-0.083272,0.996527
193.388,51.2168,0.142887,-0,-0,-0.0797107,0.996818
193.487,51.2018,0.286484,-0,-0,-0.0690073,0.997616
193.586,51.1897,0.430182,-0,-0,-0.0511277,0.998692
193.686,51.1813,0.165319,-0,-0,-0.0353012,0.999377
193.74,51.1777,0,-0,-0,-0.0744638,0.997224
193.839,51.1629,0.0322953,-0,-0,-0.0736586,0.997284
193.938,51.1484,0.0646039,-0,-0,-0.0712425,0.997459
194.037,51.1345,0.0969238,-0,-0,-0.0672142,0.997739
194.136,51.1216,0.0807739,-0,-0,-0.0626674,0.998034
194.235,51.1095,0.0595662,-0,-0,-0.0591655,0.998248
194.334,51.0979,0.0383654,-0,-0,-0.0567213,0.99839
194.434,51.0867,0.0171749,-0,-0,-0.0553349,0.998468
194.514,51.0778,-1.78038e-18,-0,-0,-0.0669436,0.997757
194.614,51.0644,-0.0454665,-0,-0,-0.0680776,0.99768
194.713,51.0505,-0.0569147,-0,-0,-0.0711709,0.997464
194.812,51.0361,-0.00882631,-0,-0,-0.0728101,0.997346
194.83,51.0334,-1.5199e-17,-0,-0,-0.0444355,0.999012
194.929,51.0244,-0.0971767,-0,-0,-0.0468628,0.998901
195.029,51.0144,-0.194591,-0,-0,-0.0541474,0.998533
195.128,51.0024,-0.292067,-0,-0,-0.06629,0.9978
195.227,50.9879,-0.132789,-0,-0,-0.0779679,0.996956
195.289,50.978,5.47043e-17,-0,-0,-0.0257321,0.999669
195.389,50.9722,-0.383023,-0,-0,-0.0352955,0.999377
195.488,50.9627,-0.480222,-0,-0,-0.0613253,0.998118
195.587,50.9487,-0.0992193,-0,-0,-0.0757668,0.997126
195.613,50.9447,3.28822e-19,-0,-0,-0.0549939,0.998487
195.713,50.9338,0.0561915,-0,-0,-0.0535911,0.998563
195.812,50.9235,0.112437,-0,-0,-0.0493809,0.99878
195.912,50.9143,0.168712,-0,-0,-0.0423601,0.999102
196.011,50.9066,0.112874,-0,-0,-0.034349,0.99941
196.109,50.9003,-7.299e-18,-0,-0,-0.0750593,0.997179
196.208,50.8856,0.159166,-0,-0,-0.0710915,0.99747
196.307,50.8724,0.211178,-0,-0,-0.0603893,0.998175
196.406,50.8613,0.133372,-0,-0,-0.05179,0.998658
196.506,50.8515,0.0556611,-0,-0,-0.0470698,0.998892
196.577,50.8448,-6.14152e-24,-0,-0,-0.0718937,0.997412
196.676,50.8305,-1.86947e-06,-0,-0,-0.0718938,0.997412
196.775,50.8162,-2.04587e-06,-0,-0,-0.0718939,0.997412
196.874,50.8018,-1.76403e-07,-0,-0,-0.071894,0.997412
196.883,50.8005,4.22095e-23,-0,-0,-0.0718936,0.997412
196.982,50.7861,-1.96984e-06,-0,-0,-0.0718936,0.997412
197.081,50.7718,-2.15572e-06,-0,-0,-0.0718938,0.997412
197.18,50.7574,-1.85878e-07,-0,-0,-0.0718938,0.997412
197.19,50.7561,0,-0,-0,-0.0938854,0.995583
197.288,50.7375,0.0547799,-0,-0,-0.0925217,0.995711
197.386,50.7194,0.109613,-0,-0,-0.0884289,0.996082
197.485,50.7024,0.164478,-0,-0,-0.0816021,0.996665
197.583,50.6869,0.121646,-0,-0,-0.0741984,0.997244
197.682,50.6726,0.0664845,-0,-0,-0.0695075,0.997581
197.782,50.659,0.0113802,-0,-0,-0.0675654,0.997715
197.802,50.6562,1.3031e-17,-0,-0,-0.0764107,0.997076
197.901,50.6412,0.109188,-0,-0,-0.0736879,0.997281
198,50.6272,0.218774,-0,-0,-0.0655087,0.997852
198.099,50.6154,0.328567,-0,-0,-0.0518522,0.998655
198.199,50.6067,0.214908,-0,-0,-0.0362676,0.999342
198.288,50.6008,5.50282e-17,-0,-0,-0.0810684,0.996709
198.387,50.5854,0.461883,-0,-0,-0.0695669,0.997577
198.487,50.5744,0.515775,-0,-0,-0.0395748,0.999217
198.586,50.5683,0.0754988,-0,-0,-0.024815,0.999692
198.604,50.5675,0,-0,-0,-0.0272818,0.999628
198.703,50.5617,-0.207301,-0,-0,-0.0324597,0.999473
198.803,50.5538,-0.334773,-0,-0,-0.0474338,0.998874
198.902,50.5428,-0.259311,-0,-0,-0.0622561,0.99806
199.001,50.5292,-0.183653,-0,-0,-0.0733021,0.99731
199.1,50.5138,-0.108315,-0,-0,-0.0805822,0.996748
199.199,50.4973,-0.0333443,-0,-0,-0.0841147,0.996456
199.243,50.4898,1.19741e-17,-0,-0,-0.0773832,0.997001
199.342,50.4745,0.0606631,-0,-0,-0.0758711,0.997118
199.441,50.4597,0.0574721,-0,-0,-0.0721966,0.99739
199.54,50.4455,0.00030195,-0,-0,-0.0707559,0.997494
199.54,50.4454,-2.75905e-17,-0,-0,-0.0272557,0.999628
199.64,50.4392,-0.453709,-0,-0,-0.0385805,0.999255
199.74,50.4287,-0.487436,-0,-0,-0.0676993,0.997706
199.838,50.4135,-0.0369823,-0,-0,-0.0807606,0.996734
199.847,50.4122,3.4157e-17,-0,-0,-0.0284566,0.999595
199.946,50.4058,-0.392348,-0,-0,-0.038252,0.999268
200.046,50.3957,-0.431398,-0,-0,-0.0635481,0.997979
200.145,50.3815,-0.0630119,-0,-0,-0.0758699,0.997118
200.162,50.3789,-4.13472e-17,-0,-0,-0.0257322,0.999669
200.262,50.3731,-0.383021,-0,-0,-0.0352956,0.999377
200.361,50.3636,-0.480217,-0,-0,-0.0613251,0.998118
200.46,50.3496,-0.0992174,-0,-0,-0.0757664,0.997126
200.486,50.3456,1.44317e-17,-0,-0,-0.0241301,0.999709
200.586,50.3409,0.0770969,-0,-0,-0.022203,0.999753
200.686,50.337,0.154304,-0,-0,-0.0164193,0.999865
200.786,50.3346,0.231524,-0,-0,-0.00677498,0.999977
200.886,50.3342,0.0919246,0,0,0.00165874,0.999999
200.945,50.3345,-3.92576e-23,0,0,1.14373e-05,1
201.045,50.3345,4.32302e-07,0,0,1.14481e-05,1
201.145,50.3345,4.59264e-07,0,0,1.14758e-05,1
201.245,50.3345,2.69619e-08,0,0,1.14879e-05,1
201.252,50.3345,1.41896e-17,-0,-0,-0.0114099,0.999935
201.352,50.3321,-0.0647592,-0,-0,-0.0130289,0.999915
201.452,50.3291,-0.129595,-0,-0,-0.0178871,0.99984
201.552,50.3248,-0.194463,-0,-0,-0.025986,0.999662
201.651,50.3186,-0.112466,-0,-0,-0.0345512,0.999403
201.738,50.3123,-9.57195e-17,0,0,0.00853082,0.999964
201.838,50.3134,-0.389307,-0,-0,-0.00119375,0.999999
201.938,50.3106,-0.48447,-0,-0,-0.0276169,0.999619
202.038,50.3033,-0.0954471,-0,-0,-0.0420951,0.999114
202.062,50.3013,0,0,0,0.00453533,0.99999
202.162,50.3021,-0.0578752,0,0,0.00308837,0.999995
202.262,50.3023,-0.11581,-0,-0,-0.00125363,0.999999
202.362,50.3014,-0.173779,-0,-0,-0.0084925,0.999964
202.462,50.2989,-0.123077,-0,-0,-0.0160818,0.999871
202.562,50.2951,-0.0651713,-0,-0,-0.020787,0.999784
202.662,50.2907,-0.00732893,-0,-0,-0.0225992,0.999745
202.675,50.2902,0,0,0,0.00285758,0.999996
202.775,50.2905,-0.129962,-0,-0,-0.000390896,1
202.875,50.2896,-0.194447,-0,-0,-0.0095191,0.999955
202.975,50.2868,-0.151103,-0,-0,-0.0181555,0.999835
203.075,50.2825,-0.107724,-0,-0,-0.0246242,0.999697
203.174,50.2771,-0.0644118,-0,-0,-0.0289266,0.999582
203.274,50.2711,-0.0211747,-0,-0,-0.031066,0.999517
203.323,50.268,4.02e-20,-0,-0,-0.0426828,0.999089
203.423,50.2601,0.388399,-0,-0,-0.0329878,0.999456
203.523,50.256,0.485611,-0,-0,-0.00657942,0.999978
203.623,50.2565,0.0956717,0,0,0.00794169,0.999968
203.648,50.2569,-3.41829e-20,-0,-0,-0.0399496,0.999202
203.747,50.2494,0.263898,-0,-0,-0.0333602,0.999443
203.847,50.2444,0.378431,-0,-0,-0.0149664,0.999888
203.947,50.2431,0.241738,0,0,0.000532474,1
204.047,50.2442,0.105496,0,0,0.00921335,0.999958
204.125,50.2458,-1.64781e-18,-0,-0,-0.0521042,0.998642
204.225,50.2367,0.819898,-0,-0,-0.0316981,0.999497
204.324,50.2357,1.01023,0,0,0.0240114,0.999712
204.424,50.2441,0.137748,0,0,0.0525859,0.998616
204.44,50.2458,0,-0,-0,-0.0155623,0.999879
204.54,50.2427,0.0198834,-0,-0,-0.0150652,0.999887
204.64,50.2399,0.0397728,-0,-0,-0.0135739,0.999908
204.74,50.2374,0.0596704,-0,-0,-0.011088,0.999939
204.84,50.2355,0.0795716,-0,-0,-0.00760728,0.999971
204.94,50.2344,0.0802921,-0,-0,-0.00332587,0.999994
205.04,50.2341,0.0528558,0,0,2.68773e-06,1
205.14,50.2343,0.0254292,0,0,0.00195981,0.999998
205.233,50.2347,-2.19997e-22,0,0,1.12301e-05,1
205.333,50.2348,5.76694e-06,0,0,1.13743e-05,1
205.433,50.2348,8.11178e-06,0,0,1.17821e-05,1
205.533,50.2348,2.02448e-06,0,0,1.20355e-05,1
205.566,50.2348,5.93664e-25,0,0,1.16007e-05,1
205.666,50.2348,-2.14285e-07,0,0,1.15953e-05,1
205.766,50.2348,-4.2857e-07,0,0,1.15793e-05,1
205.866,50.2348,-6.42855e-07,0,0,1.15525e-05,1
205.966,50.2348,-2.76701e-07,0,0,1.15286e-05,1
206.034,50.2348,1.09108e-16,-0,-0,-0.0188371,0.999823
206.135,50.2328,1.0966,0,0,0.00842922,0.999964
206.234,50.2411,0.972415,0,0,0.0736433,0.997285
206.323,50.257,-4.12444e-17,-0,-0,-0.0474315,0.998874
206.422,50.2483,0.520018,-0,-0,-0.0344588,0.999406
206.522,50.2446,0.494414,-0,-0,-0.00301804,0.999995
206.622,50.2457,0.030776,0,0,0.0100973,0.999949
206.629,50.2459,-2.61734e-23,0,0,1.16215e-05,1
206.729,50.2459,8.93135e-07,0,0,1.16438e-05,1
206.829,50.2459,9.92911e-07,0,0,1.17015e-05,1
206.929,50.2459,1.9379e-07,0,0,1.17312e-05,1
206.953,50.2459,-6.16985e-17,-0,-0,-0.0399494,0.999202
207.053,50.2383,0.263898,-0,-0,-0.0333599,0.999443
207.153,50.2334,0.378431,-0,-0,-0.0149661,0.999888
207.253,50.2321,0.241738,0,0,0.000532763,1
207.353,50.2332,0.105496,0,0,0.00921366,0.999958
207.43,50.2348,1.67243e-19,0,0,0.0429492,0.999077
207.53,50.2427,-0.399483,0,0,0.0329778,0.999456
207.63,50.2467,-0.490583,0,0,0.00589877,0.999983
207.73,50.2462,-0.0660864,-0,-0,-0.00800596,0.999968
207.746,50.2459,6.378e-19,0,0,0.0234092,0.999726
207.846,50.2505,-0.0700169,0,0,0.0216591,0.999765
207.946,50.2543,-0.140124,0,0,0.0164066,0.999865
208.045,50.2568,-0.210257,0,0,0.00764843,0.999971
208.145,50.2574,-0.10571,-0,-0,-0.00092349,1
208.223,50.257,4.71926e-23,0,0,1.16803e-05,1
208.323,50.257,2.73484e-06,0,0,1.17486e-05,1
208.423,50.257,3.33712e-06,0,0,1.19336e-05,1
208.523,50.257,4.41414e-07,0,0,1.2028e-05,1
208.538,50.257,-1.36565e-17,0,0,0.00876133,0.999962
208.638,50.2582,-0.35879,-0,-0,-0.000201775,1
208.738,50.2558,-0.505572,-0,-0,-0.0255948,0.999672
208.838,50.2488,-0.126858,-0,-0,-0.0413857,0.999143
208.872,50.2459,2.39817e-24,0,0,1.1867e-05,1
208.972,50.2459,-3.81932e-06,0,0,1.17715e-05,1
209.072,50.2459,-4.0575e-06,0,0,1.1527e-05,1
209.172,50.2459,-2.38178e-07,0,0,1.14196e-05,1
209.178,50.2459,-5.56171e-23,0,0,1.1946e-05,1
209.278,50.2459,2.00943e-06,0,0,1.19962e-05,1
209.378,50.2459,2.34453e-06,0,0,1.21311e-05,1
209.475,50.2459,2.39002e-16,0,0,0.0973507,0.99525
209.574,50.2633,-1.2928,0,0,0.0654179,0.997858
209.673,50.2681,-1.44921,-0,-0,-0.0189724,0.99982
209.773,50.2591,-0.206852,-0,-0,-0.0600242,0.998197
209.79,50.257,-6.84917e-18,-0,-0,-0.00784417,0.999969
209.89,50.2561,0.358956,0,0,0.00112322,0.999999
209.99,50.2586,0.453812,0,0,0.0255527,0.999673
210.09,50.2654,0.113856,0,0,0.0397285,0.999211
210.124,50.2682,5.42511e-17,-0,-0,-0.0502343,0.998737
210.223,50.2593,0.73405,-0,-0,-0.031954,0.999489
210.323,50.2577,0.935429,0,0,0.0181987,0.999834
210.423,50.2648,0.234543,0,0,0.047359,0.998878
210.457,50.2682,-1.40175e-17,-0,-0,-0.0426818,0.999089
210.557,50.2603,0.388391,-0,-0,-0.032987,0.999456
210.656,50.2562,0.485604,-0,-0,-0.00657909,0.999978
210.756,50.2567,0.0956716,0,0,0.00794186,0.999968
210.781,50.2571,3.82145e-20,0,0,0.0445702,0.999006
210.881,50.2654,-0.353688,0,0,0.0357429,0.999361
210.981,50.2703,-0.419221,0,0,0.0132133,0.999913
211.08,50.2712,-0.251321,-0,-0,-0.00354383,0.999994
211.181,50.2695,-0.0844037,-0,-0,-0.0119377,0.999929
211.231,50.2682,8.52267e-19,0,0,0.045756,0.998953
211.331,50.2771,-0.131543,0,0,0.0424695,0.999098
211.431,50.2847,-0.263724,0,0,0.0325952,0.999469
211.531,50.2897,-0.396155,0,0,0.0161083,0.99987
211.631,50.291,-0.218548,-0,-0,-0.00118469,0.999999
211.709,50.2904,0,0,0,0.00417312,0.999991
211.809,50.2908,-0.24059,-0,-0,-0.00183829,0.999998
211.909,50.2889,-0.305913,-0,-0,-0.0174348,0.999848
212.009,50.2841,-0.231719,-0,-0,-0.0308661,0.999524
212.108,50.2768,-0.15751,-0,-0,-0.0405899,0.999176
212.208,50.2681,-0.0836317,-0,-0,-0.0466155,0.998913
212.308,50.2584,-0.0100396,-0,-0,-0.0489566,0.998801
212.321,50.2571,-3.18601e-20,-0,-0,-0.0354425,0.999372
212.421,50.25,0.0038608,-0,-0,-0.035346,0.999375
212.521,50.243,0.00772162,-0,-0,-0.0350567,0.999385
212.62,50.236,0.0115824,-0,-0,-0.0345744,0.999402
212.72,50.2292,0.00589603,-0,-0,-0.0340994,0.999418
212.799,50.2238,1.69483e-18,-0,-0,-0.0366363,0.999329
212.898,50.2166,0.0247698,-0,-0,-0.0360175,0.999351
212.998,50.2095,0.0271504,-0,-0,-0.0344209,0.999407
213.098,50.2027,0.00374998,-0,-0,-0.0336489,0.999434
213.114,50.2016,1.09201e-16,0,0,0.013082,0.999914
213.214,50.2032,-0.671587,-0,-0,-0.00365323,0.999993
213.314,50.1981,-0.868644,-0,-0,-0.0485089,0.998823
213.413,50.1847,-0.507909,-0,-0,-0.0827953,0.996567
213.511,50.1663,-0.155338,-0,-0,-0.0993111,0.995056
213.555,50.1573,2.04827e-17,-0,-0,-0.10045,0.994942
213.653,50.1368,-0.313209,-0,-0,-0.108233,0.994126
213.75,50.1133,-0.364483,-0,-0,-0.128748,0.991677
213.847,50.0865,-0.0722627,-0,-0,-0.139563,0.990213
213.87,50.0796,-3.4458e-17,-0,-0,-0.0705092,0.997511
213.969,50.065,-0.328541,-0,-0,-0.0786955,0.996899
214.068,50.0473,-0.322198,-0,-0,-0.0987229,0.995115
214.166,50.0266,-0.0327085,-0,-0,-0.107544,0.9942
214.177,50.0241,-1.37459e-17,-0,-0,-0.0634654,0.997984
214.276,50.0114,-0.0386559,-0,-0,-0.0644298,0.997922
214.375,49.9983,-0.060961,-0,-0,-0.0672108,0.997739
214.474,49.9846,-0.0400047,-0,-0,-0.069729,0.997566
214.573,49.9705,-0.0190498,-0,-0,-0.0712017,0.997462
214.663,49.9576,2.4294e-17,-0,-0,-0.0656006,0.997846
214.762,49.9443,-0.105746,-0,-0,-0.0682381,0.997669
214.861,49.93,-0.15446,-0,-0,-0.0756319,0.997136
214.96,49.9142,-0.103197,-0,-0,-0.0820529,0.996628
215.058,49.8975,-0.0519563,-0,-0,-0.085918,0.996302
215.157,49.8802,-0.000758177,-0,-0,-0.087231,0.996188
215.158,49.8799,-1.2206e-17,-0,-0,-0.0782786,0.996932
215.257,49.8645,0.111411,-0,-0,-0.0755017,0.997146
215.356,49.8501,0.108652,-0,-0,-0.0687102,0.997637
215.455,49.8368,0.00937699,-0,-0,-0.0657664,0.997835
215.465,49.8355,0,-0,-0,-0.0764126,0.997076
215.564,49.8207,0.22739,-0,-0,-0.0707462,0.997494
215.663,49.808,0.319099,-0,-0,-0.0552549,0.998472
215.762,49.7985,0.245233,-0,-0,-0.0411696,0.999152
215.862,49.7913,0.171271,-0,-0,-0.0307654,0.999527
215.962,49.7859,0.097637,-0,-0,-0.0240424,0.999711
216.062,49.7815,0.0243345,-0,-0,-0.0209912,0.99978
216.095,49.7801,-5.47038e-17,0,0,0.0172549,0.999851
216.195,49.7819,-1.00219,-0,-0,-0.00768266,0.99997
216.295,49.7742,-0.921386,-0,-0,-0.0677395,0.997703
216.392,49.7579,-1.1903e-22,-0,-0,-0.0384004,0.999262
216.492,49.7502,-5.55824e-06,-0,-0,-0.0384005,0.999262
216.592,49.7425,-4.9511e-06,-0,-0,-0.0384009,0.999262
216.681,49.7357,6.78941e-18,-0,-0,-0.0549927,0.998487
216.78,49.7248,0.0561917,-0,-0,-0.0535899,0.998563
216.879,49.7145,0.112438,-0,-0,-0.0493797,0.99878
216.979,49.7053,0.168712,-0,-0,-0.0423589,0.999102
217.079,49.6977,0.112875,-0,-0,-0.0343477,0.99941
217.176,49.6913,-1.98802e-18,-0,-0,-0.0594724,0.99823
217.275,49.6793,-0.0644609,-0,-0,-0.061081,0.998133
217.374,49.6667,-0.103777,-0,-0,-0.0657899,0.997833
217.474,49.6532,-0.0322706,-0,-0,-0.0691833,0.997604
217.518,49.6469,4.10728e-17,0,0,0.00848497,0.999964
217.618,49.648,-0.387322,-0,-0,-0.00118647,0.999999
217.718,49.6452,-0.556942,-0,-0,-0.0281936,0.999602
217.818,49.6372,-0.362201,-0,-0,-0.0511374,0.998692
217.917,49.6254,-0.168754,-0,-0,-0.0643896,0.997925
218.005,49.6137,-1.36207e-17,-0,-0,-0.0832701,0.996527
218.103,49.5973,0.142885,-0,-0,-0.0797089,0.996818
218.202,49.5823,0.286481,-0,-0,-0.0690056,0.997616
218.301,49.5702,0.430176,-0,-0,-0.0511262,0.998692
218.401,49.5619,0.165319,-0,-0,-0.0352998,0.999377
218.455,49.5582,1.11624e-22,-0,-0,-0.0361503,0.999346
218.555,49.551,-4.22062e-06,-0,-0,-0.0361504,0.999346
218.654,49.5438,-4.51774e-06,-0,-0,-0.0361507,0.999346
218.754,49.5365,-2.97113e-07,-0,-0,-0.0361508,0.999346
218.761,49.536,-1.26405e-18,-0,-0,-0.0842206,0.996447
218.86,49.5195,0.154787,-0,-0,-0.0803628,0.996766
218.959,49.5045,0.310509,-0,-0,-0.0687643,0.997633
219.058,49.4925,0.466422,-0,-0,-0.0493819,0.99878
219.158,49.4847,0.212401,-0,-0,-0.0314718,0.999505
219.23,49.4805,-8.1505e-17,-0,-0,-0.0810666,0.996709
219.328,49.4651,0.461877,-0,-0,-0.0695653,0.997577
219.428,49.4542,0.515773,-0,-0,-0.0395735,0.999217
219.528,49.4481,0.0755007,-0,-0,-0.0248137,0.999692
219.545,49.4473,0,-0,-0,-0.0442062,0.999022
219.644,49.4384,-0.00638201,-0,-0,-0.0443656,0.999015
219.744,49.4295,-0.0127642,-0,-0,-0.0448438,0.998994
219.844,49.4205,-0.0191468,-0,-0,-0.0456408,0.998958
219.943,49.4113,-0.0255295,-0,-0,-0.0467565,0.998906
220.043,49.4018,-0.0300916,-0,-0,-0.0481856,0.998838
220.142,49.392,-0.020784,-0,-0,-0.049456,0.998776
220.242,49.3821,-0.0114766,-0,-0,-0.0502615,0.998736
220.341,49.372,-0.00216973,-0,-0,-0.0506022,0.998719
220.364,49.3696,4.14717e-20,-0,-0,-0.0511775,0.99869
220.464,49.3605,0.670179,-0,-0,-0.034468,0.999406
220.564,49.3575,0.474306,0,0,0.00184392,0.999998
220.635,49.3585,0,-0,-0,-0.0651197,0.997877
220.734,49.3455,0.00860892,-0,-0,-0.064905,0.997891
220.833,49.3326,0.0172182,-0,-0,-0.0642606,0.997933
220.932,49.3199,0.0258281,-0,-0,-0.0631867,0.998002
221.031,49.3075,0.034438,-0,-0,-0.0616829,0.998096
221.131,49.2953,0.0289695,-0,-0,-0.0599747,0.9982
221.23,49.2835,0.0156236,-0,-0,-0.0588618,0.998266
221.329,49.2718,0.00227843,-0,-0,-0.058415,0.998292
221.346,49.2698,-2.14766e-18,-0,-0,-0.0363185,0.99934
221.446,49.2625,0.00857316,-0,-0,-0.0361043,0.999348
221.546,49.2554,0.0112258,-0,-0,-0.0355305,0.999369
221.645,49.2483,0.00706102,-0,-0,-0.0350736,0.999385
221.745,49.2413,0.0028963,-0,-0,-0.0348248,0.999393
221.815,49.2365,-8.20187e-17,-0,-0,-0.0449253,0.99899
221.914,49.2283,0.447695,-0,-0,-0.0337531,0.99943
222.014,49.2244,0.490467,-0,-0,-0.00487456,0.999988
222.114,49.2251,0.0661311,0,0,0.00902776,0.999959
222.13,49.2254,1.30822e-17,0,0,0.0454809,0.998965
222.23,49.2337,-0.474798,0,0,0.0336333,0.999434
222.329,49.2374,-0.493885,0,0,0.00331108,0.999995
222.427,49.2365,1.36731e-17,0,0,0.0092865,0.999957
222.527,49.2377,-0.423838,-0,-0,-0.00129924,0.999999
222.627,49.2347,-0.518058,-0,-0,-0.0299786,0.999551
222.727,49.2268,-0.0698492,-0,-0,-0.0446519,0.999003
222.742,49.2254,2.61725e-22,0,0,1.26441e-05,1
222.842,49.2254,1.02351e-06,0,0,1.26697e-05,1
222.942,49.2254,1.114e-06,0,0,1.27355e-05,1
223.042,49.2254,1.47354e-07,0,0,1.2767e-05,1
223.058,49.2254,-1.23128e-16,0,0,0.0483161,0.998832
223.157,49.2341,-0.570153,0,0,0.0341051,0.999418
223.257,49.2374,-0.662461,-0,-0,-0.00204727,0.999998
223.357,49.2342,-0.363968,-0,-0,-0.0276829,0.999617
223.457,49.2273,-0.0699967,-0,-0,-0.0385278,0.999258
223.481,49.2254,-6.84197e-18,0,0,0.00894785,0.99996
223.581,49.2261,-0.675847,-0,-0,-0.00792068,0.999969
223.681,49.2209,-0.415579,-0,-0,-0.0413034,0.999147
223.751,49.2144,2.62362e-23,0,0,1.28596e-05,1
223.851,49.2144,-2.04872e-06,0,0,1.28084e-05,1
223.951,49.2144,-1.52148e-06,0,0,1.26965e-05,1
224.03,49.2144,-4.09541e-17,0,0,0.0477291,0.99886
224.13,49.223,-0.53577,0,0,0.034364,0.999409
224.23,49.2266,-0.493712,0,0,0.00218808,0.999998
224.328,49.2255,2.74174e-17,0,0,0.0372282,0.999307
224.428,49.2325,-0.243589,0,0,0.0311375,0.999515
224.527,49.2371,-0.49064,0,0,0.0127924,0.999918
224.627,49.2368,-0.738021,-0,-0,-0.0179024,0.99984
224.727,49.2302,-0.264137,-0,-0,-0.0440583,0.999029
224.778,49.2255,-2.69641e-17,0,0,0.0452076,0.998978
224.878,49.2337,-0.460841,0,0,0.0337078,0.999432
224.977,49.2376,-0.492863,0,0,0.00412049,0.999992
225.077,49.2367,-0.030583,-0,-0,-0.008952,0.99996
225.084,49.2366,6.83659e-17,0,0,0.0508739,0.998705
225.184,49.2457,-0.64857,0,0,0.0347023,0.999398
225.284,49.2488,-0.485318,-0,-0,-0.000863365,1
225.363,49.2477,0,-0,-0,-0.0641368,0.997941
225.463,49.2374,1.538,-0,-0,-0.0260383,0.999661
225.563,49.2405,0.882124,0,0,0.0490233,0.998798
225.625,49.2477,-1.57593e-22,0,0,1.24479e-05,1
225.725,49.2477,4.74496e-06,0,0,1.25666e-05,1
225.825,49.2477,2.71038e-06,0,0,1.27972e-05,1
225.886,49.2477,-5.07497e-33,0,0,1.3087e-05,1
225.986,49.2477,7.52395e-07,0,0,1.31058e-05,1
226.086,49.2477,1.50479e-06,0,0,1.31622e-05,1
226.186,49.2477,2.25718e-06,0,0,1.32563e-05,1
226.286,49.2477,1.71454e-06,0,0,1.33751e-05,1
226.354,49.2477,3.44727e-18,0,0,0.00374577,0.999993
226.454,49.2478,-0.383772,-0,-0,-0.00584312,0.999983
226.554,49.2448,-0.252042,-0,-0,-0.0227781,0.999741
226.654,49.2393,-0.075093,-0,-0,-0.0309523,0.999521
226.696,49.2366,-1.38434e-17,0,0,0.0544606,0.998516
226.796,49.2462,-0.79539,0,0,0.0346391,0.9994
226.896,49.2488,-0.458288,-0,-0,-0.00422276,0.999991
226.958,49.2477,2.62618e-23,0,0,1.3045e-05,1
227.058,49.2477,-2.17984e-06,0,0,1.29905e-05,1
227.158,49.2477,-1.13777e-06,0,0,1.28865e-05,1
227.21,49.2477,1.305e-17,0,0,0.0552409,0.998473
227.309,49.2574,-0.854281,0,0,0.0339547,0.999423
227.409,49.2596,-0.401805,-0,-0,-0.00611858,0.999981
227.453,49.2588,4.73672e-17,-0,-0,-0.0190809,0.999818
227.554,49.2554,0.264182,-0,-0,-0.0124495,0.999923
227.654,49.2547,0.53611,0,0,0.00758766,0.999971
227.754,49.2594,0.815113,0,0,0.0413025,0.999147
227.853,49.2721,0.929422,0,0,0.0881212,0.99611
227.948,49.2921,-7.77513e-19,0,0,0.0270155,0.999635
228.048,49.2991,0.915803,0,0,0.049823,0.998758
228.147,49.3142,0.567965,0,0,0.0980245,0.995184
228.201,49.3254,1.54711e-18,0,0,0.0853178,0.996354
228.299,49.3426,0.124167,0,0,0.0884101,0.996084
228.397,49.3609,0.0629737,0,0,0.0943627,0.995538
228.444,49.3698,2.75291e-17,0,0,0.0331738,0.99945
228.543,49.3778,0.805086,0,0,0.0532385,0.998582
228.642,49.3927,0.433313,0,0,0.0919132,0.995767
228.696,49.4031,1.6589e-18,0,0,0.089013,0.99603
228.794,49.4209,0.0224728,0,0,0.0895726,0.99598
228.893,49.4389,0.0449469,0,0,0.0912512,0.995828
228.991,49.4573,0.0309439,0,0,0.0935689,0.995613
229.056,49.4697,6.61699e-18,0,0,0.0348951,0.999391
229.156,49.4778,0.675192,0,0,0.0517322,0.998661
229.255,49.4917,0.395508,0,0,0.0847676,0.996401
229.317,49.503,-3.3729e-18,0,0,0.0864709,0.996254
229.416,49.5203,0.0394349,0,0,0.087453,0.996169
229.514,49.5379,0.0357921,0,0,0.0896271,0.995975
229.613,49.5559,0.0153671,0,0,0.0909008,0.99586
229.687,49.5696,1.61132e-20,0,0,0.0430154,0.999074
229.786,49.5783,0.0651451,0,0,0.0446425,0.999003
229.886,49.5876,0.0309897,0,0,0.0477026,0.998862
229.93,49.5918,-2.81613e-17,0,0,0.0357514,0.999361
230.029,49.6006,1.00114,0,0,0.0606829,0.998157
230.128,49.6175,0.361548,0,0,0.101812,0.994804
230.164,49.6251,-1.26231e-17,0,0,0.0900552,0.995937
230.262,49.6427,-0.224067,0,0,0.0844768,0.996425
230.361,49.6582,-0.227147,0,0,0.0716867,0.997427
230.46,49.6715,-0.143854,0,0,0.0624336,0.998049
230.56,49.6834,-0.060722,0,0,0.0573279,0.998355
230.632,49.6917,-1.4131e-17,0,0,0.0978023,0.995206
230.731,49.7098,-0.795917,0,0,0.0780242,0.996951
230.83,49.7211,-0.438307,0,0,0.039154,0.999233
230.885,49.725,6.2651e-24,0,0,0.0870078,0.996208
230.983,49.7423,-5.64725e-07,0,0,0.0870078,0.996208
231.082,49.7596,-3.1665e-07,0,0,0.0870077,0.996208
231.137,49.7694,9.14546e-19,0,0,0.0973308,0.995252
231.235,49.7875,-0.760873,0,0,0.0784184,0.996921
231.334,49.7991,-0.376971,0,0,0.0420206,0.999117
231.38,49.8026,1.41047e-23,0,0,0.138065,0.990423
231.476,49.83,1.37135e-06,0,0,0.138065,0.990423
231.572,49.8573,5.96014e-07,0,0,0.138065,0.990423
231.614,49.8692,-1.87718e-22,0,0,0.138065,0.990423
231.71,49.8966,-3.39488e-06,0,0,0.138065,0.990423
231.807,49.9239,-1.47543e-06,0,0,0.138065,0.990423
231.848,49.9358,-8.78495e-18,0,0,0.190794,0.98163
231.942,49.972,-0.82852,0,0,0.170466,0.985364
232.037,50.0015,-0.398696,0,0,0.132306,0.991209
232.083,50.0135,1.39454e-17,0,0,0.22937,0.973339
232.173,50.0571,-0.728821,0,0,0.211631,0.97735
232.265,50.0947,-0.412095,0,0,0.176068,0.984378
232.317,50.1134,0,0,0,0.175607,0.98446
232.411,50.1472,-0.490584,0,0,0.163544,0.986536
232.506,50.1766,-0.55063,0,0,0.134216,0.990952
232.603,50.2008,-0.386758,0,0,0.11098,0.993823
232.701,50.2212,-0.223988,0,0,0.0957897,0.995402
232.8,50.2395,-0.0635146,0,0,0.0886209,0.996065
232.839,50.2465,-1.06689e-16,0,0,0.116017,0.993247
232.939,50.2717,0.853747,0,0,0.137326,0.990526
233.034,50.3046,1.8685,0,0,0.20383,0.979006
233.119,50.3533,2.5698,0,0,0.316442,0.948612
233.192,50.4206,0.915363,0,0,0.396296,0.918123
233.235,50.4685,2.69145e-17,0,0,0.415771,0.909469
233.306,50.5393,-4.71933,0,0,0.310024,0.950729
233.388,50.5794,-1.27101e-16,0,0,0.630986,0.775794
233.421,50.7223,-1.17962,0,0,0.603513,0.797353
233.465,50.8248,-8.77929,0,0,0.443171,0.896437
233.53,50.8467,-13.6349,-0,-0,-0.188983,0.98198
233.569,50.8236,2.11808e-19,0,0,0.480163,0.877179
233.622,50.9078,0.0247686,0,0,0.480706,0.876882
233.676,50.9922,0.0395519,0,0,0.4823,0.876006
233.729,51.0768,0.000909954,0,0,0.483186,0.875518
233.731,51.0788,-1.7672e-17,0,0,0.43538,0.900247
233.794,51.1566,-0.54885,0,0,0.422997,0.906131
233.86,51.2315,-0.227413,0,0,0.402484,0.915427
233.893,51.2674,-2.01848e-18,0,0,0.450361,0.892846
233.953,51.3477,-0.163303,0,0,0.446713,0.894677
234.013,51.427,-0.326802,0,0,0.435718,0.900083
234.073,51.5004,0,0,0,0.489589,0.871953
234.125,51.5856,-0.219569,0,0,0.484797,0.874627
234.18,51.6696,-0.344862,0,0,0.470945,0.882162
234.236,51.7518,-0.247112,0,0,0.457844,0.889033
234.295,51.8326,-0.149407,0,0,0.449009,0.893527
234.356,51.9126,-0.0521625,0,0,0.444499,0.89578
234.388,51.9554,8.60755e-19,0,0,0.458386,0.888753
234.447,52.0365,-0.396483,0,0,0.44956,0.89325
234.508,52.1154,-0.306094,0,0,0.429691,0.902976
234.559,52.1773,-5.76248e-18,0,0,0.422834,0.906207
234.623,52.2541,0.143544,0,0,0.426083,0.904684
234.686,52.3318,0.287609,0,0,0.435807,0.90004
234.747,52.4113,0.301795,0,0,0.450677,0.892687
234.805,52.4924,0.142092,0,0,0.460553,0.887632
234.857,52.5657,-6.78058e-17,0,0,0.380044,0.924968
234.925,52.6387,2.3503,0,0,0.433134,0.90133
234.98,52.7222,0.493765,0,0,0.501162,0.865353
234.992,52.7432,-3.36763e-17,0,0,0.41892,0.908023
235.055,52.8205,1.12862,0,0,0.444284,0.895886
235.111,52.9032,0.451767,0,0,0.484968,0.874532
235.136,52.943,6.21992e-17,0,0,0.426739,0.904375
235.199,53.0208,0.390025,0,0,0.435532,0.900173
235.259,53.1007,0.789201,0,0,0.461829,0.886969
235.313,53.1848,0.71437,0,0,0.498595,0.866835
235.36,53.2727,0.357028,0,0,0.521599,0.853191
235.405,53.3625,0.00809541,0,0,0.529367,0.848393
235.406,53.3646,-4.29246e-18,0,0,0.433916,0.900953
235.466,53.445,1.95555,0,0,0.476602,0.879119
235.511,53.5332,1.68904,0,0,0.56536,0.824844
235.54,53.629,0.709466,0,0,0.613504,0.789691
235.559,53.7086,-1.01704e-19,0,0,0.685885,0.72771
235.566,53.8084,-0.580759,0,0,0.675259,0.73758
235.578,53.9077,-0.299709,0,0,0.655227,0.755432
235.586,53.9638,2.16814e-19,0,0,0.719795,0.694186
235.585,54.0639,-1.471,0,0,0.693956,0.720017
235.596,54.1631,-0.653624,0,0,0.645199,0.764014
235.604,54.2079,-3.46956e-18,0,0,0.648567,0.761158
235.62,54.3067,0.0650434,0,0,0.649803,0.760102
235.635,54.4055,0.130115,0,0,0.653504,0.756923
235.649,54.5046,0.0800798,0,0,0.658248,0.752801
235.658,54.5741,1.33865e-17,0,0,0.619039,0.78536
235.68,54.6716,0.689551,0,0,0.632465,0.774589
235.697,54.7702,0.337261,0,0,0.65706,0.753838
235.703,54.8182,-1.38539e-17,0,0,0.644214,0.764845
235.72,54.9169,0.239388,0,0,0.64878,0.760976
235.734,55.0159,0.480369,0,0,0.662362,0.749184
235.744,55.1154,0.334257,0,0,0.680788,0.732481
235.748,55.1844,5.20784e-18,0,0,0.646681,0.762761
235.764,55.2831,0.163091,0,0,0.649785,0.760118
235.779,55.382,0.0531815,0,0,0.654526,0.756039
235.784,55.4174,3.67969e-19,0,0,0.651677,0.758497
235.798,55.5164,0.558041,0,0,0.662183,0.749343
235.807,55.616,0.380565,0,0,0.684207,0.729288
235.811,55.6837,2.63199e-17,0,0,0.618804,0.785545
235.834,55.7813,0.713655,0,0,0.632683,0.774411
235.849,55.8798,0.642602,0,0,0.662261,0.749273
235.859,55.9794,0.306476,0,0,0.679838,0.733363
235.865,56.0721,-1.20704e-17,0,0,0.697543,0.716543
235.867,56.1722,0.327698,0,0,0.703387,0.710807
235.866,56.2721,0.657957,0,0,0.72068,0.693268
235.859,56.3719,0.217224,0,0,0.738508,0.674245
235.856,56.405,-2.06702e-17,0,0,0.673872,0.738848
235.865,56.5047,0.531376,0,0,0.683614,0.729844
235.868,56.6045,0.416436,0,0,0.702018,0.712159
235.868,56.7045,0.218127,0,0,0.713224,0.700936
235.866,56.8046,0.0214308,0,0,0.71741,0.696651
235.865,56.8155,0,0,0,0.66446,0.747324
235.877,56.9149,0.0265944,0,0,0.664957,0.746881
235.888,57.0143,0.0532124,0,0,0.666447,0.745553
235.899,57.1137,0.0798696,0,0,0.668924,0.743331
235.909,57.2132,0.106564,0,0,0.672381,0.740205
235.918,57.3128,0.133269,0,0,0.676806,0.736161
235.926,57.4125,0.159922,0,0,0.682183,0.731181
235.932,57.5123,0.10391,0,0,0.687524,0.726161
235.937,57.6122,0.00233729,0,0,0.68945,0.724333
235.937,57.6145,0,0,0,0.701273,0.712893
235.939,57.7145,-0.077753,0,0,0.699885,0.714255
235.942,57.8145,-0.155663,0,0,0.695706,0.718327
235.946,57.9144,-0.233675,0,0,0.688683,0.725063
235.952,58.0141,-0.17738,0,0,0.680931,0.732347
235.96,58.1138,-0.104812,0,0,0.675748,0.737132
235.969,58.2134,-0.0324061,0,0,0.673215,0.739446
235.973,58.2581,-1.67901e-23,0,0,0.667989,0.744171
235.984,58.3575,2.06109e-05,0,0,0.66799,0.74417
235.995,58.4569,2.77895e-05,0,0,0.667991,0.74417
236.006,58.5563,7.17865e-06,0,0,0.667991,0.744169
236.009,58.5909,-1.11869e-19,0,0,0.691541,0.722337
236.014,58.6908,-0.355391,0,0,0.6851,0.728449
236.023,58.7904,-0.396153,0,0,0.66804,0.744125
236.035,58.8897,-0.0423381,0,0,0.659848,0.751399
236.036,58.9016,-1.70852e-18,0,0,0.686008,0.727594
236.042,59.0015,0.0230643,0,0,0.686427,0.727198
236.048,59.1013,0.0263314,0,0,0.687525,0.726161
236.053,59.2012,0.00479999,0,0,0.68809,0.725626
236.054,59.2234,4.80997e-17,0,0,0.691541,0.722337
236.059,59.3233,-0.355422,0,0,0.6851,0.728449
236.068,59.4229,-0.396187,0,0,0.668038,0.744127
236.08,59.5222,-0.0423427,0,0,0.659845,0.751401
236.081,59.5341,-4.72127e-17,0,0,0.747988,0.663712
236.07,59.6341,-0.376994,0,0,0.741686,0.670747
236.062,59.734,-0.767737,0,0,0.722204,0.69168
236.063,59.8337,-1.16102,0,0,0.688091,0.725624
236.073,59.933,-0.461128,0,0,0.65595,0.754804
236.081,59.9891,-3.78153e-20,0,0,0.686766,0.726878
236.087,60.0889,-0.0285622,0,0,0.686247,0.727368
236.093,60.1887,-0.0307936,0,0,0.684901,0.728637
236.099,60.2885,-4.25327e-05,0,0,0.684339,0.729164
236.099,60.2887,3.42106e-17,0,0,0.692593,0.721329
236.104,60.3886,-0.289408,0,0,0.687359,0.726318
236.111,60.4883,-0.386675,0,0,0.672612,0.739995
236.122,60.5877,-0.0981381,0,0,0.663598,0.748089
236.126,60.6215,1.28574e-18,0,0,0.702091,0.712087
236.128,60.7218,-0.214634,0,0,0.698255,0.715849
236.132,60.8218,-0.432286,0,0,0.686587,0.727047
236.14,60.9214,-0.651473,0,0,0.666658,0.745364
236.155,61.0202,-0.415856,0,0,0.643687,0.765289
236.171,61.1098,-1.2681e-17,0,0,0.718315,0.695718
236.169,61.2099,-0.796867,0,0,0.704358,0.709845
236.175,61.3095,-0.858374,0,0,0.666786,0.745249
236.189,61.4087,-0.00605488,0,0,0.650582,0.759436
236.189,61.4094,1.36082e-17,0,0,0.67579,0.737094
236.197,61.5092,0.716757,0,0,0.688855,0.724899
236.197,61.609,0.798088,0,0,0.721988,0.691906
236.19,61.7089,0.0797971,0,0,0.736961,0.675935
236.189,61.7201,-1.11534e-17,0,0,0.684028,0.729456
236.196,61.8199,0.0553239,0,0,0.685036,0.728509
236.201,61.9197,0.0533513,0,0,0.687476,0.726207
236.207,62.0196,0.00538061,0,0,0.688542,0.725197
236.207,62.0308,9.86413e-24,0,0,0.707116,0.707098
236.207,62.1308,7.39314e-06,0,0,0.707116,0.707097
236.207,62.2308,8.18367e-06,0,0,0.707116,0.707097
236.207,62.3308,7.90525e-07,0,0,0.707117,0.707097
236.207,62.3414,1.34639e-16,0,0,0.759087,0.65099
236.193,62.4406,-0.82131,0,0,0.745627,0.666364
236.187,62.5401,-0.992565,0,0,0.709422,0.704784
236.191,62.6398,-0.596238,0,0,0.680935,0.732343
236.201,62.7398,-0.212172,0,0,0.665986,0.745964
236.207,62.7964,-3.65358e-21,0,0,0.627884,0.778307
236.229,62.8941,-2.0314e-05,0,0,0.627883,0.778307
236.25,62.9919,-4.06281e-05,0,0,0.627882,0.778308
236.271,63.0896,-6.09421e-05,0,0,0.62788,0.77831
236.292,63.1873,-4.50527e-05,0,0,0.627878,0.778312
236.313,63.2851,-4.42486e-06,0,0,0.627877,0.778313
236.315,63.2957,-2.70672e-17,0,0,0.647801,0.761809
236.332,63.3944,-0.260486,0,0,0.642829,0.76601
236.351,63.4925,-0.354771,0,0,0.629106,0.77732
236.373,63.5899,-0.220921,0,0,0.617857,0.786291
236.398,63.6869,-0.0875189,0,0,0.611775,0.791032
236.414,63.7507,-6.95661e-18,0,0,0.691543,0.722336
236.419,63.8506,-0.355405,0,0,0.685102,0.728447
236.428,63.9502,-0.396167,0,0,0.668041,0.744125
236.44,64.0495,-0.0423384,0,0,0.659848,0.751399
236.441,64.0614,6.85226e-18,0,0,0.711705,0.702478
236.441,64.1614,-0.324082,0,0,0.705994,0.708218
236.443,64.2613,-0.368706,0,0,0.690828,0.723019
236.449,64.3612,-0.0664408,0,0,0.682925,0.730488
236.45,64.3831,-1.57191e-22,0,0,0.687747,0.72595
236.456,64.483,-2.35304e-06,0,0,0.687747,0.72595
236.461,64.5829,-3.13829e-06,0,0,0.687747,0.72595
236.467,64.6827,-7.85254e-07,0,0,0.687747,0.72595
236.468,64.716,-1.36729e-17,0,0,0.690702,0.72314
236.474,64.8159,-0.297723,0,0,0.685303,0.728258
236.482,64.9156,-0.340535,0,0,0.670969,0.741486
236.493,65.015,-0.0636214,0,0,0.663446,0.748224
236.496,65.0378,6.91535e-18,0,0,0.663215,0.748429
236.507,65.1371,0.126744,0,0,0.665583,0.746324
236.518,65.2366,0.171496,0,0,0.671986,0.740564
236.527,65.3361,0.110051,0,0,0.677181,0.735816
236.535,65.4358,0.0486519,0,0,0.680095,0.733124
236.541,65.515,-6.33772e-18,0,0,0.666157,0.745811
236.552,65.6143,-0.326726,0,0,0.660046,0.751225
236.567,65.7131,-0.310383,0,0,0.645027,0.76416
236.585,65.8116,-0.00917228,0,0,0.638904,0.769286
236.586,65.8146,1.17347e-17,0,0,0.632656,0.774433
236.604,65.9129,0.693334,0,0,0.64595,0.763379
236.617,66.012,0.797094,0,0,0.68024,0.73299
236.621,66.1119,0.0927074,0,0,0.696337,0.717715
236.622,66.1253,0,0,0,0.693515,0.720442
236.626,66.2253,-0.122571,0,0,0.691304,0.722564
236.631,66.3251,-0.245754,0,0,0.684622,0.728899
236.639,66.4248,-0.369327,0,0,0.673339,0.739334
236.65,66.5241,-0.278115,0,0,0.660841,0.750526
236.663,66.6231,-0.159925,0,0,0.652584,0.757716
236.679,66.722,-0.0423822,0,0,0.648743,0.761008
236.685,66.7577,8.95607e-19,0,0,0.664907,0.746926
236.696,66.8571,0.0157638,0,0,0.665202,0.746664
236.708,66.9564,0.0213322,0,0,0.666001,0.745951
236.719,67.0558,0.0137185,0,0,0.666654,0.745367
236.73,67.1552,0.00610496,0,0,0.667024,0.745036
236.739,67.2349,-1.83015e-19,0,0,0.674159,0.738586
236.748,67.3345,0.0425527,0,0,0.674945,0.737868
236.756,67.4341,0.0851263,0,0,0.677297,0.73571
236.764,67.5338,0.127707,0,0,0.681201,0.732096
236.771,67.6336,0.0641409,0,0,0.685148,0.728404
236.775,67.7009,-1.22953e-17,0,0,0.643025,0.765845
236.792,67.7995,0.274484,0,0,0.648262,0.761417
236.806,67.8985,0.417094,0,0,0.663032,0.748591
236.816,67.9979,0.267843,0,0,0.675748,0.737133
236.824,68.0976,0.11912,0,0,0.682847,0.730561
236.829,68.178,1.4493e-17,0,0,0.673263,0.739403
236.838,68.2777,0.211891,0,0,0.677171,0.735826
236.845,68.3775,0.425074,0,0,0.688798,0.724953
236.847,68.4774,0.363068,0,0,0.705664,0.708547
236.847,68.5664,5.43652e-17,0,0,0.656239,0.754553
236.86,68.6656,0.424787,0,0,0.664204,0.747551
236.869,68.7651,0.513948,0,0,0.684352,0.729152
236.873,68.8649,0.320316,0,0,0.699401,0.714729
236.874,68.965,0.12827,0,0,0.707374,0.706839
236.874,69.0325,1.68885e-20,0,0,0.637766,0.77023
236.891,69.131,0.564449,0,0,0.648552,0.76117
236.904,69.2301,0.761751,0,0,0.678112,0.734959
236.909,69.33,0.147522,0,0,0.694613,0.719384
236.91,69.3542,1.36665e-17,0,0,0.691095,0.722764
236.914,69.4541,-0.111504,0,0,0.689078,0.724687
236.92,69.554,-0.184649,0,0,0.683148,0.73028
236.928,69.6537,-0.1232,0,0,0.677508,0.735515
236.936,69.7533,-0.061778,0,0,0.6741,0.738641
236.946,69.8529,-0.000422536,0,0,0.67295,0.739688
236.946,69.8536,-3.7538e-19,0,0,0.651677,0.758497
236.96,69.9526,0.55807,0,0,0.662183,0.749342
236.969,70.0521,0.380584,0,0,0.684209,0.729286
236.973,70.1199,-9.78888e-20,0,0,0.666803,0.745234
236.984,70.2192,-0.375763,0,0,0.659776,0.751462
236.999,70.3181,-0.0153176,0,0,0.646047,0.763297
237,70.3196,-1.38251e-17,0,0,0.633012,0.774142
237.016,70.4184,2.13162,0,0,0.673018,0.739627
237.018,70.4861,6.11661e-19,0,0,0.719386,0.69461
237.017,70.5861,-1.41978,0,0,0.694402,0.719587
237.027,70.6855,-0.00552652,0,0,0.656721,0.754133
237.027,70.6858,1.68722e-18,0,0,0.672322,0.740259
237.037,70.7853,-0.0938244,0,0,0.670584,0.741834
237.047,70.8847,-0.121291,0,0,0.665614,0.746296
237.054,70.941,-1.34149e-17,0,0,0.680251,0.732979
237.062,71.0407,-0.344301,0,0,0.67392,0.738804
237.073,71.14,-0.592416,0,0,0.654792,0.755809
237.089,71.2387,-0.0110583,0,0,0.643328,0.765591
237.09,71.2406,-1.68818e-17,0,0,0.650865,0.759194
237.105,71.3395,0.270145,0,0,0.655976,0.754782
237.117,71.4387,0.169949,0,0,0.665857,0.746079
237.126,71.518,3.42575e-17,0,0,0.662827,0.748772
237.137,71.6174,0.296382,0,0,0.668354,0.743843
237.146,71.7169,0.405579,0,0,0.683616,0.729842
237.151,71.8168,0.125947,0,0,0.69325,0.720697
237.153,71.862,5.472e-17,0,0,0.711869,0.702312
237.152,71.962,-0.292379,0,0,0.706719,0.707494
237.154,72.062,-0.388938,0,0,0.692217,0.721689
237.16,72.1618,-0.096598,0,0,0.68341,0.730035
237.162,72.1949,-6.18715e-18,0,0,0.679793,0.733404
237.169,72.2946,-0.0455219,0,0,0.678958,0.734177
237.178,72.3943,-0.0910703,0,0,0.676447,0.736492
237.187,72.4938,-0.136629,0,0,0.672243,0.74033
237.197,72.5933,-0.0793388,0,0,0.667798,0.744342
237.207,72.6831,5.99088e-19,0,0,0.655842,0.754898
237.22,72.7823,0.454661,0,0,0.664372,0.747402
237.229,72.8818,0.428826,0,0,0.684705,0.728821
237.234,72.9817,0.00414145,0,0,0.692546,0.721374
237.234,72.9827,1.62945e-16,0,0,0.721783,0.69212
237.232,73.0829,-1.43634,0,0,0.696707,0.717355
237.243,73.1818,-1.2016,0,0,0.63722,0.770682
237.266,73.2795,-0.146757,0,0,0.61104,0.7916
237.27,73.2934,-6.85593e-18,0,0,0.685593,0.727985
237.276,73.3932,-0.0679868,0,0,0.684354,0.72915
237.283,73.493,-0.0824709,0,0,0.681171,0.732124
237.29,73.5927,-0.0539849,0,0,0.678669,0.734444
237.298,73.6924,-0.0255044,0,0,0.677209,0.735791
237.306,73.7816,-1.78983e-19,0,0,0.665371,0.746512
237.317,73.881,0.0191356,0,0,0.665729,0.746194
237.329,73.9803,0.0382733,0,0,0.666799,0.745238
237.339,74.0797,0.0574119,0,0,0.66858,0.743641
237.35,74.1792,0.0355046,0,0,0.670486,0.741922
237.36,74.2787,0.000781259,0,0,0.671159,0.741313
237.36,74.281,9.47116e-17,0,0,0.650581,0.759437
237.374,74.3801,0.852189,0,0,0.666557,0.745454
237.38,74.4797,0.802659,0,0,0.704154,0.710047
237.378,74.5798,0.00566462,0,0,0.718314,0.695719
237.378,74.5806,-7.04477e-19,0,0,0.676726,0.736235
237.386,74.6802,-0.0380325,0,0,0.676025,0.736878
237.395,74.7798,-0.076078,0,0,0.67392,0.738804
237.405,74.8793,-0.114124,0,0,0.6704,0.742
237.415,74.9788,-0.0466282,0,0,0.667397,0.744703
237.423,75.0466,5.07033e-18,0,0,0.664457,0.747326
237.435,75.1459,0.0452209,0,0,0.665301,0.746575
237.446,75.2453,0.0522973,0,0,0.66752,0.744592
237.456,75.3447,0.0100543,0,0,0.66868,0.74355
237.459,75.3684,7.35355e-18,0,0,0.693466,0.720489
237.463,75.4683,-0.341788,0,0,0.687288,0.726385
237.471,75.568,-0.448719,0,0,0.669889,0.742461
237.483,75.6673,-0.0839153,0,0,0.65995,0.751309
237.486,75.6902,7.01318e-18,0,0,0.66616,0.745809
237.498,75.7895,-0.326725,0,0,0.660049,0.751223
237.513,75.8884,-0.310379,0,0,0.64503,0.764158
237.53,75.9868,-0.00916918,0,0,0.638907,0.769284
237.531,75.9898,0,0,0,0.666489,0.745515
237.542,76.0892,0.0865062,0,0,0.668099,0.744072
237.552,76.1886,0.134772,0,0,0.672683,0.739931
237.561,76.2882,0.103766,0,0,0.677083,0.735907
237.569,76.3879,0.0727507,0,0,0.680324,0.732912
237.576,76.4877,0.0417573,0,0,0.682419,0.730961
237.583,76.5875,0.010788,0,0,0.683379,0.730064
237.585,76.6223,-4.09091e-17,0,0,0.718316,0.695718
237.583,76.7224,-0.796863,0,0,0.704358,0.709844
237.589,76.822,-0.858369,0,0,0.666787,0.745249
237.603,76.9211,-0.0060544,0,0,0.650583,0.759435
237.603,76.9218,0,0,0,0.674991,0.737826
237.612,77.0215,-0.0135522,0,0,0.674741,0.738054
237.621,77.1211,-0.0271063,0,0,0.673991,0.73874
237.63,77.2206,-0.0406634,0,0,0.672738,0.739881
237.64,77.3201,-0.0542221,0,0,0.670981,0.741474
237.65,77.4196,-0.0608036,0,0,0.668744,0.743493
237.661,77.519,-0.0407366,0,0,0.666854,0.745188
237.672,77.6184,-0.0206729,0,0,0.665709,0.746211
237.684,77.7177,-0.000612796,0,0,0.665312,0.746565
237.684,77.7208,1.20691e-17,0,0,0.656358,0.75445
237.698,77.8198,0.146097,0,0,0.659109,0.752048
237.71,77.9191,0.113912,0,0,0.665128,0.74673
237.72,78.0093,1.12423e-19,0,0,0.688554,0.725185
237.725,78.1091,-0.048,0,0,0.687683,0.726011
237.731,78.209,-0.0615681,0,0,0.685274,0.728285
237.737,78.3088,-0.00620935,0,0,0.684039,0.729445
237.738,78.32,-2.47436e-24,0,0,0.686346,0.727275
237.744,78.4198,2.84712e-06,0,0,0.686346,0.727275
237.75,78.5196,3.16642e-06,0,0,0.686347,0.727275
237.755,78.6195,3.19295e-07,0,0,0.686347,0.727275
237.756,78.6307,-2.74434e-17,0,0,0.718675,0.695346
237.754,78.7308,-0.716321,0,0,0.706147,0.708065
237.759,78.8305,-0.987726,0,0,0.669793,0.742548
237.773,78.9295,-0.353933,0,0,0.644571,0.764545
237.783,78.9857,1.91015e-16,0,0,0.597563,0.801822
237.81,79.0824,1.23685,0,0,0.621888,0.783107
237.825,79.1808,1.23256,0,0,0.680313,0.732922
237.828,79.281,0.0496375,0,0,0.703297,0.710896
237.828,79.2853,0,0,0,0.659808,0.751434
237.841,79.3845,0.155017,0,0,0.662715,0.748872
237.852,79.4839,0.198497,0,0,0.670247,0.742138
237.861,79.5834,0.149021,0,0,0.676669,0.736288
237.869,79.6831,0.099546,0,0,0.681231,0.732069
237.876,79.7829,0.0501641,0,0,0.683966,0.729513
237.882,79.8828,0.00085678,0,0,0.684897,0.72864
237.882,79.8845,-1.08618e-17,0,0,0.657562,0.753401
237.895,79.9839,0.597586,0,0,0.668722,0.743513
237.901,80.0835,0.792638,0,0,0.699066,0.715057
237.901,80.1835,0.145836,0,0,0.715617,0.698493
237.9,80.2063,5.81631e-18,0,0,0.642904,0.765947
237.917,80.3049,0.281181,0,0,0.64827,0.761411
237.931,80.4039,0.385543,0,0,0.663149,0.748487
237.942,80.5033,0.101938,0,0,0.672218,0.740353
237.945,80.5392,7.44727e-18,0,0,0.643487,0.765457
237.962,80.6378,0.248973,0,0,0.648237,0.761439
237.976,80.7368,0.335751,0,0,0.661391,0.750041
237.988,80.8361,0.0670772,0,0,0.668908,0.743345
237.99,80.861,-2.62222e-17,0,0,0.63626,0.771474
238.009,80.9594,0.467223,0,0,0.645214,0.764002
238.022,81.0583,0.631148,0,0,0.669225,0.74306
238.03,81.1579,0.373218,0,0,0.687655,0.726037
238.034,81.258,0.118221,0,0,0.696524,0.717534
238.035,81.3048,-1.30382e-17,0,0,0.657561,0.753402
238.048,81.4042,0.597599,0,0,0.668721,0.743514
238.054,81.5038,0.792657,0,0,0.699066,0.715057
238.054,81.6038,0.145841,0,0,0.715617,0.698493
238.053,81.6266,1.39447e-17,0,0,0.638221,0.769853
238.071,81.725,0.343818,0,0,0.644811,0.764342
238.086,81.8239,0.395566,0,0,0.661996,0.749507
238.097,81.9233,0.0486787,0,0,0.670274,0.742113
238.098,81.9373,-2.524e-17,0,0,0.67265,0.73996
238.108,82.0369,-0.0928915,0,0,0.67093,0.741521
238.119,82.1364,-0.186011,0,0,0.665743,0.746181
238.131,82.2356,-0.279226,0,0,0.657021,0.753872
238.146,82.3344,-0.165022,0,0,0.647672,0.76192
238.161,82.4256,-1.36079e-17,0,0,0.737113,0.675769
238.154,82.5254,-0.716768,0,0,0.724919,0.688835
238.153,82.6252,-0.7981,0,0,0.691925,0.721969
238.16,82.7251,-0.0797986,0,0,0.675955,0.736943
238.161,82.7363,-1.08864e-16,0,0,0.67579,0.737094
238.169,82.8361,0.716757,0,0,0.688855,0.724899
238.169,82.9359,0.798088,0,0,0.721988,0.691905
238.162,83.0358,0.0797965,0,0,0.736961,0.675935
238.161,83.0469,2.06371e-17,0,0,0.690701,0.72314
238.166,83.1468,-0.297721,0,0,0.685302,0.728259
238.174,83.2465,-0.340533,0,0,0.670968,0.741486
238.186,83.3459,-0.0636215,0,0,0.663445,0.748225
238.188,83.3687,1.33714e-17,0,0,0.670401,0.741999
238.199,83.4682,-0.34666,0,0,0.66395,0.747777
238.213,83.5672,-0.392314,0,0,0.646787,0.762671
238.231,83.6656,-0.0482784,0,0,0.638352,0.769744
238.233,83.6794,-9.30959e-19,0,0,0.603083,0.797679
238.259,83.7761,0.854577,0,0,0.619926,0.78466
238.277,83.8743,0.853718,0,0,0.660761,0.750596
238.287,83.974,0.0407735,0,0,0.677326,0.735683
238.287,83.979,-1.78908e-18,0,0,0.632695,0.774401
238.306,84.0774,0.690871,0,0,0.645944,0.763385
238.318,84.1765,0.771134,0,0,0.679931,0.733276
238.323,84.2764,0.0165537,0,0,0.694201,0.719781
238.323,84.2786,-7.26472e-19,0,0,0.632563,0.774509
238.342,84.3771,0.851318,0,0,0.648836,0.760928
238.352,84.4763,1.1726,0,0,0.693221,0.720725
238.352,84.5763,0.299213,0,0,0.71917,0.694834
238.35,84.6115,-1.2297e-16,0,0,0.716198,0.697898
238.349,84.7116,-0.644431,0,0,0.704887,0.70932
238.354,84.8113,-0.735088,0,0,0.674338,0.738423
238.365,84.9107,-0.135255,0,0,0.658143,0.752893
238.368,84.9333,5.48204e-17,0,0,0.692594,0.721328
238.373,85.0332,-0.289429,0,0,0.687359,0.726318
238.38,85.1329,-0.386702,0,0,0.672611,0.739996
238.391,85.2323,-0.0981458,0,0,0.663596,0.748091
238.395,85.2662,-6.67223e-18,0,0,0.655842,0.754898
238.409,85.3653,0.454675,0,0,0.664372,0.747402
238.418,85.4649,0.428839,0,0,0.684705,0.72882
238.422,85.5648,0.00414149,0,0,0.692547,0.721373
238.422,85.5658,7.06936e-18,0,0,0.663356,0.748304
238.434,85.6651,0.117532,0,0,0.665551,0.746352
238.445,85.7645,0.158141,0,0,0.671484,0.741019
238.454,85.8641,0.0991537,0,0,0.676236,0.736685
238.462,85.9638,0.0402064,0,0,0.678798,0.734325
238.467,86.0318,0,0,0,0.673556,0.739136
238.477,86.1315,-0.0346576,0,0,0.672915,0.73972
238.486,86.2311,-0.0693657,0,0,0.670988,0.741468
238.497,86.3306,-0.104156,0,0,0.667764,0.744373
238.508,86.4299,-0.139024,0,0,0.663227,0.748419
238.521,86.5291,-0.173906,0,0,0.657353,0.753583
238.535,86.628,-0.208663,0,0,0.650118,0.759834
238.552,86.7266,-0.114704,0,0,0.643327,0.765591
238.567,86.8086,-1.77227e-19,0,0,0.653911,0.756571
238.58,86.9078,0.735774,0,0,0.667679,0.744449
238.586,87.0074,0.803451,0,0,0.702602,0.711583
238.585,87.1075,0.00504914,0,0,0.716799,0.69728
238.585,87.1082,-1.24174e-16,0,0,0.632677,0.774416
238.603,87.2065,0.692147,0,0,0.645948,0.763382
238.615,87.3056,0.815894,0,0,0.680338,0.732898
238.62,87.4055,0.15838,0,0,0.697948,0.716149
238.621,87.4299,5.42054e-17,0,0,0.654686,0.755901
238.634,87.5292,0.685179,0,0,0.667506,0.744605
238.64,87.6288,0.7921,0,0,0.700426,0.713725
238.639,87.7289,0.145939,0,0,0.716935,0.69714
238.639,87.7517,1.35994e-17,0,0,0.716198,0.697897
238.637,87.8518,-0.644426,0,0,0.704887,0.709319
238.642,87.9516,-0.735081,0,0,0.674339,0.738422
238.653,88.0509,-0.135252,0,0,0.658144,0.752892
238.657,88.0735,-1.36378e-16,0,0,0.717169,0.696899
238.655,88.1736,-0.714366,0,0,0.704643,0.709562
238.66,88.2733,-0.793807,0,0,0.670864,0.741581
238.673,88.3726,-0.0826625,0,0,0.654495,0.756066
238.675,88.3842,-2.72652e-17,0,0,0.716197,0.697898
238.673,88.4843,-0.644426,0,0,0.704886,0.70932
238.678,88.584,-0.735082,0,0,0.674338,0.738422
238.689,88.6834,-0.135254,0,0,0.658143,0.752893
238.693,88.706,1.13115e-18,0,0,0.681064,0.732224
238.699,88.8058,0.358992,0,0,0.687603,0.726087
238.702,88.9057,0.399103,0,0,0.704399,0.709804
238.702,89.0057,0.0393181,0,0,0.712131,0.702046
238.702,89.0167,9.38792e-19,0,0,0.657415,0.753529
238.715,89.1159,0.126312,0,0,0.659791,0.751449
238.727,89.2152,0.25316,0,0,0.66689,0.745156
238.737,89.3147,0.380168,0,0,0.678601,0.734507
238.743,89.4144,0.201511,0,0,0.689911,0.723894
238.747,89.5049,0,0,0,0.664343,0.747428
238.758,89.6045,0.18298,0,0,0.667757,0.744379
238.768,89.704,0.367879,0,0,0.677941,0.735116
238.774,89.8037,0.553838,0,0,0.69468,0.719319
238.775,89.9036,0.388815,0,0,0.711469,0.702718
238.772,90.0035,0.221326,0,0,0.7221,0.691789
238.767,90.1036,0.0557455,0,0,0.726877,0.686767
238.765,90.1374,-7.10306e-18,0,0,0.659753,0.751483
238.777,90.2367,0.353598,0,0,0.666366,0.745625
238.786,90.3362,0.398124,0,0,0.683452,0.729995
238.791,90.4361,0.042549,0,0,0.691448,0.722426
238.792,90.4481,-8.09791e-17,0,0,0.721927,0.69197
238.789,90.5483,-1.05988,0,0,0.703449,0.710746
238.797,90.6477,-1.18342,0,0,0.652599,0.757703
238.816,90.746,-0.133835,0,0,0.627435,0.778669
238.819,90.7588,0,0,0,0.679692,0.733498
238.826,90.8585,0.00904855,0,0,0.679858,0.733344
238.834,90.9582,0.0180981,0,0,0.680356,0.732882
238.841,91.058,0.0271492,0,0,0.681184,0.732112
238.848,91.1577,0.0362018,0,0,0.682343,0.731032
238.855,91.2575,0.045255,0,0,0.68383,0.729641
238.861,91.3573,0.0543063,0,0,0.685644,0.727937
238.867,91.4571,0.0391755,0,0,0.687542,0.726145
238.872,91.557,0.00414615,0,0,0.688328,0.7254
238.873,91.5688,2.09639e-22,0,0,0.707116,0.707098
238.873,91.6688,-5.91023e-06,0,0,0.707116,0.707098
238.873,91.7688,-5.46593e-06,0,0,0.707116,0.707098
238.873,91.8684,-8.0513e-22,0,0,0.665145,0.746715
238.884,91.9678,2.64881e-05,0,0,0.665145,0.746714
238.896,92.0671,2.98719e-05,0,0,0.665146,0.746713
238.907,92.1664,3.38382e-06,0,0,0.665147,0.746712
238.909,92.1791,1.05897e-16,0,0,0.627664,0.778484
238.928,92.2774,1.00805,0,0,0.646977,0.762509
238.938,92.3766,1.19032,0,0,0.696619,0.717441
238.937,92.4767,0.226855,0,0,0.721482,0.692433
238.936,92.5009,-2.26827e-18,0,0,0.63786,0.770152
238.953,92.5994,0.559266,0,0,0.648548,0.761174
238.966,92.6986,0.739823,0,0,0.677752,0.735291
238.971,92.7984,0.0854539,0,0,0.692748,0.721179
238.972,92.8116,4.06808e-19,0,0,0.688108,0.725608
238.977,92.9115,-0.0215164,0,0,0.687718,0.725978
238.983,93.0113,-0.0281866,0,0,0.686635,0.727002
238.988,93.1111,-0.00513821,0,0,0.686029,0.727574
238.99,93.1334,7.26308e-19,0,0,0.693683,0.72028
238.993,93.2333,0.0559145,0,0,0.694689,0.71931
238.996,93.3333,0.111876,0,0,0.697701,0.71639
238.998,93.4333,0.167852,0,0,0.702693,0.711493
238.999,93.5333,0.0825857,0,0,0.70768,0.706533
238.999,93.5994,-4.10552e-17,0,0,0.714243,0.699898
238.997,93.6995,-0.504832,0,0,0.705369,0.70884
239.001,93.7993,-0.671037,0,0,0.680781,0.732487
239.011,93.8987,-0.407374,0,0,0.660807,0.750556
239.026,93.9978,-0.14707,0,0,0.650339,0.759644
239.035,94.0544,1.23924e-17,0,0,0.694507,0.719486
239.039,94.1543,-0.404434,0,0,0.687204,0.726465
239.047,94.2539,-0.52014,0,0,0.666636,0.745383
239.06,94.3531,-0.0557877,0,0,0.655846,0.754895
239.062,94.3651,7.14648e-18,0,0,0.693465,0.72049
239.066,94.465,-0.341767,0,0,0.687288,0.726385
239.074,94.5647,-0.448692,0,0,0.66989,0.742461
239.086,94.664,-0.0839108,0,0,0.659951,0.751309
239.089,94.6869,4.07135e-17,0,0,0.69656,0.717499
239.093,94.7869,-0.702643,0,0,0.683882,0.729593
239.104,94.8861,-0.78651,0,0,0.649695,0.760195
239.122,94.9845,-0.0914745,0,0,0.632894,0.774239
239.125,94.9975,1.32065e-17,0,0,0.718684,0.695337
239.123,95.0977,-0.716639,0,0,0.706146,0.708066
239.128,95.1974,-0.920135,0,0,0.670215,0.742167
239.141,95.2965,-0.0962545,0,0,0.651202,0.758905
239.143,95.3082,1.46636e-17,0,0,0.682656,0.73074
239.149,95.4081,0.302018,0,0,0.688151,0.725567
239.152,95.508,0.395711,0,0,0.703181,0.711011
239.152,95.608,0.0713066,0,0,0.71143,0.702756
239.152,95.63,-2.92577e-17,0,0,0.666438,0.745561
239.163,95.7296,0.162034,0,0,0.669454,0.742854
239.172,95.8292,0.32525,0,0,0.678453,0.734644
239.178,95.9289,0.488906,0,0,0.693257,0.72069
239.18,96.0289,0.264339,0,0,0.708262,0.70595
239.179,96.1072,-6.87124e-17,0,0,0.694208,0.719774
239.184,96.2071,-0.754288,0,0,0.68055,0.732702
239.196,96.3063,-0.706286,0,0,0.646534,0.762885
239.214,96.4046,-0.0151612,0,0,0.632703,0.774394
239.215,96.4068,-1.71482e-18,0,0,0.686008,0.727594
239.221,96.5066,0.0230493,0,0,0.686427,0.727199
239.226,96.6064,0.0263144,0,0,0.687523,0.726162
239.232,96.7063,0.004797,0,0,0.688088,0.725627
239.233,96.7286,0,0,0,0.669294,0.742998
239.243,96.828,-0.0749133,0,0,0.667902,0.74425
239.255,96.9274,-0.116755,0,0,0.663911,0.747812
239.267,97.0266,-0.0900721,0,0,0.660035,0.751234
239.28,97.1257,-0.0633825,0,0,0.657149,0.753761
239.294,97.2247,-0.0367074,0,0,0.65526,0.755403
239.308,97.3237,-0.010048,0,0,0.654377,0.756169
239.314,97.361,-5.18292e-19,0,0,0.693465,0.72049
239.318,97.461,-0.341754,0,0,0.687288,0.726385
239.326,97.5606,-0.448673,0,0,0.669891,0.742459
239.338,97.6599,-0.0839055,0,0,0.659953,0.751307
239.341,97.6828,-8.02864e-17,0,0,0.632678,0.774415
239.36,97.7812,0.692127,0,0,0.645949,0.763381
239.372,97.8802,0.815866,0,0,0.680338,0.732898
239.376,97.9802,0.158373,0,0,0.697948,0.716149
239.377,98.0046,-1.33841e-17,0,0,0.670341,0.742053
239.387,98.1041,0.076494,0,0,0.671759,0.74077
239.396,98.2037,0.153093,0,0,0.675999,0.736902
239.404,98.3034,0.2297,0,0,0.68302,0.7304
239.41,98.4032,0.0932089,0,0,0.688924,0.724833
239.413,98.4707,3.42532e-17,0,0,0.67924,0.733916
239.42,98.5704,0.431615,0,0,0.687113,0.726551
239.423,98.6703,0.40099,0,0,0.705746,0.708465
239.422,98.7703,-2.7769e-17,0,0,0.641171,0.767398
239.439,98.8687,0.158442,0,0,0.644205,0.764853
239.455,98.9674,0.219477,0,0,0.652469,0.757816
239.469,99.0664,0.147331,0,0,0.65939,0.751801
239.482,99.1657,0.0752547,0,0,0.663563,0.74812
239.493,99.265,0.00330503,0,0,0.665031,0.746815
239.494,99.2696,0,0,0,0.648989,0.760797
239.51,99.3684,0.0595353,0,0,0.650121,0.759831
239.525,99.4672,0.119136,0,0,0.653509,0.756919
239.539,99.5662,0.178773,0,0,0.659127,0.752032
239.551,99.6655,0.126396,0,0,0.664907,0.746927
239.562,99.7649,0.0706164,0,0,0.668577,0.743643
239.572,99.8643,0.0149037,0,0,0.670166,0.742212
239.575,99.891,-2.07167e-17,0,0,0.669222,0.743063
239.586,99.9904,-0.268497,0,0,0.664221,0.747536
239.599,100.089,-0.311376,0,0,0.650901,0.759163
239.616,100.188,-0.0622072,0,0,0.643785,0.765207
239.62,100.213,1.35546e-17,0,0,0.692952,0.720983
239.625,100.313,-0.653234,0,0,0.681111,0.73218
239.636,100.412,-0.633502,0,0,0.651526,0.758626
239.654,100.511,-0.0731864,0,0,0.638044,0.769999
239.656,100.523,3.36124e-18,0,0,0.669626,0.742699
239.666,100.623,-0.0941097,0,0,0.667877,0.744272
239.678,100.722,-0.122244,0,0,0.663009,0.748611
239.69,100.821,-0.0138552,0,0,0.660458,0.750863
239.692,100.834,-6.84084e-18,0,0,0.663442,0.748227
239.704,100.934,0.261056,0,0,0.66831,0.743883
239.713,101.033,0.338652,0,0,0.681656,0.731673
239.718,101.133,0.0360896,0,0,0.688478,0.725257
239.719,101.145,1.36247e-17,0,0,0.698638,0.715476
239.722,101.245,-0.654326,0,0,0.686869,0.726781
239.732,101.344,-0.862876,0,0,0.653145,0.757233
239.75,101.443,-0.167493,0,0,0.63347,0.773767
239.755,101.467,-5.47519e-17,0,0,0.691101,0.722758
239.76,101.567,-0.325279,0,0,0.685206,0.728349
239.768,101.666,-0.437895,0,0,0.668984,0.743277
239.781,101.765,-0.281053,0,0,0.655523,0.755175
239.796,101.864,-0.124971,0,0,0.647824,0.76179
239.809,101.944,-6.74676e-18,0,0,0.638221,0.769853
239.827,102.042,0.343832,0,0,0.644811,0.764342
239.842,102.141,0.395582,0,0,0.661997,0.749506
239.853,102.24,0.0486801,0,0,0.670276,0.742112
239.854,102.254,2.33565e-17,0,0,0.632564,0.774508
239.873,102.353,0.85128,0,0,0.648836,0.760928
239.883,102.452,1.17254,0,0,0.693219,0.720727
239.882,102.552,0.299204,0,0,0.719167,0.694837
239.881,102.587,3.44242e-17,0,0,0.670402,0.741999
239.892,102.687,-0.346656,0,0,0.66395,0.747777
239.906,102.786,-0.39231,0,0,0.646787,0.76267
239.924,102.884,-0.0482779,0,0,0.638353,0.769744
239.926,102.898,1.35615e-17,0,0,0.7168,0.697279
239.925,102.998,-0.798322,0,0,0.702784,0.711403
239.931,103.098,-0.740532,0,0,0.667854,0.744292
239.944,103.197,-0.00465575,0,0,0.653911,0.756572
239.944,103.198,5.13301e-18,0,0,0.664457,0.747327
239.956,103.297,0.0452283,0,0,0.665302,0.746575
239.967,103.396,0.0523059,0,0,0.667521,0.744591
239.978,103.496,0.010056,0,0,0.668681,0.74355
239.98,103.519,-1.38009e-17,0,0,0.672153,0.740412
239.99,103.619,-0.115511,0,0,0.670012,0.742351
240.001,103.718,-0.231417,0,0,0.663548,0.748133
240.014,103.817,-0.347417,0,0,0.652655,0.757655
240.031,103.916,-0.161596,0,0,0.642227,0.766514
240.043,103.985,-1.27371e-17,0,0,0.653911,0.756572
240.056,104.085,0.735773,0,0,0.667679,0.744449
240.063,104.184,0.80345,0,0,0.702602,0.711583
240.061,104.284,0.00505026,0,0,0.716799,0.69728
240.061,104.285,-4.24408e-18,0,0,0.664456,0.747327
240.073,104.384,0.0452502,0,0,0.665301,0.746575
240.084,104.484,0.0523313,0,0,0.667521,0.744591
240.095,104.583,0.0100608,0,0,0.668682,0.743549
240.097,104.607,0,0,0,0.673592,0.739103
240.106,104.706,0.036745,0,0,0.674271,0.738484
240.115,104.806,0.07351,0,0,0.676304,0.736623
240.123,104.906,0.110293,0,0,0.679681,0.733508
240.13,105.005,0.093508,0,0,0.683525,0.729927
240.137,105.105,0.0695,0,0,0.686494,0.727135
240.142,105.205,0.0455017,0,0,0.688582,0.725159
240.147,105.305,0.0215191,0,0,0.689796,0.724004
240.151,105.395,2.07438e-17,0,0,0.666914,0.745135
240.162,105.494,-0.116245,0,0,0.664746,0.747069
240.175,105.593,-0.156576,0,0,0.65883,0.752292
240.189,105.692,-0.0986211,0,0,0.654018,0.756479
240.204,105.791,-0.0407039,0,0,0.651379,0.758753
240.214,105.861,-1.36062e-16,0,0,0.654686,0.755901
240.227,105.96,0.685158,0,0,0.667505,0.744605
240.234,106.06,0.792077,0,0,0.700425,0.713726
240.233,106.16,0.145936,0,0,0.716933,0.697142
240.232,106.183,1.1155e-17,0,0,0.664458,0.747325
240.244,106.282,0.0452225,0,0,0.665303,0.746574
240.255,106.381,0.052299,0,0,0.667521,0.744591
240.266,106.481,0.0100545,0,0,0.668681,0.743549
240.268,106.504,-7.92483e-17,0,0,0.782921,0.622121
240.248,106.602,-1.20495,0,0,0.764031,0.645179
240.238,106.701,-1.49484,0,0,0.711109,0.703082
240.244,106.801,-0.885609,0,0,0.668242,0.743944
240.258,106.901,-0.316342,0,0,0.645559,0.76371
240.268,106.959,0,0,0,0.675545,0.737319
240.276,107.059,0.311112,0,0,0.681257,0.732044
240.282,107.159,0.19266,0,0,0.691302,0.722566
240.286,107.259,0.0194839,0,0,0.695124,0.71889
240.286,107.27,-1.90833e-21,0,0,0.675345,0.737502
240.294,107.37,0.678353,0,0,0.687725,0.725971
240.295,107.47,1.15986,0,0,0.723507,0.690317
240.286,107.569,0.00202292,0,0,0.743165,0.669109
240.286,107.57,-6.01005e-18,0,0,0.784461,0.620178
240.264,107.667,-0.575468,0,0,0.775467,0.631388
240.247,107.766,-0.239094,0,0,0.75875,0.651382
240.241,107.803,-3.36872e-18,0,0,0.831827,0.555035
240.203,107.895,-0.244562,0,0,0.828419,0.560109
240.167,107.988,-0.199331,0,0,0.820345,0.571869
240.142,108.058,-2.99713e-18,0,0,0.818025,0.575183
240.108,108.152,0.296101,0,0,0.822259,0.569113
240.071,108.245,0.160301,0,0,0.830514,0.556998
240.052,108.291,6.4482e-18,0,0,0.804753,0.59361
240.023,108.387,-0.470173,0,0,0.797725,0.603021
239.998,108.483,-0.217014,0,0,0.784199,0.620509
239.989,108.524,-1.36531e-17,0,0,0.806159,0.591699
239.96,108.62,-0.64652,0,0,0.796504,0.604633
239.937,108.717,-0.343325,0,0,0.777244,0.629199
239.926,108.768,8.40691e-18,0,0,0.794721,0.606975
239.9,108.864,-0.0640713,0,0,0.793748,0.608247
239.874,108.961,-0.0666283,0,0,0.7914,0.611299
239.849,109.058,-0.0315707,0,0,0.789897,0.61324
239.827,109.145,-1.54294e-17,0,0,0.760226,0.649658
239.813,109.244,-0.920229,0,0,0.745137,0.666911
239.807,109.344,-0.787312,0,0,0.70757,0.706643
239.809,109.423,9.94816e-19,0,0,0.736325,0.676628
239.801,109.522,-0.56961,0,0,0.726627,0.687032
239.799,109.622,-0.379757,0,0,0.705629,0.708582
239.8,109.689,-0,0,0,0.708923,0.705286
239.8,109.789,-0.173242,0,0,0.705863,0.708349
239.801,109.889,-0.194231,0,0,0.698423,0.715685
239.804,109.989,-0.139468,0,0,0.692429,0.721486
239.809,110.089,-0.0847435,0,0,0.688374,0.725356
239.815,110.189,-0.0301206,0,0,0.686288,0.72733
239.818,110.244,-5.48259e-17,0,0,0.767409,0.641158
239.802,110.343,-1.28064,0,0,0.746616,0.665256
239.797,110.442,-0.794661,0,0,0.703809,0.710389
239.8,110.521,-5.3879e-20,0,0,0.736092,0.676881
239.792,110.621,-0.546814,0,0,0.726788,0.686862
239.79,110.721,-0.555539,0,0,0.704392,0.709812
239.793,110.821,-0.290546,0,0,0.68923,0.724543
239.799,110.921,-0.0287094,0,0,0.683424,0.730022
239.8,110.932,0,0,0,0.670982,0.741474
239.81,111.031,-0.0221554,0,0,0.670571,0.741846
239.82,111.131,-0.0443165,0,0,0.669337,0.742959
239.831,111.23,-0.066484,0,0,0.667277,0.74481
239.842,111.329,-0.0886489,0,0,0.664383,0.747392
239.854,111.429,-0.0448749,0,0,0.661587,0.749868
239.863,111.498,0,0,0,0.68567,0.727912
239.869,111.597,-0.0742309,0,0,0.684318,0.729184
239.876,111.697,-0.0935944,0,0,0.680805,0.732464
239.883,111.797,-0.0688774,0,0,0.677825,0.735223
239.892,111.896,-0.044162,0,0,0.675744,0.737136
239.901,111.996,-0.019457,0,0,0.674571,0.73821
239.908,112.075,6.21674e-18,0,0,0.681065,0.732223
239.915,112.174,0.358982,0,0,0.687604,0.726086
239.918,112.274,0.399091,0,0,0.704399,0.709804
239.917,112.374,0.0393164,0,0,0.712131,0.702046
239.917,112.385,-1.226e-17,0,0,0.714411,0.699727
239.915,112.485,-0.149417,0,0,0.711792,0.702391
239.915,112.585,-0.299503,0,0,0.703865,0.710334
239.917,112.685,-0.397813,0,0,0.690552,0.723283
239.923,112.785,-0.0985749,0,0,0.681528,0.731792
239.926,112.818,1.74949e-18,0,0,0.685844,0.727748
239.932,112.918,-0.087871,0,0,0.684244,0.729253
239.939,113.018,-0.0694402,0,0,0.680504,0.732744
239.944,113.084,4.27542e-18,0,0,0.649944,0.759982
239.96,113.183,-0.243596,0,0,0.645305,0.763925
239.978,113.281,-0.148908,0,0,0.636969,0.770889
239.997,113.38,-0.00635244,0,0,0.633973,0.773356
239.998,113.384,1.24884e-17,0,0,0.621413,0.783483
240.02,113.482,0.540387,0,0,0.631927,0.775028
240.036,113.58,0.744086,0,0,0.661664,0.7498
240.043,113.639,-1.0845e-16,0,0,0.719467,0.694527
240.041,113.739,-0.672717,0,0,0.707721,0.706492
240.045,113.839,-1.08554,0,0,0.672134,0.74043
240.059,113.938,-0.541564,0,0,0.641529,0.767098
240.078,114.036,-0.0124081,0,0,0.630858,0.775898
240.079,114.039,-8.547e-19,0,0,0.70656,0.707653
240.081,114.139,-0.936238,0,0,0.689875,0.723929
240.092,114.238,-1.26097,0,0,0.639787,0.768553
240.106,114.305,-5.04872e-17,0,0,0.764371,0.644776
240.092,114.406,-1.71112,0,0,0.73644,0.676502
240.095,114.505,-3.5986,0,0,0.640198,0.76821
240.106,114.549,-2.48442e-17,0,0,0.677702,0.735336
240.113,114.649,0.448578,0,0,0.685902,0.727694
240.116,114.749,0.906661,0,0,0.710133,0.704068
240.111,114.849,0.488579,0,0,0.740715,0.671819
240.106,114.893,-1.40644e-17,0,0,0.612188,0.790712
240.129,114.99,1.36527,0,0,0.638677,0.769475
240.14,115.09,0.426167,0,0,0.683031,0.730389
240.142,115.115,1.76413e-17,0,0,0.644939,0.764234
240.158,115.214,0.380038,0,0,0.652167,0.758075
240.171,115.313,0.169689,0,0,0.663895,0.747826
240.178,115.37,0,0,0,0.667427,0.744675
240.189,115.47,0.0325733,0,0,0.668033,0.744132
240.199,115.569,0.0497045,0,0,0.669756,0.742582
240.209,115.668,0.0348822,0,0,0.671324,0.741164
240.219,115.768,0.0200603,0,0,0.672342,0.740241
240.229,115.868,0.00523974,0,0,0.67281,0.739815
240.232,115.903,-1.32425e-17,0,0,0.665782,0.746146
240.243,116.002,0.237884,0,0,0.670206,0.742175
240.252,116.102,0.373379,0,0,0.682943,0.730472
240.257,116.202,0.134148,0,0,0.692153,0.72175
240.259,116.258,6.33926e-18,0,0,0.659985,0.751278
240.271,116.357,0.338331,0,0,0.666313,0.745673
240.28,116.457,0.369515,0,0,0.682578,0.730813
240.286,116.557,0.00335707,0,0,0.689357,0.724422
240.286,116.557,-1.3858e-17,0,0,0.65603,0.754735
240.299,116.657,0.440416,0,0,0.664292,0.747473
240.308,116.756,0.398116,0,0,0.683825,0.729646
240.313,116.846,-5.75385e-18,0,0,0.662972,0.748644
240.325,116.945,0.288145,0,0,0.668345,0.743851
240.333,117.045,0.388365,0,0,0.683151,0.730277
240.339,117.145,0.098567,0,0,0.691987,0.72191
240.34,117.179,0,0,0,0.663256,0.748393
240.352,117.278,0.124071,0,0,0.665574,0.746332
240.362,117.378,0.176847,0,0,0.671915,0.740629
240.371,117.477,0.137157,0,0,0.677707,0.735332
240.379,117.577,0.0974455,0,0,0.682008,0.731345
240.385,117.677,0.0577864,0,0,0.684841,0.728692
240.391,117.777,0.018185,0,0,0.686224,0.72739
240.394,117.822,7.34027e-18,0,0,0.662972,0.748644
240.406,117.922,0.288164,0,0,0.668345,0.743851
240.414,118.021,0.38839,0,0,0.683153,0.730276
240.42,118.121,0.0985726,0,0,0.691989,0.721909
240.421,118.155,3.35698e-18,0,0,0.666803,0.745234
240.432,118.255,0.0683596,0,0,0.668075,0.744094
240.442,118.354,0.102058,0,0,0.671672,0.740848
240.452,118.454,0.064001,0,0,0.674742,0.738054
240.46,118.553,0.0259526,0,0,0.6764,0.736534
240.466,118.621,-6.79874e-18,0,0,0.659752,0.751484
240.478,118.721,0.35361,0,0,0.666365,0.745626
240.487,118.82,0.39814,0,0,0.683452,0.729995
240.493,118.92,0.0425517,0,0,0.691448,0.722426
240.493,118.932,3.41607e-17,0,0,0.692548,0.721372
240.498,119.032,-0.187936,0,0,0.689152,0.724617
240.504,119.132,-0.312299,0,0,0.679125,0.734022
240.513,119.231,-0.212201,0,0,0.669445,0.742862
240.524,119.331,-0.112208,0,0,0.663398,0.748267
240.537,119.43,-0.0125421,0,0,0.661061,0.750332
240.538,119.442,0,0,0,0.693466,0.720489
240.543,119.542,-0.34177,0,0,0.687289,0.726384
240.55,119.642,-0.448694,0,0,0.669891,0.742459
240.562,119.741,-0.0839098,0,0,0.659952,0.751308
240.565,119.764,0,0,0,0.693077,0.720864
240.569,119.864,-0.0336225,0,0,0.69247,0.721447
240.573,119.964,-0.0673119,0,0,0.690645,0.723194
240.578,120.064,-0.101118,0,0,0.687591,0.726098
240.584,120.164,-0.135057,0,0,0.68329,0.730147
240.592,120.264,-0.169092,0,0,0.677719,0.735321
240.601,120.363,-0.203116,0,0,0.670851,0.741592
240.612,120.463,-0.236936,0,0,0.662657,0.748923
240.625,120.562,-0.165434,0,0,0.653972,0.756518
240.637,120.641,-4.88249e-21,0,0,0.742915,0.669386
240.646,120.755,-36.1603,0,0,0.384887,0.922964
240.673,120.763,-2.71281e-17,0,0,0.752574,0.658507
240.664,120.862,-2.63221,0,0,0.708283,0.705929
240.674,120.962,-0.801141,0,0,0.645186,0.764026
240.682,121.007,4.14454e-19,0,0,0.640925,0.767603
240.7,121.105,0.173876,0,0,0.644255,0.76481
240.716,121.204,0.180123,0,0,0.652832,0.757503
240.727,121.284,-0,0,0,0.719275,0.694726
240.724,121.384,-0.00746658,0,0,0.719145,0.69486
240.72,121.484,-0.0149333,0,0,0.718756,0.695263
240.717,121.584,-0.0176694,0,0,0.718134,0.695905
240.714,121.684,-0.0110315,0,0,0.717635,0.69642
240.711,121.784,-0.00439369,0,0,0.717366,0.696697
240.709,121.85,4.81523e-19,0,0,0.712984,0.70118
240.708,121.95,-0.361254,0,0,0.706627,0.707586
240.711,122.05,-0.462012,0,0,0.688776,0.724975
240.717,122.15,-0.0455738,0,0,0.679528,0.73365
240.718,122.161,0,0,0,0.683194,0.730237
240.725,122.261,-0.0624773,0,0,0.682052,0.731304
240.732,122.361,-0.12508,0,0,0.678615,0.734495
240.741,122.46,-0.187822,0,0,0.672849,0.73978
240.751,122.56,-0.250498,0,0,0.664703,0.747107
240.764,122.659,-0.113406,0,0,0.657009,0.753883
240.772,122.716,0,0,0,0.640951,0.767582
240.79,122.814,0.172243,0,0,0.64425,0.764815
240.806,122.913,0.247357,0,0,0.653299,0.7571
240.819,123.012,0.189309,0,0,0.661523,0.749925
240.831,123.111,0.13122,0,0,0.667511,0.7446
240.841,123.211,0.0732835,0,0,0.67131,0.741177
240.851,123.31,0.0154978,0,0,0.672954,0.739684
240.853,123.337,-7.59494e-18,0,0,0.670401,0.741999
240.864,123.437,-0.346653,0,0,0.66395,0.747777
240.878,123.536,-0.392307,0,0,0.646787,0.76267
240.896,123.634,-0.0482776,0,0,0.638353,0.769744
240.898,123.648,-3.41317e-23,0,0,0.667991,0.744169
240.909,123.747,1.35997e-05,0,0,0.667991,0.744169
240.92,123.847,1.83364e-05,0,0,0.667992,0.744168
240.931,123.946,4.73668e-06,0,0,0.667993,0.744168
240.934,123.981,1.83705e-18,0,0,0.642643,0.766166
240.952,124.079,0.0657458,0,0,0.643901,0.765109
240.968,124.178,0.0776497,0,0,0.647232,0.762293
240.984,124.277,0.016168,0,0,0.649018,0.760773
240.988,124.303,3.86701e-18,0,0,0.686008,0.727594
240.994,124.402,0.0230604,0,0,0.686427,0.727198
241,124.502,0.026327,0,0,0.687525,0.726161
241.005,124.602,0.00479924,0,0,0.68809,0.725626
241.006,124.624,0,0,0,0.635453,0.772139
241.025,124.723,0.235899,0,0,0.639993,0.768381
241.042,124.821,0.308315,0,0,0.65184,0.758356
241.055,124.92,0.235874,0,0,0.662092,0.749422
241.067,125.02,0.163383,0,0,0.669539,0.742777
241.076,125.119,0.0912103,0,0,0.674255,0.738499
241.085,125.219,0.0193406,0,0,0.676295,0.736631
241.087,125.246,0,0,0,0.670623,0.741799
241.098,125.345,-0.36154,0,0,0.663899,0.747822
241.112,125.444,-0.515023,0,0,0.645102,0.764097
241.131,125.542,-0.392653,0,0,0.627618,0.778521
241.154,125.639,-0.269952,0,0,0.614641,0.788807
241.18,125.736,-0.148654,0,0,0.606344,0.795203
241.207,125.833,-0.0286895,0,0,0.602804,0.797889
241.213,125.856,-1.84482e-18,0,0,0.623842,0.781551
241.236,125.954,-0.10293,0,0,0.621828,0.783154
241.259,126.051,-0.119401,0,0,0.616454,0.787391
241.284,126.148,-0.00899687,0,0,0.613924,0.789365
241.286,126.156,8.34449e-18,0,0,0.607763,0.794119
241.312,126.252,0.0531038,0,0,0.608817,0.793311
241.337,126.349,0.106249,0,0,0.611972,0.790879
241.362,126.446,0.159408,0,0,0.617211,0.786798
241.385,126.543,0.0861658,0,0,0.622551,0.782579
241.403,126.622,0,0,0,0.630191,0.77644
241.423,126.72,0.0418735,0,0,0.631004,0.77578
241.443,126.818,0.0837719,0,0,0.633437,0.773794
241.462,126.916,0.125687,0,0,0.63748,0.770467
241.481,127.014,0.0978606,0,0,0.642003,0.766702
241.498,127.113,0.0557317,0,0,0.644943,0.764231
241.514,127.211,0.0136304,0,0,0.646267,0.763112
241.52,127.243,2.7632e-17,0,0,0.642641,0.766167
241.538,127.341,-0.285126,0,0,0.637165,0.770727
241.558,127.439,-0.27874,0,0,0.623576,0.781763
241.581,127.537,-0.0163261,0,0,0.617794,0.78634
241.583,127.543,1.14863e-17,0,0,0.614825,0.788663
241.607,127.64,0.109671,0,0,0.616986,0.786974
241.63,127.737,0.219697,0,0,0.623445,0.781867
241.651,127.835,0.329838,0,0,0.634125,0.773231
241.669,127.933,0.170153,0,0,0.644713,0.764425
241.682,128.009,1.29044e-17,0,0,0.611006,0.791626
241.706,128.106,0.66886,0,0,0.624126,0.781323
241.724,128.204,0.791559,0,0,0.658409,0.752661
241.734,128.304,0.107455,0,0,0.67512,0.737708
241.736,128.319,0,0,0,0.570843,0.821059
241.77,128.414,0.466416,0,0,0.580356,0.814363
241.8,128.509,0.717642,0,0,0.607015,0.79469
241.823,128.606,0.555803,0,0,0.631945,0.775013
241.84,128.704,0.392227,0,0,0.650115,0.759836
241.854,128.803,0.231903,0,0,0.661912,0.749582
241.866,128.903,0.0752124,0,0,0.667671,0.744456
241.871,128.952,5.31453e-19,0,0,0.596761,0.802419
241.899,129.048,0.223511,0,0,0.601235,0.799073
241.926,129.144,0.268545,0,0,0.613199,0.789928
241.95,129.241,0.0253275,0,0,0.618984,0.785403
241.952,129.252,-2.58595e-17,0,0,0.618807,0.785543
241.975,129.349,0.200372,0,0,0.622733,0.782434
241.996,129.447,0.277206,0,0,0.633455,0.77378
242.015,129.545,0.171983,0,0,0.642103,0.766619
242.032,129.643,0.0669733,0,0,0.646671,0.762769
242.042,129.706,8.11453e-18,0,0,0.588042,0.808831
242.072,129.802,0.287713,0,0,0.593841,0.804583
242.1,129.898,0.366261,0,0,0.609041,0.793139
242.124,129.995,0.22453,0,0,0.620686,0.784059
242.146,130.092,0.0833682,0,0,0.626703,0.779258
242.159,130.15,3.58677e-19,0,0,0.659639,0.751582
242.173,130.249,-0.65143,0,0,0.647342,0.7622
242.194,130.347,-0.88857,0,0,0.611848,0.790975
242.222,130.443,-0.204948,0,0,0.590048,0.807368
242.231,130.472,-6.92353e-17,0,0,0.638189,0.76988
242.249,130.57,0.346013,0,0,0.644818,0.764336
242.264,130.669,0.472632,0,0,0.662707,0.748879
242.274,130.769,0.296372,0,0,0.676974,0.736007
242.281,130.869,0.121137,0,0,0.68462,0.7289
242.285,130.938,-2.0552e-17,0,0,0.71221,0.701966
242.284,131.038,-0.359634,0,0,0.705875,0.708337
242.287,131.138,-0.39847,0,0,0.689109,0.724658
242.293,131.238,-0.0392535,0,0,0.681143,0.732151
242.294,131.249,-8.09568e-17,0,0,0.740733,0.671799
242.286,131.349,-0.986801,0,0,0.724024,0.689775
242.288,131.448,-1.13211,0,0,0.677813,0.735234
242.3,131.548,-0.20808,0,0,0.652912,0.757434
242.303,131.571,1.50513e-16,0,0,0.696559,0.7175
242.307,131.671,-0.702626,0,0,0.683881,0.729594
242.318,131.77,-0.786493,0,0,0.649695,0.760195
242.337,131.868,-0.091474,0,0,0.632894,0.774238
242.339,131.881,0,0,0,0.676037,0.736867
242.348,131.981,-0.0147212,0,0,0.675766,0.737116
242.357,132.081,-0.0294447,0,0,0.674952,0.737862
242.366,132.18,-0.0441714,0,0,0.673593,0.739103
242.375,132.28,-0.0588994,0,0,0.671686,0.740836
242.385,132.379,-0.0680135,0,0,0.669238,0.743048
242.396,132.479,-0.0248878,0,0,0.66751,0.7446
242.402,132.536,7.07248e-18,0,0,0.687486,0.726198
242.408,132.636,-0.217733,0,0,0.683524,0.729928
242.416,132.735,-0.260944,0,0,0.673304,0.739366
242.426,132.835,-0.163518,0,0,0.665422,0.746468
242.439,132.934,-0.0663,0,0,0.661122,0.750279
242.447,133.002,-4.23359e-19,0,0,0.684339,0.729164
242.454,133.102,0.0307281,0,0,0.684899,0.728638
242.46,133.202,0.0285805,0,0,0.686245,0.72737
242.465,133.301,3.95888e-05,0,0,0.686765,0.726879
242.465,133.302,6.86168e-17,0,0,0.695256,0.718762
242.47,133.402,-0.612044,0,0,0.6842,0.729295
242.48,133.501,-0.702574,0,0,0.654372,0.756173
242.497,133.6,-0.136069,0,0,0.638401,0.769704
242.501,133.623,-8.63355e-18,0,0,0.656354,0.754453
242.515,133.722,0.146134,0,0,0.659106,0.75205
242.527,133.822,0.113942,0,0,0.665127,0.746731
242.537,133.912,-1.91755e-19,0,0,0.74534,0.666684
242.528,134.012,-1.24673,0,0,0.724385,0.689395
242.531,134.111,-1.65758,0,0,0.661662,0.749802
242.55,134.21,-0.313958,0,0,0.624242,0.781231
242.555,134.234,4.95985e-17,0,0,0.749009,0.66256
242.545,134.334,-1.3739,0,0,0.72607,0.687621
242.549,134.433,-2.15616,0,0,0.653007,0.757351
242.572,134.531,-0.555888,0,0,0.600808,0.799393
242.582,134.567,4.6473e-21,0,0,0.7076,0.706613
242.582,134.667,-0.169621,0,0,0.704596,0.709609
242.584,134.767,-0.340593,0,0,0.695488,0.718538
242.59,134.867,-0.512052,0,0,0.680022,0.733191
242.599,134.966,-0.274194,0,0,0.663823,0.74789
242.609,135.044,4.94865e-23,0,0,0.684729,0.728798
242.616,135.144,3.64792e-06,0,0,0.684729,0.728798
242.622,135.243,3.24893e-06,0,0,0.684729,0.728798
242.627,135.332,1.36875e-17,0,0,0.697294,0.716786
242.631,135.432,-0.572746,0,0,0.686978,0.726678
242.64,135.532,-0.768179,0,0,0.657467,0.753483
242.657,135.63,-0.19893,0,0,0.639089,0.769133
242.663,135.665,-4.33301e-22,0,0,0.647991,0.761648
242.679,135.764,-4.26331e-06,0,0,0.647991,0.761648
242.695,135.863,-5.85109e-06,0,0,0.64799,0.761648
242.711,135.961,-1.58778e-06,0,0,0.64799,0.761649
242.717,135.998,-2.38812e-21,0,0,0.667991,0.744169
242.728,136.097,3.51891e-05,0,0,0.667992,0.744169
242.739,136.197,4.74453e-05,0,0,0.667994,0.744167
242.75,136.296,1.2256e-05,0,0,0.667995,0.744166
242.753,136.331,-3.0496e-23,0,0,0.665146,0.746714
242.765,136.43,2.21936e-05,0,0,0.665146,0.746713
242.776,136.53,2.50288e-05,0,0,0.665147,0.746712
242.788,136.629,2.83516e-06,0,0,0.665148,0.746712
242.789,136.642,2.37866e-17,0,0,0.722433,0.691441
242.787,136.742,-0.953842,0,0,0.705825,0.708386
242.793,136.841,-1.25778,0,0,0.657317,0.753614
242.811,136.94,-0.239691,0,0,0.628792,0.777573
242.816,136.963,1.44715e-17,0,0,0.655307,0.755362
242.83,137.062,0.238702,0,0,0.659801,0.75144
242.842,137.162,0.253342,0,0,0.670425,0.741977
242.851,137.261,0.150278,0,0,0.677877,0.735176
242.858,137.361,0.0474634,0,0,0.681503,0.731815
242.861,137.407,-7.87705e-23,0,0,0.665147,0.746712
242.873,137.507,-8.98936e-07,0,0,0.665147,0.746712
242.884,137.606,-1.2098e-06,0,0,0.665147,0.746712
242.896,137.705,-7.60328e-07,0,0,0.665147,0.746712
242.907,137.805,-3.1086e-07,0,0,0.665147,0.746712
242.915,137.873,-2.29433e-21,0,0,0.661857,0.74963
242.928,137.972,-1.36875e-05,0,0,0.661857,0.74963
242.94,138.072,-1.24203e-05,0,0,0.661856,0.749631
242.951,138.162,-7.05595e-18,0,0,0.643487,0.765457
242.968,138.26,0.248981,0,0,0.648237,0.761438
242.983,138.359,0.335763,0,0,0.661392,0.75004
242.994,138.459,0.0670797,0,0,0.66891,0.743344
242.997,138.484,2.56278e-18,0,0,0.68601,0.727593
243.002,138.583,0.0230451,0,0,0.686429,0.727197
243.008,138.683,0.0263095,0,0,0.687525,0.726161
243.013,138.783,0.00479599,0,0,0.68809,0.725626
243.015,138.805,-5.29865e-17,0,0,0.654687,0.7559
243.028,138.905,0.685163,0,0,0.667506,0.744604
243.034,139.004,0.79208,0,0,0.700426,0.713725
243.033,139.104,0.145934,0,0,0.716934,0.697141
243.033,139.127,8.93421e-20,0,0,0.669221,0.743063
243.043,139.227,-0.268489,0,0,0.66422,0.747537
243.057,139.326,-0.311369,0,0,0.650901,0.759163
243.073,139.424,-0.062207,0,0,0.643784,0.765207
243.078,139.449,-6.75228e-23,0,0,0.665146,0.746713
243.089,139.548,5.26783e-06,0,0,0.665146,0.746713
243.101,139.648,1.05357e-05,0,0,0.665146,0.746713
243.112,139.747,1.58035e-05,0,0,0.665147,0.746713
243.124,139.846,7.28671e-06,0,0,0.665147,0.746712
243.132,139.915,-1.03143e-17,0,0,0.684572,0.728945
243.138,140.015,0.12084,0,0,0.686771,0.726874
243.143,140.115,0.16215,0,0,0.692694,0.721231
243.146,140.215,0.103684,0,0,0.697472,0.716612
243.148,140.315,0.0452579,0,0,0.700135,0.71401
243.15,140.392,2.82461e-17,0,0,0.655719,0.755005
243.163,140.491,0.463969,0,0,0.664423,0.747357
243.172,140.591,0.453417,0,0,0.685323,0.728239
243.176,140.691,0.0486361,0,0,0.694402,0.719587
243.177,140.703,0,0,0,0.676668,0.736289
243.185,140.802,0.0198151,0,0,0.677032,0.735953
243.193,140.902,0.0396354,0,0,0.678126,0.734946
243.201,141.002,0.0594622,0,0,0.679944,0.733264
243.208,141.102,0.0792903,0,0,0.682484,0.730901
243.215,141.201,0.0732564,0,0,0.685583,0.727994
243.22,141.301,0.0137143,0,0,0.687164,0.726502
243.222,141.324,0,0,0,0.697045,0.717027
243.224,141.424,-0.0248598,0,0,0.696599,0.71746
243.228,141.524,-0.0497299,0,0,0.69526,0.718758
243.231,141.624,-0.0746139,0,0,0.693023,0.720916
243.236,141.724,-0.0995014,0,0,0.689878,0.723926
243.241,141.824,-0.100251,0,0,0.685915,0.727682
243.247,141.924,-0.0180785,0,0,0.683759,0.729708
243.249,141.946,-6.82536e-17,0,0,0.659588,0.751628
243.261,142.045,0.364338,0,0,0.666401,0.745593
243.27,142.144,0.420903,0,0,0.684086,0.729401
243.275,142.244,0.0787157,0,0,0.693138,0.720805
243.276,142.267,-3.3545e-18,0,0,0.663216,0.748428
243.287,142.367,0.126744,0,0,0.665583,0.746324
243.298,142.466,0.171496,0,0,0.671986,0.740564
243.307,142.566,0.110051,0,0,0.677182,0.735816
243.315,142.665,0.0486521,0,0,0.680096,0.733123
243.321,142.744,-6.00984e-18,0,0,0.680802,0.732467
243.328,142.844,-0.0613457,0,0,0.679678,0.733511
243.336,142.944,-0.122755,0,0,0.676295,0.736631
243.345,143.043,-0.184188,0,0,0.670623,0.741799
243.356,143.143,-0.100501,0,0,0.664706,0.747105
243.366,143.222,-1.20078e-17,0,0,0.718684,0.695337
243.364,143.322,-0.716645,0,0,0.706146,0.708066
243.368,143.421,-0.920143,0,0,0.670215,0.742167
243.382,143.521,-0.0962559,0,0,0.651202,0.758905
243.384,143.532,6.73246e-18,0,0,0.638221,0.769853
243.402,143.631,0.343823,0,0,0.644811,0.764342
243.416,143.73,0.395572,0,0,0.661997,0.749507
243.427,143.829,0.0486797,0,0,0.670275,0.742113
243.429,143.843,-1.3876e-17,0,0,0.69154,0.722338
243.434,143.943,-0.35538,0,0,0.6851,0.728449
243.442,144.043,-0.396142,0,0,0.66804,0.744126
243.454,144.142,-0.0423385,0,0,0.659848,0.751399
243.456,144.154,0,0,0,0.671689,0.740833
243.465,144.253,0.0588213,0,0,0.672779,0.739844
243.474,144.353,0.117808,0,0,0.676041,0.736864
243.482,144.453,0.177032,0,0,0.681454,0.731861
243.489,144.552,0.236385,0,0,0.688978,0.724782
243.492,144.652,0.26387,0,0,0.698428,0.71568
243.494,144.752,0.175715,0,0,0.706247,0.707965
243.493,144.852,0.0878361,0,0,0.710896,0.703297
243.492,144.952,0.000247606,0,0,0.712444,0.701729
243.492,144.953,2.00904e-18,0,0,0.617295,0.786731
243.513,145.051,1.55646,0,0,0.647081,0.762421
243.52,145.15,1.55589,0,0,0.717451,0.696609
243.511,145.25,0.177916,0,0,0.746686,0.665177
243.51,145.263,7.55046e-18,0,0,0.638224,0.769851
243.528,145.362,0.343805,0,0,0.644813,0.764341
243.542,145.461,0.395547,0,0,0.661998,0.749506
243.553,145.56,0.0486741,0,0,0.670275,0.742112
243.555,145.574,1.36982e-17,0,0,0.693466,0.72049
243.559,145.674,-0.341759,0,0,0.687289,0.726384
243.567,145.774,-0.448681,0,0,0.669891,0.742459
243.579,145.873,-0.0839077,0,0,0.659953,0.751307
243.582,145.896,9.55033e-21,0,0,0.648924,0.760853
243.596,145.995,1.06311,0,0,0.6688,0.743443
243.6,146.095,1.20014,0,0,0.719047,0.694961
243.592,146.195,0.126116,0,0,0.741566,0.670879
243.591,146.206,-5.26229e-17,0,0,0.638494,0.769626
243.609,146.305,0.264143,0,0,0.64357,0.765387
243.624,146.404,0.533575,0,0,0.658703,0.752403
243.634,146.503,0.805145,0,0,0.683479,0.72997
243.637,146.603,0.446923,0,0,0.708691,0.705519
243.636,146.684,-2.05644e-17,0,0,0.712208,0.701969
243.635,146.784,-0.359591,0,0,0.705873,0.708339
243.638,146.884,-0.398425,0,0,0.689109,0.724658
243.644,146.983,-0.0392509,0,0,0.681144,0.73215
243.645,146.994,-4.57117e-19,0,0,0.664907,0.746926
243.656,147.094,0.0157649,0,0,0.665201,0.746664
243.668,147.193,0.0213337,0,0,0.666001,0.745951
243.679,147.292,0.0137195,0,0,0.666654,0.745367
243.69,147.392,0.00610544,0,0,0.667023,0.745037
243.699,147.471,8.5007e-18,0,0,0.664458,0.747326
243.71,147.571,0.0452361,0,0,0.665303,0.746574
243.722,147.67,0.0523148,0,0,0.667522,0.74459
243.732,147.77,0.0100575,0,0,0.668682,0.743548
243.735,147.793,-2.1542e-18,0,0,0.68434,0.729163
243.741,147.893,0.0307173,0,0,0.6849,0.728637
243.747,147.993,0.0285703,0,0,0.686245,0.72737
243.753,148.093,3.95152e-05,0,0,0.686765,0.726879
243.753,148.093,-1.39363e-17,0,0,0.698639,0.715475
243.756,148.193,-0.654335,0,0,0.68687,0.726781
243.766,148.292,-0.862886,0,0,0.653145,0.757233
243.784,148.391,-0.167494,0,0,0.63347,0.773767
243.789,148.415,-7.5596e-19,0,0,0.722434,0.691439
243.786,148.515,-0.953847,0,0,0.705826,0.708385
243.793,148.614,-1.25778,0,0,0.657319,0.753613
243.811,148.713,-0.239682,0,0,0.628794,0.777572
243.816,148.736,0,0,0,0.690289,0.723534
243.821,148.836,-0.0692038,0,0,0.689036,0.724727
243.826,148.936,-0.1172,0,0,0.685351,0.728213
243.833,149.036,-0.0908693,0,0,0.681554,0.731768
243.84,149.136,-0.0645288,0,0,0.678706,0.73441
243.848,149.235,-0.0382014,0,0,0.676818,0.736151
243.857,149.335,-0.0118895,0,0,0.675895,0.736998
243.861,149.38,-4.04045e-19,0,0,0.688109,0.725607
243.866,149.48,-0.0215225,0,0,0.687719,0.725977
243.872,149.58,-0.0281946,0,0,0.686636,0.727002
243.878,149.68,-0.00513967,0,0,0.68603,0.727574
243.879,149.702,-5.22467e-20,0,0,0.643528,0.765423
243.896,149.801,0.174321,0,0,0.646859,0.76261
243.911,149.899,0.350013,0,0,0.656798,0.754066
243.923,149.999,0.526047,0,0,0.673147,0.739508
243.93,150.098,0.245177,0,0,0.68842,0.725312
243.933,150.168,1.68396e-18,0,0,0.665997,0.745955
243.944,150.267,-0.0558877,0,0,0.664954,0.746884
243.956,150.366,-0.0611805,0,0,0.662231,0.7493
243.969,150.466,-0.00105694,0,0,0.661064,0.750329
243.969,150.467,-5.08417e-17,0,0,0.66508,0.746772
243.98,150.567,0.177819,0,0,0.668394,0.743807
243.99,150.667,0.357069,0,0,0.678279,0.734804
243.996,150.766,0.53663,0,0,0.694519,0.719475
243.997,150.866,0.240491,0,0,0.709345,0.704861
243.996,150.933,-1.96759e-19,0,0,0.684057,0.729428
244.002,151.033,0.256659,0,0,0.688722,0.725026
244.005,151.133,0.391282,0,0,0.702072,0.712106
244.005,151.233,0.0971709,0,0,0.710712,0.703483
244.005,151.266,-1.31542e-18,0,0,0.688108,0.725608
244.01,151.366,-0.0215139,0,0,0.687718,0.725978
244.016,151.466,-0.0281835,0,0,0.686636,0.727002
244.022,151.566,-0.00513767,0,0,0.68603,0.727574
244.023,151.588,1.74604e-18,0,0,0.698639,0.715475
244.026,151.688,-0.654338,0,0,0.68687,0.726781
244.036,151.788,-0.862891,0,0,0.653145,0.757233
244.054,151.886,-0.167497,0,0,0.63347,0.773767
244.059,151.91,8.2197e-17,0,0,0.713507,0.700648
244.058,152.01,-0.52484,0,0,0.704271,0.709931
244.062,152.11,-0.62417,0,0,0.680133,0.733088
244.072,152.209,-0.378908,0,0,0.661553,0.749898
244.086,152.308,-0.136749,0,0,0.651828,0.758367
244.095,152.365,7.7212e-19,0,0,0.659752,0.751483
244.107,152.464,0.353603,0,0,0.666366,0.745625
244.116,152.564,0.39813,0,0,0.683452,0.729995
244.121,152.664,0.0425507,0,0,0.691448,0.722426
244.122,152.676,1.40506e-17,0,0,0.714671,0.699461
244.12,152.776,-0.124364,0,0,0.712492,0.70168
244.119,152.876,-0.249246,0,0,0.705908,0.708304
244.121,152.976,-0.374296,0,0,0.694784,0.719219
244.126,153.075,-0.183895,0,0,0.683433,0.730013
244.131,153.142,1.38037e-17,0,0,0.664688,0.747121
244.142,153.241,0.18979,0,0,0.668225,0.74396
244.152,153.341,0.285884,0,0,0.678188,0.734888
244.158,153.44,0.187025,0,0,0.686827,0.726821
244.163,153.54,0.0883217,0,0,0.691814,0.722076
244.167,153.63,0,0,0,0.663585,0.748101
244.179,153.729,0.253084,0,0,0.668302,0.74389
244.188,153.829,0.394431,0,0,0.681643,0.731685
244.193,153.929,0.300738,0,0,0.694248,0.719736
244.195,154.028,0.206833,0,0,0.703322,0.710871
244.195,154.129,0.113517,0,0,0.708996,0.705213
244.194,154.229,0.0207791,0,0,0.711362,0.702826
244.194,154.251,-3.33181e-17,0,0,0.637697,0.770288
244.212,154.35,0.376795,0,0,0.644919,0.764251
244.226,154.449,0.444202,0,0,0.663819,0.747893
244.237,154.548,0.0888615,0,0,0.67372,0.738987
244.239,154.573,2.33139e-19,0,0,0.69216,0.721744
244.243,154.673,-0.121055,0,0,0.689972,0.723836
244.249,154.773,-0.242517,0,0,0.683365,0.730077
244.257,154.872,-0.36399,0,0,0.672219,0.740352
244.268,154.972,-0.131416,0,0,0.662992,0.748626
244.275,155.028,-1.27903e-18,0,0,0.686009,0.727593
244.281,155.128,0.0230574,0,0,0.686428,0.727198
244.286,155.228,0.0263236,0,0,0.687525,0.72616
244.292,155.327,0.00479856,0,0,0.68809,0.725625
244.293,155.35,-2.73975e-17,0,0,0.681248,0.732053
244.3,155.45,0.34658,0,0,0.687561,0.726127
244.303,155.549,0.395622,0,0,0.703864,0.710334
244.302,155.649,0.0713188,0,0,0.712104,0.702074
244.302,155.672,-8.38063e-22,0,0,0.686348,0.727273
244.308,155.771,-1.01292e-05,0,0,0.686348,0.727273
244.314,155.871,-1.12651e-05,0,0,0.686347,0.727274
244.319,155.971,-1.13593e-06,0,0,0.686347,0.727274
244.32,155.982,-5.45212e-19,0,0,0.659752,0.751483
244.332,156.082,0.353615,0,0,0.666366,0.745625
244.341,156.181,0.398145,0,0,0.683453,0.729995
244.347,156.281,0.0425517,0,0,0.691449,0.722425
244.347,156.293,2.70051e-17,0,0,0.650697,0.759337
244.362,156.392,0.234672,0,0,0.655145,0.755503
244.375,156.491,0.47268,0,0,0.668398,0.743803
244.383,156.591,0.711468,0,0,0.690104,0.72371
244.384,156.691,0.323214,0,0,0.709968,0.704234
244.383,156.759,1.40193e-17,0,0,0.682657,0.730739
244.389,156.859,0.302,0,0,0.688152,0.725566
244.393,156.959,0.395688,0,0,0.703182,0.71101
244.392,157.059,0.0713023,0,0,0.71143,0.702757
244.392,157.081,0,0,0,0.663353,0.748306
244.404,157.18,0.117729,0,0,0.665553,0.746351
244.415,157.279,0.167016,0,0,0.671564,0.740946
244.424,157.379,0.127578,0,0,0.677003,0.735981
244.431,157.479,0.0881276,0,0,0.680961,0.732319
244.438,157.579,0.0487257,0,0,0.683463,0.729985
244.445,157.678,0.00937008,0,0,0.684523,0.728991
244.446,157.702,-6.8816e-20,0,0,0.689668,0.724126
244.451,157.802,-0.0365873,0,0,0.689005,0.724756
244.456,157.902,-0.0557485,0,0,0.687084,0.726578
244.462,158.002,-0.0139497,0,0,0.685817,0.727774
244.464,158.035,-1.48894e-16,0,0,0.632678,0.774415
244.483,158.133,0.692133,0,0,0.645949,0.76338
244.495,158.232,0.815875,0,0,0.680339,0.732898
244.5,158.332,0.158375,0,0,0.697948,0.716148
244.5,158.357,1.3661e-17,0,0,0.689813,0.723988
244.505,158.457,-0.236715,0,0,0.685518,0.728056
244.513,158.556,-0.316383,0,0,0.673771,0.73894
244.523,158.656,-0.198215,0,0,0.664211,0.747545
244.536,158.755,-0.0803685,0,0,0.658989,0.752153
244.545,158.823,7.10833e-18,0,0,0.659754,0.751482
244.557,158.922,0.353589,0,0,0.666366,0.745624
244.566,159.022,0.398114,0,0,0.683452,0.729995
244.572,159.122,0.0425481,0,0,0.691448,0.722426
244.572,159.134,-1.35933e-17,0,0,0.654312,0.756225
244.585,159.233,0.709595,0,0,0.66759,0.74453
244.592,159.332,0.799205,0,0,0.70149,0.71268
244.59,159.433,0.0832203,0,0,0.717002,0.697071
244.59,159.444,-7.3407e-18,0,0,0.682659,0.730738
244.596,159.544,0.301995,0,0,0.688153,0.725565
244.6,159.644,0.395678,0,0,0.703182,0.71101
244.599,159.744,0.0712995,0,0,0.711431,0.702756
244.599,159.766,-3.41722e-18,0,0,0.684025,0.729459
244.605,159.866,0.055361,0,0,0.685034,0.728511
244.611,159.966,0.0533878,0,0,0.687476,0.726207
244.617,160.066,0.00538479,0,0,0.688542,0.725196
244.617,160.077,3.81104e-22,0,0,0.665146,0.746714
244.629,160.176,1.80229e-05,0,0,0.665146,0.746713
244.64,160.275,2.03254e-05,0,0,0.665147,0.746713
244.652,160.375,2.30244e-06,0,0,0.665147,0.746712
244.653,160.387,0,0,0,0.660638,0.750705
244.666,160.487,0.0348455,0,0,0.661293,0.750128
244.678,160.586,0.0697768,0,0,0.663256,0.748393
244.69,160.686,0.104861,0,0,0.666522,0.745486
244.7,160.785,0.140127,0,0,0.671078,0.741387
244.71,160.885,0.175547,0,0,0.676908,0.736067
244.717,160.985,0.211011,0,0,0.683986,0.729495
244.722,161.084,0.246315,0,0,0.692274,0.721634
244.725,161.184,0.281134,0,0,0.701724,0.712449
244.726,161.284,0.104125,0,0,0.708629,0.705581
244.725,161.342,8.54545e-20,0,0,0.714145,0.699998
244.724,161.442,-0.433367,0,0,0.70653,0.707683
244.727,161.542,-0.646935,0,0,0.684477,0.729035
244.736,161.641,-0.413145,0,0,0.664936,0.746901
244.749,161.74,-0.181428,0,0,0.65376,0.756702
244.761,161.819,-6.4084e-19,0,0,0.687862,0.725842
244.767,161.919,-0.00683966,0,0,0.687738,0.725959
244.772,162.019,-0.0102223,0,0,0.687386,0.726292
244.778,162.118,-0.00668494,0,0,0.687079,0.726583
244.783,162.218,-0.00314754,0,0,0.6869,0.726752
244.788,162.307,2.07207e-17,0,0,0.691543,0.722336
244.793,162.407,-0.355416,0,0,0.685101,0.728448
244.802,162.507,-0.396179,0,0,0.66804,0.744125
244.814,162.606,-0.0423409,0,0,0.659847,0.7514
244.815,162.618,2.44364e-17,0,0,0.669987,0.742373
244.826,162.717,-0.113516,0,0,0.667878,0.744271
244.837,162.817,-0.227373,0,0,0.661511,0.749935
244.851,162.916,-0.341251,0,0,0.650785,0.759262
244.868,163.014,-0.1292,0,0,0.641704,0.766953
244.878,163.073,8.20165e-17,0,0,0.716201,0.697895
244.877,163.173,-0.644459,0,0,0.704889,0.709318
244.881,163.273,-0.735112,0,0,0.67434,0.738421
244.893,163.372,-0.135255,0,0,0.658144,0.752892
244.896,163.395,1.32161e-16,0,0,0.746295,0.665615
244.887,163.495,-1.40993,0,0,0.722623,0.691242
244.892,163.594,-1.58421,0,0,0.655694,0.755027
244.911,163.692,-0.179672,0,0,0.622102,0.782936
244.914,163.705,-7.62934e-19,0,0,0.685891,0.727705
244.92,163.805,0.00777954,0,0,0.686032,0.727571
244.926,163.905,0.0155592,0,0,0.686456,0.727171
244.932,164.005,0.0233389,0,0,0.687163,0.726503
244.937,164.105,0.0113151,0,0,0.687833,0.725869
244.941,164.182,9.10318e-19,0,0,0.67416,0.738585
244.95,164.282,0.0425497,0,0,0.674946,0.737867
244.959,164.382,0.0851202,0,0,0.677297,0.735709
244.967,164.481,0.127698,0,0,0.681202,0.732096
244.973,164.581,0.0641366,0,0,0.685148,0.728404
244.977,164.648,0,0,0,0.691554,0.722325
244.982,164.748,-0.056746,0,0,0.690528,0.723305
244.987,164.848,-0.113559,0,0,0.687443,0.726239
244.993,164.948,-0.170424,0,0,0.68227,0.7311
245.001,165.048,-0.145806,0,0,0.675969,0.73693
245.01,165.147,-0.0804123,0,0,0.671791,0.740741
245.02,165.247,-0.0151029,0,0,0.67002,0.742343
245.022,165.27,-2.73472e-17,0,0,0.712423,0.70175
245.021,165.37,-0.326556,0,0,0.706675,0.707538
245.024,165.47,-0.486323,0,0,0.690137,0.723679
245.03,165.569,-0.310688,0,0,0.675589,0.737278
245.04,165.669,-0.135943,0,0,0.667315,0.744776
245.049,165.747,-3.12593e-23,0,0,0.686346,0.727275
245.055,165.847,1.91446e-05,0,0,0.686347,0.727275
245.061,165.947,2.12917e-05,0,0,0.686348,0.727274
245.067,166.046,2.14703e-06,0,0,0.686348,0.727273
245.067,166.058,-1.28345e-21,0,0,0.665148,0.746711
245.079,166.157,-2.07454e-05,0,0,0.665148,0.746712
245.09,166.256,-2.33955e-05,0,0,0.665147,0.746712
245.102,166.356,-2.6501e-06,0,0,0.665146,0.746713
245.103,166.368,3.82707e-18,0,0,0.65424,0.756287
245.117,166.468,0.195613,0,0,0.657934,0.753075
245.13,166.567,0.39352,0,0,0.668954,0.743304
245.138,166.666,0.592614,0,0,0.68706,0.726601
245.14,166.766,0.382283,0,0,0.707051,0.707163
245.139,166.857,7.24363e-18,0,0,0.671857,0.740681
245.149,166.956,0.0656694,0,0,0.673072,0.739577
245.158,167.056,0.131412,0,0,0.676708,0.736252
245.166,167.155,0.197172,0,0,0.682732,0.730668
245.171,167.255,0.0965464,0,0,0.688437,0.725297
245.175,167.334,2.74914e-17,0,0,0.688554,0.725185
245.181,167.434,-0.30239,0,0,0.683055,0.730367
245.19,167.533,-0.292235,0,0,0.66954,0.742776
245.201,167.632,-0.031144,0,0,0.663516,0.748162
245.202,167.644,5.28642e-17,0,0,0.746297,0.665613
245.193,167.744,-1.40996,0,0,0.722624,0.691241
245.198,167.844,-1.58423,0,0,0.655694,0.755027
245.217,167.942,-0.179672,0,0,0.622102,0.782936
245.22,167.955,-1.39089e-18,0,0,0.727065,0.686569
245.217,168.055,-1.25146,0,0,0.705423,0.708787
245.225,168.154,-1.66357,0,0,0.640871,0.767649
245.249,168.252,-0.330806,0,0,0.602148,0.798384
245.256,168.277,-5.44729e-17,0,0,0.717172,0.696896
245.255,168.377,-0.714398,0,0,0.704645,0.70956
245.26,168.477,-0.793838,0,0,0.670864,0.74158
245.273,168.576,-0.0826637,0,0,0.654495,0.756066
245.274,168.588,7.5255e-17,0,0,0.691542,0.722336
245.279,168.687,-0.355407,0,0,0.685101,0.728448
245.288,168.787,-0.396169,0,0,0.66804,0.744125
245.3,168.886,-0.0423403,0,0,0.659847,0.7514
245.301,168.898,-0,0,0,0.712158,0.702019
245.301,168.998,-0.356394,0,0,0.705883,0.708328
245.303,169.098,-0.503146,0,0,0.688388,0.725343
245.311,169.198,-0.383768,0,0,0.672155,0.74041
245.322,169.297,-0.264089,0,0,0.66008,0.751196
245.336,169.396,-0.145725,0,0,0.652341,0.757926
245.352,169.495,-0.0286124,0,0,0.649024,0.760768
245.355,169.52,-9.60596e-17,0,0,0.711939,0.702241
245.355,169.62,-0.395344,0,0,0.704972,0.709236
245.358,169.719,-0.469202,0,0,0.686893,0.726759
245.365,169.819,-0.284974,0,0,0.673075,0.739574
245.376,169.919,-0.102077,0,0,0.665886,0.746053
245.382,169.975,0,0,0,0.681413,0.731899
245.39,170.074,0.00525854,0,0,0.681509,0.731809
245.397,170.174,0.0105173,0,0,0.681798,0.731541
245.404,170.274,0.0157763,0,0,0.682279,0.731092
245.41,170.374,0.0210358,0,0,0.682951,0.730464
245.417,170.473,0.0262953,0,0,0.683815,0.729655
245.423,170.573,0.0315546,0,0,0.684869,0.728666
245.429,170.673,0.0277161,0,0,0.68606,0.727545
245.435,170.773,0.00516389,0,0,0.686658,0.726981
245.436,170.796,-6.1131e-18,0,0,0.622766,0.782409
245.458,170.893,0.271368,0,0,0.628057,0.778167
245.478,170.991,0.381013,0,0,0.64285,0.765992
245.494,171.09,0.10655,0,0,0.652135,0.758103
245.5,171.129,1.34357e-17,0,0,0.663311,0.748344
245.511,171.228,0.0802134,0,0,0.664811,0.747012
245.522,171.327,0.160596,0,0,0.669296,0.742996
245.532,171.427,0.241085,0,0,0.676722,0.736238
245.539,171.527,0.18112,0,0,0.685626,0.727954
245.544,171.626,0.00262034,0,0,0.688961,0.724798
245.545,171.628,-1.19864e-17,0,0,0.637768,0.770229
245.562,171.726,0.564409,0,0,0.648553,0.761169
245.574,171.826,0.761694,0,0,0.67811,0.73496
245.58,171.925,0.147513,0,0,0.694611,0.719386
245.581,171.95,8.68347e-19,0,0,0.686765,0.72688
245.586,172.05,-0.0285203,0,0,0.686246,0.727369
245.592,172.149,-0.0307487,0,0,0.684901,0.728636
245.599,172.249,-4.26557e-05,0,0,0.68434,0.729163
245.599,172.249,2.7574e-17,0,0,0.690322,0.723503
245.604,172.349,-0.442981,0,0,0.682274,0.731096
245.614,172.449,-0.395813,0,0,0.662713,0.748873
245.626,172.538,6.62101e-18,0,0,0.691541,0.722338
245.631,172.638,-0.355352,0,0,0.6851,0.728449
245.639,172.737,-0.396109,0,0,0.668042,0.744124
245.651,172.837,-0.0423318,0,0,0.659851,0.751397
245.653,172.848,-8.41067e-19,0,0,0.667115,0.744955
245.664,172.948,-0.00761288,0,0,0.666973,0.745082
245.675,173.047,-0.0152259,0,0,0.666548,0.745463
245.686,173.147,-0.0228389,0,0,0.665838,0.746097
245.697,173.246,-0.0126395,0,0,0.665097,0.746757
245.707,173.326,5.9434e-18,0,0,0.673274,0.739393
245.716,173.425,0.0563449,0,0,0.674315,0.738443
245.725,173.525,0.11274,0,0,0.677431,0.735587
245.732,173.625,0.169156,0,0,0.682598,0.730794
245.738,173.724,0.0978475,0,0,0.687991,0.725719
245.743,173.814,-5.5018e-17,0,0,0.657896,0.753109
245.756,173.913,0.299659,0,0,0.663516,0.748162
245.766,174.012,0.359545,0,0,0.67776,0.735283
245.772,174.112,0.218959,0,0,0.68832,0.725407
245.777,174.212,0.0789627,0,0,0.693704,0.72026
245.779,174.269,2.05055e-17,0,0,0.692594,0.721328
245.783,174.369,-0.289417,0,0,0.687359,0.726318
245.791,174.468,-0.386687,0,0,0.672613,0.739995
245.802,174.568,-0.0981416,0,0,0.663598,0.748089
245.806,174.602,0,0,0,0.678867,0.734261
245.814,174.701,-0.0515902,0,0,0.677919,0.735136
245.822,174.801,-0.103224,0,0,0.675069,0.737754
245.831,174.901,-0.154885,0,0,0.670295,0.742095
245.842,175,-0.113958,0,0,0.665088,0.746765
245.854,175.099,-0.0605857,0,0,0.661823,0.74966
245.867,175.198,-0.00726124,0,0,0.66055,0.750782
245.869,175.212,1.3876e-17,0,0,0.691541,0.722338
245.874,175.312,-0.355399,0,0,0.6851,0.728449
245.882,175.411,-0.396164,0,0,0.668039,0.744126
245.894,175.511,-0.0423428,0,0,0.659846,0.751401
245.896,175.523,-4.11546e-20,0,0,0.668257,0.74393
245.906,175.622,-0.0251523,0,0,0.667789,0.744351
245.917,175.721,-0.050309,0,0,0.666384,0.745609
245.929,175.821,-0.0754672,0,0,0.664036,0.747701
245.941,175.92,-0.0387539,0,0,0.661622,0.749837
245.95,175.989,-0,0,0,0.710506,0.703691
245.949,176.089,-0.239067,0,0,0.70629,0.707922
245.951,176.189,-0.33656,0,0,0.694619,0.719378
245.956,176.288,-0.256695,0,0,0.683879,0.729596
245.964,176.388,-0.176742,0,0,0.675934,0.736962
245.973,176.488,-0.0971868,0,0,0.670869,0.741576
245.983,176.587,-0.0180085,0,0,0.668728,0.743507
245.986,176.61,-8.49625e-18,0,0,0.661118,0.750282
245.998,176.709,0.0560336,0,0,0.662169,0.749355
246.01,176.809,0.0677164,0,0,0.66486,0.746968
246.021,176.908,0.0425558,0,0,0.666916,0.745133
246.032,177.007,0.0173988,0,0,0.668032,0.744132
246.04,177.076,0,0,0,0.689759,0.724039
246.045,177.176,-0.119811,0,0,0.687587,0.726102
246.051,177.276,-0.185614,0,0,0.681364,0.731945
246.059,177.375,-0.142902,0,0,0.67533,0.737516
246.068,177.475,-0.100162,0,0,0.670836,0.741605
246.079,177.574,-0.0574821,0,0,0.667908,0.744244
246.09,177.674,-0.0148647,0,0,0.666561,0.745451
246.094,177.709,-2.98379e-17,0,0,0.606269,0.79526
246.119,177.806,1.14515,0,0,0.628624,0.77771
246.132,177.905,1.59545,0,0,0.689662,0.724131
246.131,178.005,0.315975,0,0,0.723218,0.69062
246.13,178.03,0,0,0,0.663717,0.747984
246.142,178.13,0.00297182,0,0,0.663773,0.747934
246.154,178.229,0.00594366,0,0,0.663939,0.747787
246.165,178.328,0.00891551,0,0,0.664217,0.74754
246.177,178.428,0.0118874,0,0,0.664606,0.747194
246.189,178.527,0.00997087,0,0,0.665067,0.746784
246.2,178.626,0.00126479,0,0,0.665277,0.746597
246.202,178.641,-1.23352e-17,0,0,0.654312,0.756225
246.215,178.74,0.709586,0,0,0.667589,0.74453
246.221,178.84,0.7992,0,0,0.701489,0.712681
246.22,178.94,0.0832233,0,0,0.717001,0.697072
246.22,178.951,8.08891e-18,0,0,0.692548,0.721371
246.225,179.051,-0.424692,0,0,0.684857,0.728677
246.234,179.151,-0.45916,0,0,0.664538,0.747254
246.247,179.25,-0.00443647,0,0,0.655841,0.754899
246.247,179.251,-2.65826e-17,0,0,0.709527,0.704678
246.247,179.351,-0.305328,0,0,0.704126,0.710075
246.25,179.451,-0.615574,0,0,0.687604,0.726086
246.259,179.551,-0.698494,0,0,0.660121,0.751159
246.274,179.65,-0.00640553,0,0,0.646817,0.762645
246.274,179.65,3.44236e-18,0,0,0.688562,0.725177
246.279,179.75,-0.0237239,0,0,0.688132,0.725586
246.285,179.85,-0.0474512,0,0,0.68684,0.726809
246.29,179.95,-0.0711796,0,0,0.684681,0.728843
246.297,180.05,-0.0319425,0,0,0.682543,0.730845
246.301,180.105,-4.29634e-19,0,0,0.691496,0.72238
246.306,180.205,-0.536595,0,0,0.681756,0.73158
246.316,180.305,-0.455065,0,0,0.658239,0.752809
246.328,180.383,2.74144e-17,0,0,0.65146,0.758683
246.342,180.482,0.577383,0,0,0.662328,0.749214
246.351,180.581,0.422972,0,0,0.685452,0.728118
246.355,180.66,-1.34606e-17,0,0,0.689505,0.724281
246.36,180.76,-0.154288,0,0,0.686706,0.726936
246.367,180.86,-0.309164,0,0,0.678239,0.734842
246.377,180.959,-0.318627,0,0,0.664812,0.74701
246.389,181.059,-0.0348132,0,0,0.658189,0.752852
246.391,181.071,-1.32919e-17,0,0,0.651434,0.758705
246.406,181.17,0.21113,0,0,0.655429,0.755257
246.419,181.269,0.175399,0,0,0.663777,0.747931
246.43,181.368,0.064318,0,0,0.668247,0.74394
246.436,181.426,6.22934e-18,0,0,0.65201,0.758211
246.45,181.525,0.528834,0,0,0.661966,0.749534
246.459,181.624,0.329097,0,0,0.682479,0.730905
246.463,181.681,-8.60232e-19,0,0,0.685219,0.728337
246.469,181.781,-0.0386714,0,0,0.684515,0.728999
246.476,181.881,-0.0326621,0,0,0.68285,0.730558
246.481,181.958,6.14857e-18,0,0,0.65201,0.758211
246.495,182.057,0.52888,0,0,0.661967,0.749533
246.504,182.157,0.329122,0,0,0.682482,0.730903
246.508,182.214,7.85264e-18,0,0,0.658278,0.752775
246.522,182.313,-0.503615,0,0,0.648756,0.760996
246.541,182.411,-0.270605,0,0,0.630571,0.776132
246.553,182.469,2.60732e-17,0,0,0.646912,0.762565
246.573,182.567,-2.11517,0,0,0.60625,0.795274
246.609,182.66,-0.814649,0,0,0.528576,0.848886
246.625,182.691,0,0,0,0.537153,0.843485
246.667,182.782,0.183885,0,0,0.541036,0.840999
246.708,182.874,0.370808,0,0,0.55266,0.833407
246.745,182.967,0.561001,0,0,0.571907,0.820318
246.776,183.061,0.748783,0,0,0.598423,0.801181
246.802,183.158,0.283741,0,0,0.619768,0.784785
246.814,183.212,-1.44847e-17,0,0,0.569927,0.821695
246.848,183.307,0.972325,0,0,0.589653,0.807657
246.873,183.403,0.766526,0,0,0.633517,0.773729
246.886,183.479,1.22792e-17,0,0,0.585302,0.810815
246.916,183.574,1.2419,0,0,0.610072,0.792346
246.935,183.672,0.553318,0,0,0.654986,0.755641
246.94,183.712,1.43787e-16,0,0,0.534249,0.845327
246.98,183.804,2.49393,0,0,0.58495,0.81107
246.999,183.901,1.16441,0,0,0.670557,0.741858
247.003,183.956,-3.39129e-17,0,0,0.635675,0.771957
247.023,184.054,-0.232466,0,0,0.631179,0.775637
247.045,184.151,-0.238848,0,0,0.620407,0.78428
247.069,184.249,-0.118547,0,0,0.613376,0.789791
247.093,184.344,1.40373e-16,0,0,0.641819,0.766856
247.112,184.442,-0.75494,0,0,0.627283,0.778791
247.138,184.539,-0.784786,0,0,0.591597,0.806234
247.171,184.633,-0.400135,0,0,0.567486,0.823383
247.208,184.726,-0.0242835,0,0,0.558716,0.829359
247.21,184.733,4.66858e-17,0,0,0.611266,0.791425
247.238,184.829,-1.17498,0,0,0.587871,0.808955
247.274,184.922,-0.675884,0,0,0.540256,0.8415
247.3,184.977,6.5408e-18,0,0,0.585277,0.810833
247.332,185.072,0.283913,0,0,0.591016,0.80666
247.36,185.167,0.114277,0,0,0.600529,0.799603
247.373,185.21,3.15849e-17,0,0,0.613864,0.789412
247.398,185.306,-0.483347,0,0,0.604289,0.796765
247.428,185.402,-0.37208,0,0,0.582535,0.812806
247.454,185.476,-1.64066e-16,0,0,0.638847,0.769334
247.474,185.574,-1.27776,0,0,0.614084,0.789241
247.505,185.669,-0.671001,0,0,0.565248,0.824921
247.526,185.72,1.88429e-17,0,0,0.632701,0.774396
247.547,185.818,-0.658142,0,0,0.619893,0.784686
247.573,185.914,-0.337205,0,0,0.595271,0.803525
247.589,185.964,8.30023e-18,0,0,0.557432,0.830222
247.626,186.057,0.113219,0,0,0.55978,0.828641
247.663,186.15,0.0920283,0,0,0.564572,0.825384
247.699,186.243,0.0377505,0,0,0.567247,0.823548
247.724,186.308,-3.26879e-18,0,0,0.610152,0.792284
247.75,186.405,-0.18676,0,0,0.606447,0.795124
247.777,186.501,-0.131977,0,0,0.598257,0.801304
247.796,186.563,6.73528e-18,0,0,0.630341,0.776318
247.817,186.661,-0.42341,0,0,0.622093,0.782943
247.842,186.758,-0.241356,0,0,0.605989,0.795473
247.859,186.819,-1.08968e-22,0,0,0.632911,0.774224
247.879,186.917,5.74665e-06,0,0,0.632911,0.774224
247.899,187.015,4.12242e-06,0,0,0.632912,0.774224
247.913,187.085,-5.09623e-17,0,0,0.586936,0.809633
247.942,187.181,1.09462,0,0,0.608717,0.793387
247.962,187.278,1.04737,0,0,0.656225,0.754565
247.971,187.378,0.552571,0,0,0.685815,0.727776
247.975,187.478,0.0792825,0,0,0.697239,0.716839
247.976,187.495,1.42859e-23,0,0,0.658013,0.753007
247.989,187.595,3.00443e-05,0,0,0.658013,0.753006
248.003,187.694,2.06508e-05,0,0,0.658015,0.753005
248.012,187.762,1.35689e-17,0,0,0.670794,0.741644
248.02,187.861,0.93623,0,0,0.687932,0.725775
248.022,187.961,0.283761,0,0,0.712891,0.701275
248.021,187.995,8.03475e-17,0,0,0.747549,0.664206
248.012,188.095,-1.61751,0,0,0.720389,0.69357
248.018,188.194,-1.2763,0,0,0.651816,0.758377
248.03,188.261,2.60626e-17,0,0,0.720842,0.6931
248.028,188.361,-1.13835,0,0,0.700936,0.713224
248.037,188.461,-0.896406,0,0,0.652206,0.758042
248.048,188.527,-1.6892e-19,0,0,0.666977,0.745078
248.059,188.627,0.0788731,0,0,0.668445,0.743762
248.069,188.726,0.157821,0,0,0.672834,0.739793
248.078,188.826,0.155421,0,0,0.679616,0.733568
248.084,188.916,4.12289e-17,0,0,0.718278,0.695756
248.083,189.016,-1.29136,0,0,0.695568,0.71846
248.093,189.115,-0.656155,0,0,0.651772,0.758415
248.102,189.171,-7.31055e-18,0,0,0.656303,0.754498
248.115,189.27,0.419634,0,0,0.664176,0.747576
248.124,189.37,0.360178,0,0,0.682608,0.730785
248.129,189.448,1.29936e-17,0,0,0.649568,0.760303
248.144,189.547,0.185343,0,0,0.653084,0.757285
248.158,189.646,0.371698,0,0,0.663564,0.74812
248.168,189.746,0.382275,0,0,0.679756,0.733438
248.174,189.846,0.00818551,0,0,0.686878,0.726773
248.174,189.848,1.35759e-19,0,0,0.678557,0.734548
248.181,189.948,0.485456,0,0,0.687413,0.726267
248.184,190.048,0.382483,0,0,0.707657,0.706556
248.183,190.114,-5.16113e-17,0,0,0.599456,0.800408
248.207,190.212,2.66972,0,0,0.650339,0.759644
248.208,190.311,1.41081,0,0,0.740975,0.671533
248.201,190.369,3.38454e-18,0,0,0.683504,0.729947
248.208,190.469,-0.318088,0,0,0.677679,0.735358
248.218,190.569,-0.0506537,0,0,0.668438,0.743768
248.219,190.58,2.04974e-17,0,0,0.712984,0.701181
248.218,190.68,-0.361232,0,0,0.706627,0.707587
248.22,190.78,-0.461986,0,0,0.688776,0.724974
248.227,190.88,-0.0455723,0,0,0.679529,0.733648
248.228,190.891,-8.16441e-19,0,0,0.683423,0.730023
248.235,190.991,-0.0537849,0,0,0.682441,0.730941
248.242,191.09,-0.0327539,0,0,0.680399,0.732842
248.246,191.146,-2.7447e-17,0,0,0.666287,0.745695
248.255,191.246,1.3524,0,0,0.690955,0.722897
248.254,191.345,0.822336,0,0,0.729292,0.684202
248.244,191.445,0.290626,0,0,0.748023,0.663673
248.237,191.501,1.23257e-17,0,0,0.752746,0.658311
248.222,191.6,0.935245,0,0,0.767876,0.640599
248.198,191.697,0.800597,0,0,0.804261,0.594277
248.183,191.745,2.55103e-17,0,0,0.795229,0.606309
248.155,191.842,0.830065,0,0,0.807596,0.589736
248.119,191.935,1.65794,0,0,0.843006,0.537905
248.072,192.023,0.179903,0,0,0.86667,0.498881
248.066,192.034,-6.86245e-18,0,0,0.861664,0.507479
248.018,192.122,-0.477265,0,0,0.855552,0.517717
247.974,192.211,-0.162141,0,0,0.845739,0.533597
247.958,192.245,4.91361e-19,0,0,0.826695,0.56265
247.92,192.337,0.416367,0,0,0.832504,0.554018
247.88,192.429,0.133243,0,0,0.841906,0.539624
247.868,192.455,-0,0,0,0.822384,0.568933
247.832,192.549,-0.00777837,0,0,0.822273,0.569093
247.797,192.643,-0.0155572,0,0,0.821941,0.569573
247.762,192.736,-0.0233367,0,0,0.821387,0.570372
247.727,192.83,-0.0311167,0,0,0.820609,0.57149
247.693,192.924,-0.0388963,0,0,0.819608,0.572925
247.659,193.018,-0.0309993,0,0,0.818452,0.574575
247.634,193.088,2.76936e-17,0,0,0.73253,0.680734
247.625,193.188,0.999655,0,0,0.749286,0.662246
247.609,193.286,0.112626,0,0,0.767472,0.641083
247.607,193.299,1.3324e-16,0,0,0.780025,0.625748
247.589,193.397,-2.37547,0,0,0.741904,0.670506
247.587,193.497,-0.452855,0,0,0.691799,0.72209
247.588,193.521,-1.38109e-18,0,0,0.71455,0.699584
247.588,193.621,-0.853694,0,0,0.699489,0.714644
247.594,193.72,-0.31125,0,0,0.672716,0.7399
247.597,193.754,-9.68844e-17,0,0,0.692104,0.721798
247.604,193.854,-1.28006,0,0,0.668828,0.743417
247.621,193.952,-1.00438,0,0,0.618461,0.785815
247.648,194.048,-0.281264,0,0,0.592961,0.805231
247.661,194.087,1.2521e-18,0,0,0.542995,0.839736
247.699,194.179,1.57519,0,0,0.575418,0.81786
247.726,194.275,0.553446,0,0,0.628061,0.778164
247.733,194.309,4.94476e-17,0,0,0.52928,0.848447
247.777,194.398,-0.473068,0,0,0.519218,0.854642
247.826,194.485,-0.957337,0,0,0.488383,0.872629
247.882,194.568,-0.642811,0,0,0.448364,0.893851
247.944,194.647,-0.0436023,0,0,0.432998,0.901395
247.949,194.653,-1.01994e-17,0,0,0.354569,0.93503
248.026,194.716,-2.05268,0,0,0.306437,0.951891
248.102,194.763,9.61349e-17,0,0,0.288456,0.957493
248.187,194.817,-1.49324,0,0,0.252911,0.96749
248.278,194.857,-2.35387,0,0,0.143984,0.98958
248.354,194.874,-1.26912e-18,0,0,0.160145,0.987093
248.45,194.905,-0.689939,0,0,0.143134,0.989703
248.547,194.929,-1.39317,0,0,0.0914379,0.995811
248.633,194.941,-2.92845e-19,0,0,0.0658206,0.997831
248.732,194.955,0.306953,0,0,0.0734725,0.997297
248.831,194.971,0.294438,0,0,0.0928133,0.995684
248.903,194.985,-2.14878e-17,0,0,0.222098,0.975024
248.995,195.026,-1.6642,0,0,0.181866,0.983323
249.091,195.052,-1.52537,0,0,0.0819175,0.996639
249.183,195.063,-2.30156e-18,0,0,0.158423,0.987371
249.277,195.095,0.683491,0,0,0.175229,0.984528
249.37,195.134,0.650522,0,0,0.213872,0.976862
249.459,195.178,0.250978,0,0,0.235811,0.971799
249.516,195.207,1.17572e-18,0,0,0.251679,0.967811
249.611,195.25,-6.72084,0,0,0.106789,0.994282
249.706,195.233,-1.06689,-0,-0,-0.212134,0.977241
249.714,195.23,2.34914e-17,0,0,0.151672,0.988431
249.81,195.259,-0.221916,0,0,0.146179,0.989258
249.906,195.287,-0.44697,0,0,0.129614,0.991565
250.003,195.31,-0.673321,0,0,0.101814,0.994803
250.102,195.327,-0.187662,0,0,0.0725027,0.997368
250.119,195.329,-2.43665e-17,0,0,0.224289,0.974523
250.211,195.369,-2.8127,0,0,0.156171,0.98773
250.281,195.385,0,0,0,0.167764,0.985827
250.376,195.418,-0.111874,0,0,0.165002,0.986293
250.471,195.45,-0.22463,0,0,0.15669,0.987648
250.567,195.48,-0.338518,0,0,0.142772,0.989756
250.663,195.506,-0.452499,0,0,0.123191,0.992383
250.76,195.528,-0.370812,0,0,0.100237,0.994964
250.859,195.547,-0.0778604,0,0,0.0890813,0.996024
250.885,195.551,-1.19889e-16,0,0,0.165741,0.986169
250.98,195.584,-0.361464,0,0,0.156832,0.987625
251.075,195.612,-0.613744,0,0,0.130505,0.991448
251.173,195.635,-0.414932,0,0,0.10499,0.994473
251.271,195.655,-0.216886,0,0,0.0892718,0.996007
251.37,195.672,-0.0212672,0,0,0.0833349,0.996522
251.38,195.673,2.69195e-17,0,0,0.0429533,0.999077
251.48,195.681,-0.399508,0,0,0.0329813,0.999456
251.58,195.685,-0.490594,0,0,0.00590093,0.999983
251.68,195.685,-0.0660712,-0,-0,-0.0080037,0.999968
251.696,195.685,-3.34912e-24,-0,-0,-0.0361484,0.999346
251.795,195.677,-6.75899e-06,-0,-0,-0.0361486,0.999346
251.895,195.67,-7.2345e-06,-0,-0,-0.036149,0.999346
251.995,195.663,-4.75501e-07,-0,-0,-0.0361492,0.999346
252.002,195.662,-1.24206e-17,-0,-0,-0.0451822,0.998979
252.101,195.654,0.46087,-0,-0,-0.0336817,0.999433
252.201,195.65,0.492871,-0,-0,-0.00409298,0.999992
252.301,195.651,0.0305592,0,0,0.00897912,0.99996
252.308,195.651,1.35368e-17,0,0,0.0114362,0.999935
252.408,195.654,0.0647627,0,0,0.0130553,0.999915
252.508,195.657,0.129602,0,0,0.0179138,0.99984
252.608,195.661,0.194473,0,0,0.0260131,0.999662
252.708,195.667,0.112462,0,0,0.0345783,0.999402
252.794,195.673,5.44995e-17,0,0,0.0449537,0.998989
252.894,195.682,-0.447721,0,0,0.0337809,0.999429
252.994,195.686,-0.490478,0,0,0.00490108,0.999988
253.094,195.685,-0.0661146,-0,-0,-0.0090011,0.999959
253.11,195.685,0,0,0,1.43414e-05,1
253.21,195.685,8.12818e-06,0,0,1.45446e-05,1
253.31,195.685,1.14327e-05,0,0,1.51194e-05,1
253.41,195.685,2.85299e-06,0,0,1.54766e-05,1
253.443,195.685,1.01334e-18,0,0,0.0427095,0.999088
253.543,195.693,-0.388412,0,0,0.0330141,0.999455
253.642,195.697,-0.485609,0,0,0.00660525,0.999978
253.742,195.696,-0.0956563,-0,-0,-0.00791543,0.999969
253.767,195.696,-1.31184e-23,0,0,1.48342e-05,1
253.867,195.696,-5.02581e-07,0,0,1.48216e-05,1
253.967,195.696,-3.91208e-07,0,0,1.47939e-05,1
254.055,195.696,-1.90068e-22,0,0,1.52708e-05,1
254.155,195.696,-5.65467e-06,0,0,1.51295e-05,1
254.255,195.696,-7.85225e-06,0,0,1.47303e-05,1
254.355,195.696,-1.53232e-06,0,0,1.44957e-05,1
254.38,195.696,2.02233e-21,0,0,0.00314676,0.999995
254.48,195.696,-0.143007,-0,-0,-0.000427855,1
254.58,195.695,-0.203278,-0,-0,-0.0103709,0.999946
254.679,195.692,-0.127516,-0,-0,-0.0186391,0.999826
254.779,195.688,-0.0518311,-0,-0,-0.0231218,0.999733
254.848,195.685,4.72359e-18,-0,-0,-0.0366341,0.999329
254.948,195.677,0.0247561,-0,-0,-0.0360156,0.999351
255.047,195.67,0.027134,-0,-0,-0.03442,0.999407
255.147,195.664,0.0037465,-0,-0,-0.0336484,0.999434
255.163,195.662,4.05003e-22,0,0,0.00876499,0.999962
255.263,195.664,-0.358819,-0,-0,-0.000198845,1
255.363,195.661,-0.505595,-0,-0,-0.0255937,0.999672
255.463,195.654,-0.126849,-0,-0,-0.0413849,0.999143
255.496,195.651,-3.41421e-19,0,0,0.00953281,0.999955
255.596,195.653,-0.390323,-0,-0,-0.000216929,1
255.696,195.65,-0.543075,-0,-0,-0.0277935,0.999614
255.796,195.642,-0.107014,-0,-0,-0.0440209,0.999031
255.821,195.64,1.02938e-17,0,0,0.00303056,0.999995
255.921,195.641,-0.154403,-0,-0,-0.000828844,1
256.021,195.639,-0.20032,-0,-0,-0.0111381,0.999938
256.121,195.636,-0.123067,-0,-0,-0.0192212,0.999815
256.221,195.632,-0.0459036,-0,-0,-0.0234445,0.999725
256.28,195.629,0,-0,-0,-0.0400297,0.999198
256.38,195.621,0.0377119,-0,-0,-0.0390877,0.999236
256.479,195.614,0.075444,-0,-0,-0.0362608,0.999342
256.579,195.607,0.112016,-0,-0,-0.0315486,0.999502
256.679,195.601,0.089333,-0,-0,-0.0265174,0.999648
256.779,195.596,0.0666389,-0,-0,-0.0226195,0.999744
256.879,195.592,0.0439542,-0,-0,-0.0198552,0.999803
256.979,195.588,0.021284,-0,-0,-0.0182244,0.999834
257.073,195.585,-1.33625e-17,-0,-0,-0.037161,0.999309
257.172,195.578,0.263674,-0,-0,-0.0305756,0.999532
257.272,195.574,0.467802,-0,-0,-0.0109471,0.99994
257.372,195.573,0.158863,0,0,0.00471285,0.999989
257.424,195.574,6.8646e-18,0,0,0.00828972,0.999966
257.524,195.575,-0.424069,-0,-0,-0.00230213,0.999997
257.624,195.572,-0.462148,-0,-0,-0.0295897,0.999562
257.724,195.564,-0.0622399,-0,-0,-0.0426802,0.999089
257.739,195.563,9.39014e-19,0,0,0.0101517,0.999948
257.839,195.564,-0.463397,-0,-0,-0.00142026,0.999999
257.939,195.561,-0.554839,-0,-0,-0.0326682,0.999466
258.039,195.552,-0.0345099,-0,-0,-0.0473717,0.998877
258.045,195.552,0,-0,-0,-0.0146471,0.999893
258.145,195.549,-0.0541815,-0,-0,-0.0160016,0.999872
258.245,195.545,-0.10841,-0,-0,-0.0200656,0.999799
258.345,195.54,-0.159957,-0,-0,-0.0268381,0.99964
258.445,195.534,-0.108897,-0,-0,-0.0335558,0.999437
258.545,195.527,-0.0578543,-0,-0,-0.0377218,0.999288
258.644,195.519,-0.00685761,-0,-0,-0.0393385,0.999226
258.658,195.518,6.52527e-24,0,0,1.3952e-05,1
258.758,195.518,1.19871e-07,0,0,1.3955e-05,1
258.858,195.518,1.70527e-07,0,0,1.39635e-05,1
258.958,195.518,5.06557e-08,0,0,1.3969e-05,1
259,195.518,-1.83833e-18,-0,-0,-0.0350871,0.999384
259.1,195.512,0.2047,-0,-0,-0.0299679,0.999551
259.2,195.507,0.41182,-0,-0,-0.0145605,0.999894
259.3,195.507,0.619878,0,0,0.0112121,0.999937
259.4,195.512,0.338739,0,0,0.0381106,0.999274
259.477,195.518,4.07404e-17,-0,-0,-0.0449234,0.99899
259.577,195.51,0.447717,-0,-0,-0.0337507,0.99943
259.677,195.506,0.490472,-0,-0,-0.00487118,0.999988
259.777,195.507,0.0661144,0,0,0.00903085,0.999959
259.793,195.507,6.83361e-17,-0,-0,-0.0449251,0.99899
259.892,195.499,0.447732,-0,-0,-0.033752,0.99943
259.992,195.495,0.490485,-0,-0,-0.00487156,0.999988
260.092,195.496,0.0661137,0,0,0.00903078,0.999959
260.108,195.496,-6.7587e-18,-0,-0,-0.0416811,0.999131
260.208,195.488,0.188699,-0,-0,-0.0369685,0.999316
260.307,195.482,0.226216,-0,-0,-0.0249173,0.99969
260.407,195.478,0.141995,-0,-0,-0.015715,0.999877
260.507,195.475,0.0579094,-0,-0,-0.0107177,0.999943
260.576,195.474,8.90339e-17,0,0,0.00828968,0.999966
260.676,195.475,-0.424063,-0,-0,-0.00230202,0.999997
260.776,195.472,-0.462141,-0,-0,-0.0295891,0.999562
260.876,195.464,-0.0622393,-0,-0,-0.0426795,0.999089
260.892,195.463,-8.90055e-17,0,0,0.00829068,0.999966
260.992,195.464,-0.424076,-0,-0,-0.00230134,0.999997
261.091,195.461,-0.462157,-0,-0,-0.0295893,0.999562
261.191,195.453,-0.0622419,-0,-0,-0.0426802,0.999089
261.207,195.452,1.62787e-16,0,0,0.0531428,0.998587
261.306,195.461,-0.86865,0,0,0.0315306,0.999503
261.406,195.462,-0.953659,-0,-0,-0.0246003,0.999697
261.506,195.453,-0.130015,-0,-0,-0.0515803,0.998669
261.522,195.452,1.91193e-31,0,0,1.4986e-05,1
261.622,195.452,-7.02117e-06,0,0,1.48105e-05,1
261.722,195.452,-8.56704e-06,0,0,1.43358e-05,1
261.822,195.452,-1.13285e-06,0,0,1.40933e-05,1
261.837,195.452,3.68465e-19,-0,-0,-0.0429241,0.999078
261.937,195.444,0.399515,-0,-0,-0.0329519,0.999457
262.037,195.44,0.490599,-0,-0,-0.00587117,0.999983
262.137,195.44,0.0660703,0,0,0.00803355,0.999968
262.152,195.441,-1.64097e-30,0,0,1.60581e-05,1
262.252,195.441,-1.539e-05,0,0,1.56734e-05,1
262.352,195.441,-2.2036e-05,0,0,1.46019e-05,1
262.452,195.441,-1.4341e-05,0,0,1.36925e-05,1
262.552,195.441,-6.64599e-06,0,0,1.31678e-05,1
262.639,195.441,-1.88274e-23,0,0,1.35307e-05,1
262.739,195.441,4.27862e-06,0,0,1.36377e-05,1
262.839,195.441,8.55724e-06,0,0,1.39586e-05,1
262.939,195.441,1.28359e-05,0,0,1.44934e-05,1
263.039,195.441,7.0093e-06,0,0,1.50508e-05,1
263.116,195.441,-1.25628e-21,0,0,1.74533e-05,1
263.216,195.441,-1.66653e-05,0,0,1.70367e-05,1
263.316,195.441,-1.81381e-05,0,0,1.59649e-05,1
263.416,195.441,-2.39867e-06,0,0,1.54514e-05,1
263.431,195.441,-2.74805e-17,-0,-0,-0.0449236,0.99899
263.531,195.433,0.44771,-0,-0,-0.0337511,0.99943
263.631,195.429,0.490463,-0,-0,-0.00487201,0.999988
263.731,195.429,0.0661105,0,0,0.00902969,0.999959
263.747,195.43,1.3972e-18,-0,-0,-0.0365926,0.99933
263.847,195.426,2.16769,0,0,0.0165607,0.999863
263.945,195.442,1.66364,0,0,0.14186,0.989887
264.008,195.463,-4.5062e-17,0,0,0.137615,0.990486
264.109,195.478,-9.85823,-0,-0,-0.0740521,0.997254
264.179,195.441,3.40326e-18,0,0,0.0234123,0.999726
264.279,195.444,-0.786958,0,0,0.0038067,0.999993
264.379,195.44,-1.38512,-0,-0,-0.0550169,0.998485
264.478,195.424,-0.281338,-0,-0,-0.0963646,0.995346
264.503,195.419,-1.28483e-17,-0,-0,-0.124448,0.992226
264.6,195.395,0.620302,-0,-0,-0.109077,0.994033
264.699,195.377,0.640759,-0,-0,-0.0704993,0.997512
264.798,195.365,0.108185,-0,-0,-0.0518384,0.998655
264.818,195.363,4.2943e-19,0,0,0.0303576,0.999539
264.918,195.369,0.0152475,0,0,0.0307386,0.999527
265.018,195.376,0.0243859,0,0,0.0318518,0.999493
265.118,195.382,0.00833903,0,0,0.0326695,0.999466
265.17,195.385,-2.72929e-17,0,0,0.0764412,0.997074
265.269,195.4,-0.380379,0,0,0.0669637,0.997755
265.368,195.411,-0.483578,0,0,0.04098,0.99916
265.468,195.417,-0.0998975,0,0,0.026412,0.999651
265.494,195.419,9.4553e-19,0,0,0.0223561,0.99975
265.594,195.423,-0.061505,0,0,0.0208187,0.999783
265.694,195.427,-0.123079,0,0,0.0162049,0.999869
265.794,195.429,-0.184687,0,0,0.00851187,0.999964
265.894,195.43,-0.115987,-0,-0,-9.26426e-05,1
265.98,195.43,3.0052e-18,-0,-0,-0.0366349,0.999329
266.08,195.422,0.0247861,-0,-0,-0.0360157,0.999351
266.18,195.415,0.0271668,-0,-0,-0.0344181,0.999408
266.28,195.409,0.00375108,-0,-0,-0.0336456,0.999434
266.296,195.408,-2.16595e-16,-0,-0,-0.054472,0.998515
266.395,195.398,0.932382,-0,-0,-0.0313453,0.999509
266.495,195.398,1.15944,0,0,0.0289076,0.999582
266.594,195.409,0.769058,0,0,0.0768777,0.997041
266.692,195.427,0.391113,0,0,0.105784,0.994389
266.791,195.45,0.0320922,0,0,0.116358,0.993207
266.8,195.452,5.36643e-17,0,0,0.0710086,0.997476
266.899,195.467,0.743921,0,0,0.0895026,0.995987
266.997,195.49,1.51868,0,0,0.145539,0.989353
267.09,195.525,0.527261,0,0,0.204491,0.978868
267.124,195.541,1.38925e-17,0,0,0.0291559,0.999575
267.224,195.548,0.774869,0,0,0.0484686,0.998825
267.323,195.562,0.520351,0,0,0.0899067,0.99595
267.385,195.574,-1.61102e-18,0,0,0.0798634,0.996806
267.484,195.59,0.0942984,0,0,0.082213,0.996615
267.583,195.607,0.0654898,0,0,0.0873253,0.99618
267.647,195.618,8.54927e-19,0,0,0.0925742,0.995706
267.745,195.637,-0.123002,0,0,0.0895106,0.995986
267.844,195.654,-0.246582,0,0,0.0803038,0.99677
267.943,195.668,-0.370481,0,0,0.0649224,0.99789
268.042,195.679,-0.233839,0,0,0.0468151,0.998904
268.106,195.685,1.35752e-16,-0,-0,-0.02819,0.999603
268.206,195.683,2.17743,0,0,0.0253609,0.999678
268.304,195.7,1.25802,0,0,0.131083,0.991371
268.367,195.718,3.56276e-16,0,0,0.291904,0.956448
268.453,195.771,-2.6432,0,0,0.230914,0.972974
268.545,195.8,-2.90777,0,0,0.0724347,0.997373
268.645,195.803,-1.43264,-0,-0,-0.0340805,0.999419
268.748,195.79,-0.312853,-0,-0,-0.0779445,0.996958
268.781,195.785,1.02023e-16,-0,-0,-0.00717705,0.999974
268.884,195.787,1.92166,0,0,0.0399049,0.999203
268.98,195.807,4.18144,0,0,0.19083,0.981623
269.066,195.858,0.769112,0,0,0.30653,0.951861
269.088,195.874,-8.00678e-18,-0,-0,-0.179493,0.983759
269.187,195.85,11.545,0,0,0.0413764,0.999144
269.265,195.9,3.00205,0,0,0.418509,0.908212
269.304,195.951,2.82855e-17,0,0,0.0148684,0.999889
269.404,195.957,1.36764,0,0,0.0487691,0.99881
269.502,195.975,1.13029,0,0,0.128904,0.991657
269.574,195.996,-2.86737e-17,0,0,0.0982614,0.995161
269.672,196.015,-0.243286,0,0,0.0922065,0.99574
269.771,196.032,-0.48878,0,0,0.0739766,0.99726
269.87,196.044,-0.479592,0,0,0.0457107,0.998955
269.97,196.051,-0.00236894,0,0,0.0336875,0.999432
269.97,196.051,-5.16165e-18,0,0,0.0883969,0.996085
270.069,196.069,-0.101863,0,0,0.0858602,0.996307
270.167,196.085,-0.104679,0,0,0.0800227,0.996793
270.266,196.101,-0.0688842,0,0,0.0756969,0.997131
270.365,196.116,-0.0331029,0,0,0.0731543,0.997321
270.457,196.129,-1.09594e-17,0,0,0.184491,0.982834
270.55,196.165,-0.334826,0,0,0.176262,0.984343
270.645,196.198,-0.296465,0,0,0.158382,0.987378
270.74,196.228,-0.131983,0,0,0.147799,0.989017
270.817,196.251,1.38659e-17,0,0,0.225513,0.97424
270.907,196.294,-0.443936,0,0,0.214694,0.976681
270.999,196.334,-0.297559,0,0,0.192272,0.981342
271.069,196.362,-1.58674e-17,0,0,0.181707,0.983353
271.162,196.399,0.683886,0,0,0.198456,0.98011
271.253,196.442,0.620455,0,0,0.238693,0.971095
271.33,196.484,3.681e-18,0,0,0.23663,0.9716
271.419,196.53,0.236935,0,0,0.242379,0.970182
271.507,196.579,0.193823,0,0,0.255698,0.966757
271.574,196.617,2.14585e-17,0,0,0.210261,0.977645
271.664,196.661,1.86806,0,0,0.255016,0.966937
271.744,196.72,1.4986,0,0,0.358075,0.933693
271.799,196.773,-7.67697e-18,0,0,0.255862,0.966713
271.885,196.824,0.952589,0,0,0.278714,0.960374
271.966,196.882,0.886223,0,0,0.334199,0.942503
272.033,196.939,-4.7803e-18,0,0,0.321877,0.946781
272.112,197,-0.186317,0,0,0.317464,0.94827
272.193,197.059,-0.164603,0,0,0.30681,0.951771
272.258,197.105,0,0,0,0.276938,0.960888
272.343,197.159,0.0754368,0,0,0.278754,0.960362
272.427,197.213,0.151304,0,0,0.284203,0.958764
272.511,197.268,0.227841,0,0,0.293284,0.956025
272.593,197.325,0.304895,0,0,0.305985,0.952036
272.673,197.385,0.381708,0,0,0.322265,0.946649
272.751,197.448,0.343384,0,0,0.341181,0.939998
272.827,197.513,0.0620451,0,0,0.350681,0.936495
272.843,197.527,0,0,0,0.315123,0.949051
272.924,197.587,-0.0351893,0,0,0.314288,0.949328
273.004,197.646,-0.0703892,0,0,0.311781,0.950154
273.085,197.705,-0.0916976,0,0,0.307664,0.951495
273.166,197.764,-0.0573869,0,0,0.304116,0.952635
273.248,197.821,-0.0230844,0,0,0.302199,0.953245
273.303,197.86,-3.0094e-17,0,0,0.255862,0.966713
273.389,197.911,0.952594,0,0,0.278715,0.960374
273.47,197.969,0.886227,0,0,0.3342,0.942502
273.537,198.027,2.93539e-18,0,0,0.314127,0.949381
273.618,198.085,-0.648606,0,0,0.298723,0.95434
273.702,198.139,-0.660178,0,0,0.25898,0.965883
273.78,198.182,-5.96709e-18,0,0,0.304263,0.952588
273.862,198.24,-0.123709,0,0,0.301316,0.953524
273.944,198.296,-0.159718,0,0,0.293416,0.955985
274.027,198.352,-0.0917831,0,0,0.287399,0.957811
274.111,198.407,-0.023902,0,0,0.284628,0.958638
274.14,198.426,1.86339e-17,0,0,0.338062,0.941124
274.219,198.488,-1.14776,0,0,0.311085,0.950382
274.303,198.541,-1.0569,0,0,0.244067,0.969758
274.384,198.581,-2.54102e-18,0,0,0.268417,0.963303
274.469,198.633,0.236002,0,0,0.274094,0.961703
274.553,198.687,0.220394,0,0,0.287949,0.957646
274.627,198.737,-4.34275e-18,0,0,0.282665,0.959219
274.711,198.791,0.188447,0,0,0.28718,0.957877
274.793,198.847,0.228925,0,0,0.299338,0.954147
274.875,198.905,0.031323,0,0,0.305538,0.95218
274.888,198.914,4.40773e-19,0,0,0.312451,0.949934
274.968,198.974,0.0915139,0,0,0.314624,0.949216
275.048,199.034,0.183188,0,0,0.321135,0.947033
275.127,199.096,0.257417,0,0,0.331932,0.943303
275.204,199.159,0.0648777,0,0,0.33952,0.940599
275.23,199.181,9.19884e-18,0,0,0.319327,0.947645
275.309,199.242,0.460362,0,0,0.3302,0.943911
275.386,199.306,0.543905,0,0,0.359166,0.933274
275.459,199.375,0.0401778,0,0,0.372739,0.927936
275.464,199.38,-2.10551e-18,0,0,0.362125,0.93213
275.539,199.447,-0.355273,0,0,0.353836,0.935308
275.615,199.512,-0.246168,0,0,0.336124,0.941818
275.672,199.558,0,0,0,0.301829,0.953362
275.753,199.615,0.0342966,0,0,0.302646,0.953103
275.835,199.673,0.0686035,0,0,0.305097,0.952321
275.916,199.732,0.0940867,0,0,0.309151,0.951013
275.997,199.791,0.058882,0,0,0.312785,0.949824
276.077,199.851,0.0236851,0,0,0.314745,0.949176
276.131,199.891,0,0,0,0.312064,0.950061
276.212,199.95,-0.121972,0,0,0.309165,0.951008
276.293,200.008,-0.244407,0,0,0.300443,0.9538
276.376,200.064,-0.335192,0,0,0.285931,0.95825
276.46,200.118,-0.207109,0,0,0.272918,0.962037
276.546,200.17,-0.0793993,0,0,0.266021,0.963967
276.599,200.201,3.82162e-17,0,0,0.285084,0.958502
276.682,200.257,0.893454,0,0,0.306334,0.951924
276.76,200.32,0.988508,0,0,0.360978,0.932574
276.832,200.39,0.13104,0,0,0.386841,0.922147
276.842,200.401,5.41655e-19,0,0,0.220543,0.975377
276.933,200.446,0.671883,0,0,0.236883,0.971538
277.019,200.496,1.38278,0,0,0.286289,0.958143
277.098,200.556,1.03441,0,0,0.355143,0.934812
277.158,200.612,1.08284e-16,0,0,0.0156904,0.999877
277.258,200.618,1.67767,0,0,0.0571162,0.998368
277.355,200.639,1.29026,0,0,0.149304,0.988791
277.437,200.668,1.62429e-18,0,0,0.167217,0.98592
277.531,200.701,0.0828645,0,0,0.169259,0.985572
277.625,200.734,0.0852729,0,0,0.174068,0.984734
277.719,200.769,0.0468116,0,0,0.177319,0.984154
277.813,200.804,0.00836137,0,0,0.178676,0.983908
277.833,200.812,1.20125e-17,0,0,0.145911,0.989298
277.929,200.842,0.731489,0,0,0.163936,0.986471
278.022,200.878,0.602933,0,0,0.205658,0.978624
278.094,200.912,-1.55249e-17,0,0,0.178426,0.983953
278.188,200.946,-0.682921,0,0,0.161631,0.986851
278.284,200.974,-0.447732,0,0,0.126006,0.99203
278.347,200.989,-1.44183e-17,0,0,0.176513,0.984298
278.441,201.022,-1.11793,0,0,0.14908,0.988825
278.538,201.045,-0.868565,0,0,0.0853772,0.996349
278.608,201.056,1.47085e-21,0,0,0.0438871,0.999036
278.707,201.065,1.45514e-05,0,0,0.0438875,0.999036
278.807,201.073,7.73624e-06,0,0,0.0438882,0.999036
278.86,201.078,0,-0,-0,-0.00510878,0.999987
278.96,201.077,0.0842269,-0,-0,-0.00300307,0.999995
279.06,201.077,0.168583,0,0,0.00331661,0.999995
279.16,201.079,0.202713,0,0,0.013479,0.999909
279.26,201.082,0.118391,0,0,0.0215043,0.999769
279.36,201.087,0.0341888,0,0,0.0253177,0.999679
279.4,201.089,-7.87965e-23,0,0,1.6045e-05,1
279.5,201.089,2.11221e-06,0,0,1.60978e-05,1
279.6,201.089,1.20645e-06,0,0,1.62004e-05,1
279.662,201.089,4.89238e-17,-0,-0,-0.0270228,0.999635
279.762,201.085,0.414421,-0,-0,-0.0166571,0.999861
279.862,201.084,0.841988,0,0,0.0147099,0.999892
279.961,201.092,0.997231,0,0,0.0658977,0.997826
280.06,201.108,0.136637,0,0,0.0940302,0.995569
280.076,201.111,0,-0,-0,-0.00100873,0.999999
280.176,201.111,0.0674652,0,0,0.000677819,1
280.276,201.112,0.0802134,0,0,0.00484995,0.999988
280.376,201.113,0.0633445,0,0,0.00843869,0.999964
280.476,201.115,0.0464737,0,0,0.011184,0.999937
280.576,201.118,0.0296078,0,0,0.0130859,0.999914
280.676,201.12,0.012748,0,0,0.0141448,0.9999
280.751,201.123,5.43242e-17,-0,-0,-0.0200331,0.999799
280.852,201.121,1.3303,0,0,0.0129935,0.999916
280.951,201.131,0.938653,0,0,0.0847851,0.996399
281.022,201.145,-2.65824e-17,0,0,0.0612679,0.998121
281.121,201.155,-1.33906,0,0,0.02806,0.999606
281.221,201.153,-0.945439,-0,-0,-0.0444976,0.999009
281.292,201.145,-1.31961e-17,-0,-0,-0.0454506,0.998967
281.391,201.136,0.474781,-0,-0,-0.0336034,0.999435
281.491,201.133,0.493844,-0,-0,-0.00328282,0.999995
281.589,201.134,-1.04821e-22,0,0,1.61057e-05,1
281.689,201.134,4.38213e-06,0,0,1.62153e-05,1
281.789,201.134,4.00991e-06,0,0,1.64775e-05,1
281.886,201.134,7.36534e-24,0,0,1.68121e-05,1
281.986,201.134,2.59376e-08,0,0,1.68128e-05,1
282.086,201.134,3.32544e-08,0,0,1.68145e-05,1
282.186,201.134,1.9475e-08,0,0,1.68158e-05,1
282.286,201.134,5.69567e-09,0,0,1.68164e-05,1
282.328,201.134,-3.84131e-31,0,0,1.49926e-05,1
282.428,201.134,4.61778e-06,0,0,1.51081e-05,1
282.528,201.134,3.42915e-06,0,0,1.53602e-05,1
282.607,201.134,0,0,0,1.70617e-05,1
282.707,201.134,-3.17929e-06,0,0,1.69823e-05,1
282.807,201.134,-6.35857e-06,0,0,1.67438e-05,1
282.907,201.134,-9.53786e-06,0,0,1.63464e-05,1
283.007,201.134,-1.27171e-05,0,0,1.579e-05,1
283.107,201.134,-5.81995e-06,0,0,1.52679e-05,1
283.165,201.134,9.44505e-22,0,0,1.53676e-05,1
283.265,201.134,6.06393e-06,0,0,1.55192e-05,1
283.365,201.134,4.50308e-06,0,0,1.58503e-05,1
283.444,201.134,1.04687e-22,0,0,1.55059e-05,1
283.544,201.134,2.74054e-06,0,0,1.55744e-05,1
283.644,201.134,2.9113e-06,0,0,1.57498e-05,1
283.744,201.134,1.70768e-07,0,0,1.58269e-05,1
283.751,201.134,1.34075e-17,-0,-0,-0.0479899,0.998848
283.85,201.125,0.552529,-0,-0,-0.0342074,0.999415
283.95,201.122,0.490961,-0,-0,-0.00127745,0.999999
284.039,201.123,2.59098e-17,-0,-0,-0.0495103,0.998774
284.138,201.113,0.165742,-0,-0,-0.0453703,0.99897
284.238,201.105,0.332505,-0,-0,-0.032926,0.999458
284.338,201.1,0.489694,-0,-0,-0.0121479,0.999926
284.438,201.1,0.165277,0,0,0.0042152,0.999991
284.489,201.101,2.77779e-17,-0,-0,-0.0289664,0.99958
284.589,201.094,-0.54288,-0,-0,-0.0425116,0.999096
284.688,201.082,-0.48593,-0,-0,-0.0748646,0.997194
284.777,201.067,-5.49173e-17,0,0,0.0084669,0.999964
284.877,201.068,-0.556635,-0,-0,-0.00543083,0.999985
284.977,201.064,-0.433675,-0,-0,-0.0361503,0.999346
285.066,201.056,-3.43331e-17,0,0,0.0064566,0.999979
285.166,201.057,-0.424111,-0,-0,-0.00413436,0.999991
285.266,201.053,-0.44063,-0,-0,-0.0293299,0.99957
285.365,201.046,-0.235013,-0,-0,-0.0462026,0.998932
285.465,201.036,-0.0309241,-0,-0,-0.0528437,0.998603
285.48,201.034,5.47791e-17,0,0,0.018866,0.999822
285.58,201.036,-1.09666,-0,-0,-0.00840174,0.999965
285.679,201.028,-0.972415,-0,-0,-0.073618,0.997287
285.768,201.012,0,-0,-0,-0.0341409,0.999417
285.868,201.005,-0.06117,-0,-0,-0.0356693,0.999364
285.968,200.997,-0.122401,-0,-0,-0.040255,0.999189
286.067,200.989,-0.170495,-0,-0,-0.0478623,0.998854
286.167,200.978,-0.111286,-0,-0,-0.0548969,0.998492
286.266,200.967,-0.0521146,-0,-0,-0.0589752,0.998259
286.354,200.956,2.72681e-17,-0,-0,-0.0508458,0.998707
286.453,200.947,0.648616,-0,-0,-0.0346731,0.999399
286.553,200.944,0.485321,0,0,0.000894032,1
286.633,200.945,-2.53837e-17,-0,-0,-0.100278,0.994959
286.731,200.927,1.23051,-0,-0,-0.069825,0.997559
286.831,200.921,0.986195,-0,-0,-0.000778266,1
286.921,200.923,-9.70882e-21,-0,-0,-0.0607996,0.99815
287.02,200.911,0.0682386,-0,-0,-0.0590967,0.998252
287.12,200.9,0.136546,-0,-0,-0.0539854,0.998542
287.219,200.89,0.202842,-0,-0,-0.0454619,0.998966
287.319,200.881,0.0521633,-0,-0,-0.0390932,0.999236
287.353,200.879,2.74212e-17,-0,-0,-0.0258589,0.999666
287.453,200.873,-0.525003,-0,-0,-0.0389593,0.999241
287.553,200.862,-0.549142,-0,-0,-0.0724795,0.99737
287.651,200.845,1.33291e-17,-0,-0,-0.0309158,0.999522
287.75,200.838,-0.656909,-0,-0,-0.0472979,0.998881
287.849,200.825,-0.470543,-0,-0,-0.0829101,0.996557
287.921,200.812,2.06285e-17,0,0,0.00847173,0.999964
288.021,200.813,-0.556667,-0,-0,-0.00542679,0.999985
288.121,200.809,-0.433713,-0,-0,-0.0361485,0.999346
288.209,200.801,-8.51857e-19,-0,-0,-0.0389442,0.999241
288.309,200.793,0.0313846,-0,-0,-0.0381602,0.999272
288.408,200.786,0.0289729,-0,-0,-0.0362763,0.999342
288.506,200.779,1.89604e-18,-0,-0,-0.0750196,0.997182
288.605,200.764,-0.0728715,-0,-0,-0.0768361,0.997044
288.704,200.748,-0.0641956,-0,-0,-0.0811831,0.996699
288.785,200.734,3.427e-18,-0,-0,-0.0352304,0.999379
288.885,200.727,-0.182119,-0,-0,-0.0397792,0.999208
288.985,200.718,-0.212975,-0,-0,-0.0513293,0.998682
289.084,200.707,-0.122126,-0,-0,-0.0596932,0.998217
289.183,200.695,-0.0314201,-0,-0,-0.0635247,0.99798
289.218,200.69,7.66238e-18,-0,-0,-0.0904376,0.995902
289.316,200.673,0.58826,-0,-0,-0.0758009,0.997123
289.416,200.661,0.372803,-0,-0,-0.044412,0.999013
289.47,200.657,-7.23446e-18,-0,-0,-0.0903918,0.995906
289.568,200.639,0.250911,-0,-0,-0.0841445,0.996454
289.667,200.624,0.171775,-0,-0,-0.071303,0.997455
289.749,200.612,-2.58485e-18,-0,-0,-0.0393982,0.999224
289.849,200.605,0.0575254,-0,-0,-0.0379612,0.999279
289.949,200.597,0.054766,-0,-0,-0.034485,0.999405
290.048,200.591,0.00360047,-0,-0,-0.0330267,0.999454
290.055,200.59,4.31557e-19,-0,-0,-0.0366331,0.999329
290.155,200.583,0.0247796,-0,-0,-0.036014,0.999351
290.255,200.576,0.0271597,-0,-0,-0.0344169,0.999408
290.355,200.569,0.00375009,-0,-0,-0.0336446,0.999434
290.371,200.568,-4.77155e-19,-0,-0,-0.0403564,0.999185
290.47,200.56,-0.0820861,-0,-0,-0.0424072,0.9991
290.57,200.551,-0.164351,-0,-0,-0.0485618,0.99882
290.669,200.54,-0.246724,-0,-0,-0.0588223,0.998268
290.769,200.527,-0.180086,-0,-0,-0.0710962,0.997469
290.866,200.513,-1.33709e-17,-0,-0,-0.0258579,0.999666
290.966,200.507,-0.524997,-0,-0,-0.0389582,0.999241
291.065,200.495,-0.549139,-0,-0,-0.0724781,0.99737
291.163,200.479,-1.25026e-17,-0,-0,-0.0292457,0.999572
291.263,200.473,-0.158839,-0,-0,-0.0332152,0.999448
291.363,200.466,-0.318435,-0,-0,-0.0451354,0.998981
291.462,200.455,-0.388654,-0,-0,-0.0645652,0.997913
291.561,200.44,-0.100131,-0,-0,-0.0767475,0.997051
291.596,200.435,8.13179e-17,-0,-0,-0.124447,0.992226
291.693,200.411,0.620299,-0,-0,-0.109076,0.994033
291.791,200.393,0.640755,-0,-0,-0.0704984,0.997512
291.89,200.382,0.108182,-0,-0,-0.0518377,0.998656
291.911,200.38,-4.13471e-17,-0,-0,-0.0257275,0.999669
292.011,200.374,-0.383041,-0,-0,-0.0352913,0.999377
292.11,200.364,-0.480222,-0,-0,-0.0613219,0.998118
292.209,200.35,-0.0992025,-0,-0,-0.075763,0.997126
292.235,200.346,-8.76168e-19,-0,-0,-0.0669397,0.997757
292.334,200.333,-0.0454543,-0,-0,-0.0680734,0.99768
292.433,200.319,-0.0568969,-0,-0,-0.0711658,0.997465
292.532,200.305,-0.0088216,-0,-0,-0.0728045,0.997346
292.55,200.302,5.41246e-17,-0,-0,-0.018727,0.999825
292.65,200.297,-0.891552,-0,-0,-0.040916,0.999163
292.749,200.283,-0.963957,-0,-0,-0.0982169,0.995165
292.847,200.26,-0.0881882,-0,-0,-0.124259,0.99225
292.857,200.257,0,-0,-0,-0.0782536,0.996933
292.955,200.242,0.110206,-0,-0,-0.0755069,0.997145
293.054,200.228,0.141914,-0,-0,-0.0683234,0.997663
293.153,200.215,0.107149,-0,-0,-0.0621106,0.998069
293.253,200.203,0.0723836,-0,-0,-0.0576304,0.998338
293.352,200.192,0.0376513,-0,-0,-0.0548836,0.998493
293.452,200.181,0.00294701,-0,-0,-0.05387,0.998548
293.46,200.18,-5.22156e-18,-0,-0,-0.0782745,0.996932
293.559,200.164,0.111411,-0,-0,-0.0754977,0.997146
293.658,200.15,0.108647,-0,-0,-0.0687063,0.997637
293.757,200.137,0.00937243,-0,-0,-0.0657627,0.997835
293.766,200.135,-1.41004e-17,-0,-0,-0.0600788,0.998194
293.866,200.124,0.0757656,-0,-0,-0.0581879,0.998306
293.965,200.112,0.151637,-0,-0,-0.0525117,0.99862
294.064,200.103,0.227525,-0,-0,-0.0430442,0.999073
294.164,200.095,0.0936097,-0,-0,-0.0346022,0.999401
294.226,200.091,2.7542e-17,-0,-0,-0.0848872,0.996391
294.325,200.075,0.763901,-0,-0,-0.0659051,0.997826
294.424,200.067,0.973147,-0,-0,-0.0135898,0.999908
294.524,200.068,0.196886,0,0,0.0155744,0.999879
294.55,200.069,-4.63785e-17,-0,-0,-0.0886642,0.996062
294.649,200.052,0.238779,-0,-0,-0.0827076,0.996574
294.748,200.037,0.481789,-0,-0,-0.0647423,0.997902
294.847,200.027,0.727047,-0,-0,-0.0345955,0.999401
294.947,200.023,0.472173,-0,-0,-0.000196416,1
295.036,200.025,4.12697e-17,-0,-0,-0.0289663,0.99958
295.136,200.018,-0.54289,-0,-0,-0.0425117,0.999096
295.235,200.006,-0.485936,-0,-0,-0.0748652,0.997194
295.324,199.991,-1.6401e-23,-0,-0,-0.0361462,0.999347
295.424,199.984,-1.28329e-05,-0,-0,-0.0361466,0.999346
295.524,199.977,-1.37357e-05,-0,-0,-0.0361474,0.999346
295.624,199.97,-9.0273e-07,-0,-0,-0.0361477,0.999346
295.631,199.969,-3.43468e-19,-0,-0,-0.07641,0.997076
295.73,199.954,0.380389,-0,-0,-0.0669323,0.997758
295.829,199.944,0.483588,-0,-0,-0.0409479,0.999161
295.929,199.937,0.0998977,-0,-0,-0.0263797,0.999652
295.955,199.936,0,-0,-0,-0.0705424,0.997509
296.054,199.922,0.116449,-0,-0,-0.0676386,0.99771
296.153,199.909,0.17563,-0,-0,-0.0594413,0.998232
296.252,199.898,0.134286,-0,-0,-0.0517064,0.998662
296.352,199.888,0.0929248,-0,-0,-0.0460332,0.99894
296.452,199.88,0.0516163,-0,-0,-0.0424228,0.9991
296.551,199.871,0.0103604,-0,-0,-0.0408743,0.999164
296.576,199.869,-1.44278e-17,-0,-0,-0.0860222,0.996293
296.675,199.852,0.159651,-0,-0,-0.082044,0.996629
296.774,199.837,0.320218,-0,-0,-0.0700839,0.997541
296.873,199.825,0.480775,-0,-0,-0.0501003,0.998744
296.973,199.817,0.149733,-0,-0,-0.0342982,0.999412
297.018,199.814,-1.38744e-17,-0,-0,-0.0705669,0.997507
297.117,199.8,0.117584,-0,-0,-0.0676347,0.99771
297.216,199.787,0.17039,-0,-0,-0.0594208,0.998233
297.315,199.776,0.109632,-0,-0,-0.0524317,0.998625
297.415,199.766,0.0489136,-0,-0,-0.0484731,0.998824
297.495,199.758,-1.3699e-19,-0,-0,-0.0764098,0.997077
297.594,199.744,0.380388,-0,-0,-0.0669321,0.997758
297.693,199.733,0.483588,-0,-0,-0.0409477,0.999161
297.793,199.726,0.099898,-0,-0,-0.0263795,0.999652
297.819,199.725,-2.13871e-16,-0,-0,-0.0609994,0.998138
297.919,199.715,1.27982,-0,-0,-0.0293073,0.99957
298.019,199.717,1.41194,0,0,0.0536239,0.998561
298.118,199.733,0.201039,0,0,0.0935441,0.995615
298.135,199.736,1.02868e-17,0,0,0.0369936,0.999316
298.234,199.743,-0.128034,0,0,0.0337952,0.999429
298.334,199.749,-0.183392,0,0,0.024877,0.999691
298.434,199.753,-0.117358,0,0,0.0173605,0.999849
298.534,199.756,-0.051375,0,0,0.0131426,0.999914
298.612,199.758,1.07102e-23,0,0,1.77932e-05,1
298.712,199.758,-1.20622e-05,0,0,1.74917e-05,1
298.812,199.758,-1.49867e-05,0,0,1.66735e-05,1
298.912,199.758,-2.92452e-06,0,0,1.62257e-05,1
298.936,199.758,-3.46619e-18,-0,-0,-0.0393975,0.999224
299.036,199.751,0.0575209,-0,-0,-0.0379606,0.999279
299.136,199.743,0.0547617,-0,-0,-0.0344846,0.999405
299.235,199.737,0.00360018,-0,-0,-0.0330264,0.999454
299.242,199.736,0,-0,-0,-0.0361468,0.999346
299.342,199.729,2.79385e-06,-0,-0,-0.0361467,0.999346
299.442,199.722,5.5877e-06,-0,-0,-0.0361465,0.999347
299.542,199.715,8.38155e-06,-0,-0,-0.0361461,0.999347
299.641,199.707,6.84655e-06,-0,-0,-0.0361457,0.999347
299.741,199.7,4.98399e-06,-0,-0,-0.0361454,0.999347
299.841,199.693,3.12143e-06,-0,-0,-0.0361452,0.999347
299.941,199.686,1.25886e-06,-0,-0,-0.0361451,0.999347
300.008,199.681,-1.04549e-21,0,0,1.65393e-05,1
300.108,199.681,8.96957e-06,0,0,1.67635e-05,1
300.208,199.681,1.11442e-05,0,0,1.73719e-05,1
300.308,199.681,2.1747e-06,0,0,1.77049e-05,1
300.332,199.681,-1.02552e-17,-0,-0,-0.0369582,0.999317
300.432,199.674,0.128028,-0,-0,-0.0337599,0.99943
300.532,199.668,0.183384,-0,-0,-0.0248421,0.999691
300.632,199.663,0.117353,-0,-0,-0.0173259,0.99985
300.732,199.66,0.0513732,-0,-0,-0.0131082,0.999914
300.81,199.659,0,-0,-0,-0.0323162,0.999478
300.909,199.652,0.0472514,-0,-0,-0.0311351,0.999515
301.009,199.646,0.0945734,-0,-0,-0.0275902,0.999619
301.109,199.641,0.141989,-0,-0,-0.0216779,0.999765
301.209,199.638,0.189427,-0,-0,-0.0133953,0.99991
301.309,199.636,0.181587,-0,-0,-0.00317284,0.999995
301.409,199.636,0.051848,0,0,0.00266187,0.999996
301.449,199.636,-2.75098e-17,-0,-0,-0.0474273,0.998875
301.549,199.628,0.520053,-0,-0,-0.0344538,0.999406
301.649,199.624,0.494422,-0,-0,-0.00301159,0.999995
301.749,199.625,0.0307545,0,0,0.0101034,0.999949
301.755,199.625,-6.15484e-17,0,0,0.00787476,0.999969
301.855,199.626,-0.358994,-0,-0,-0.00109357,0.999999
301.955,199.624,-0.453842,-0,-0,-0.0255253,0.999674
302.055,199.617,-0.11385,-0,-0,-0.0397017,0.999212
302.089,199.614,-1.36727e-17,0,0,0.00928958,0.999957
302.189,199.615,-0.423836,-0,-0,-0.00129611,0.999999
302.289,199.612,-0.518028,-0,-0,-0.0299748,0.999551
302.388,199.605,-0.0698244,-0,-0,-0.0446467,0.999003
302.404,199.603,-1.66191e-18,-0,-0,-0.0313516,0.999508
302.504,199.597,-0.0408614,-0,-0,-0.0323726,0.999476
302.603,199.59,-0.0570597,-0,-0,-0.0352598,0.999378
302.703,199.583,-0.0114138,-0,-0,-0.0369705,0.999316
302.728,199.581,0,-0,-0,-0.0226173,0.999744
302.828,199.577,0.0578436,-0,-0,-0.0211714,0.999776
302.928,199.573,0.115747,-0,-0,-0.0168326,0.999858
303.028,199.57,0.173684,-0,-0,-0.0095982,0.999954
303.128,199.569,0.123166,-0,-0,-0.00200359,0.999998
303.228,199.569,0.0652161,0,0,0.00270575,0.999996
303.328,199.57,0.00732937,0,0,0.00451947,0.99999
303.341,199.57,-3.46263e-20,-0,-0,-0.0360124,0.999351
303.44,199.563,0.0107716,-0,-0,-0.0357433,0.999361
303.54,199.556,0.0215436,-0,-0,-0.0349359,0.99939
303.64,199.549,0.0323157,-0,-0,-0.0335902,0.999436
303.74,199.542,0.0173704,-0,-0,-0.0322458,0.99948
303.827,199.537,-6.84208e-17,-0,-0,-0.0446781,0.999001
303.927,199.528,0.435291,-0,-0,-0.0338152,0.999428
304.026,199.524,0.487009,-0,-0,-0.00561953,0.999984
304.126,199.525,0.0959665,0,0,0.00894327,0.99996
304.151,199.526,-1.54089e-18,-0,-0,-0.0728443,0.997343
304.25,199.511,0.0480599,-0,-0,-0.071646,0.99743
304.349,199.497,0.0537792,-0,-0,-0.0685285,0.997649
304.448,199.484,0.00833791,-0,-0,-0.0669792,0.997754
304.466,199.481,6.84282e-18,-0,-0,-0.0391846,0.999232
304.566,199.474,0.154821,-0,-0,-0.0353174,0.999376
304.666,199.468,0.202734,-0,-0,-0.0249521,0.999689
304.766,199.463,0.127278,-0,-0,-0.0167043,0.99986
304.866,199.461,0.0519089,-0,-0,-0.012225,0.999925
304.935,199.459,-1.32894e-18,0,0,0.00929122,0.999957
305.035,199.46,-0.423847,-0,-0,-0.00129475,0.999999
305.135,199.457,-0.518046,-0,-0,-0.0299743,0.999551
305.234,199.449,-0.0698291,-0,-0,-0.0446468,0.999003
305.25,199.448,0,0,0,0.00778892,0.99997
305.35,199.449,-0.355273,-0,-0,-0.00108161,0.999999
305.45,199.446,-0.531445,-0,-0,-0.0260516,0.999661
305.549,199.439,-0.405463,-0,-0,-0.0494292,0.998778
305.649,199.427,-0.279024,-0,-0,-0.066505,0.997786
305.748,199.413,-0.154063,-0,-0,-0.0773157,0.997007
305.847,199.396,-0.0305393,-0,-0,-0.0819264,0.996638
305.871,199.392,-6.88873e-21,-0,-0,-0.0336296,0.999434
305.971,199.386,-0.023406,-0,-0,-0.0342144,0.999415
306.071,199.379,-0.0287448,-0,-0,-0.0357995,0.999359
306.171,199.371,-0.00396884,-0,-0,-0.0366168,0.999329
306.187,199.37,1.71446e-18,-0,-0,-0.0366324,0.999329
306.286,199.363,0.0247798,-0,-0,-0.0360133,0.999351
306.386,199.356,0.0271599,-0,-0,-0.0344162,0.999408
306.486,199.349,0.00375009,-0,-0,-0.0336439,0.999434
306.502,199.348,8.50842e-19,-0,-0,-0.031865,0.999492
306.602,199.342,-0.0198569,-0,-0,-0.0323611,0.999476
306.701,199.335,-0.0309807,-0,-0,-0.0337874,0.999429
306.801,199.328,-0.0202049,-0,-0,-0.0350662,0.999385
306.901,199.321,-0.00942924,-0,-0,-0.0358066,0.999359
306.988,199.315,-1.70268e-18,-0,-0,-0.0366319,0.999329
307.088,199.308,0.0247665,-0,-0,-0.0360132,0.999351
307.188,199.3,0.0271453,-0,-0,-0.0344168,0.999408
307.288,199.294,0.00374802,-0,-0,-0.0336449,0.999434
307.304,199.293,6.85222e-17,0,0,0.00897772,0.99996
307.404,199.294,-0.459495,-0,-0,-0.00249158,0.999997
307.503,199.29,-0.598502,-0,-0,-0.0332135,0.999448
307.603,199.281,-0.367378,-0,-0,-0.057317,0.998356
307.702,199.268,-0.138634,-0,-0,-0.0699435,0.997551
307.763,199.259,0,-0,-0,-0.0324664,0.999473
307.863,199.253,-0.0762638,-0,-0,-0.0343718,0.999409
307.962,199.245,-0.114079,-0,-0,-0.0397277,0.999211
308.062,199.237,-0.0877216,-0,-0,-0.0447679,0.998997
308.162,199.228,-0.0613588,-0,-0,-0.0484908,0.998824
308.261,199.218,-0.0350103,-0,-0,-0.0508972,0.998704
308.361,199.207,-0.00867657,-0,-0,-0.051988,0.998648
308.393,199.204,-2.67534e-17,-0,-0,-0.0810625,0.996709
308.492,199.188,0.461902,-0,-0,-0.0695605,0.997578
308.592,199.178,0.515779,-0,-0,-0.0395676,0.999217
308.691,199.171,0.0754834,-0,-0,-0.0248081,0.999692
308.709,199.171,1.56183e-18,-0,-0,-0.0669387,0.997757
308.808,199.157,-0.0454585,-0,-0,-0.0680726,0.99768
308.907,199.143,-0.0569022,-0,-0,-0.0711652,0.997465
309.006,199.129,-0.00882235,-0,-0,-0.0728041,0.997346
309.024,199.126,1.47035e-17,-0,-0,-0.0244839,0.9997
309.124,199.121,-0.439684,-0,-0,-0.0354597,0.999371
309.223,199.111,-0.541841,-0,-0,-0.0652523,0.997869
309.322,199.096,-0.079292,-0,-0,-0.0807233,0.996737
309.339,199.093,-7.85436e-19,-0,-0,-0.0669379,0.997757
309.438,199.08,-0.0454679,-0,-0,-0.068072,0.99768
309.537,199.066,-0.0569141,-0,-0,-0.0711653,0.997465
309.636,199.051,-0.00882426,-0,-0,-0.0728045,0.997346
309.654,199.049,-2.49005e-18,-0,-0,-0.0672685,0.997735
309.753,199.035,-0.0306061,-0,-0,-0.0680319,0.997683
309.852,199.021,-0.0441973,-0,-0,-0.0701676,0.997535
309.951,199.007,-0.028011,-0,-0,-0.0719682,0.997407
310.05,198.993,-0.0118254,-0,-0,-0.0729615,0.997335
310.123,198.982,-2.1383e-17,-0,-0,-0.10752,0.994203
310.221,198.961,0.224045,-0,-0,-0.101946,0.99479
310.319,198.942,0.45099,-0,-0,-0.0851484,0.996368
310.418,198.928,0.678612,-0,-0,-0.0570019,0.998374
310.517,198.919,0.317528,-0,-0,-0.0305151,0.999534
310.591,198.915,1.72834e-18,-0,-0,-0.0337979,0.999429
310.691,198.909,-0.0157489,-0,-0,-0.0341914,0.999415
310.791,198.902,-0.0224668,-0,-0,-0.0352873,0.999377
310.89,198.895,-0.0141314,-0,-0,-0.0362016,0.999345
310.99,198.887,-0.00579603,-0,-0,-0.0366995,0.999326
311.059,198.882,-1.71796e-18,-0,-0,-0.0244832,0.9997
311.159,198.877,-0.439675,-0,-0,-0.0354587,0.999371
311.259,198.867,-0.541833,-0,-0,-0.0652508,0.997869
311.358,198.852,-0.079294,-0,-0,-0.0807217,0.996737
311.375,198.849,1.25856e-21,-0,-0,-0.0361475,0.999346
311.474,198.842,2.318e-05,-0,-0,-0.0361469,0.999346
311.574,198.834,2.48105e-05,-0,-0,-0.0361454,0.999347
311.674,198.827,1.63058e-06,-0,-0,-0.0361448,0.999347
311.681,198.827,-1.48087e-17,-0,-0,-0.0243071,0.999705
311.781,198.822,-0.129814,-0,-0,-0.0275523,0.99962
311.881,198.815,-0.260209,-0,-0,-0.037297,0.999304
311.98,198.806,-0.390781,-0,-0,-0.0535503,0.998565
312.079,198.794,-0.199992,-0,-0,-0.0695667,0.997577
312.158,198.782,-1.63009e-16,0,0,0.0168472,0.999858
312.258,198.784,-0.771132,-0,-0,-0.00236782,0.999997
312.358,198.779,-0.964069,-0,-0,-0.0548083,0.998497
312.457,198.765,-0.195053,-0,-0,-0.0836321,0.996497
312.482,198.76,-1.62289e-18,-0,-0,-0.07075,0.997494
312.581,198.746,-0.0571712,-0,-0,-0.0721756,0.997392
312.68,198.731,-0.0609821,-0,-0,-0.0758492,0.997119
312.779,198.716,-0.000317852,-0,-0,-0.0773772,0.997002
312.78,198.716,0,-0,-0,-0.0993127,0.995056
312.878,198.696,0.0918987,-0,-0,-0.097023,0.995282
312.976,198.677,0.184326,-0,-0,-0.0901414,0.995929
313.075,198.661,0.277462,-0,-0,-0.0786376,0.996903
313.174,198.646,0.370775,-0,-0,-0.0624828,0.998046
313.273,198.636,0.367089,-0,-0,-0.0422858,0.999106
313.373,198.629,0.0806596,-0,-0,-0.0311094,0.999516
313.401,198.627,-3.45553e-18,-0,-0,-0.0728463,0.997343
313.5,198.613,0.0481046,-0,-0,-0.0716468,0.99743
313.599,198.599,0.0538289,-0,-0,-0.0685264,0.997649
313.698,198.585,0.00834571,-0,-0,-0.0669757,0.997755
313.716,198.583,0,-0,-0,-0.0322637,0.999479
313.816,198.576,-0.0854507,-0,-0,-0.0343985,0.999408
313.916,198.569,-0.130703,-0,-0,-0.0404267,0.999183
314.016,198.56,-0.10879,-0,-0,-0.0464076,0.998923
314.115,198.55,-0.0868498,-0,-0,-0.0512923,0.998684
314.214,198.54,-0.0649157,-0,-0,-0.0550811,0.998482
314.314,198.528,-0.0430023,-0,-0,-0.0577751,0.99833
314.413,198.517,-0.0211103,-0,-0,-0.0593755,0.998236
314.509,198.505,8.70849e-19,-0,-0,-0.0676255,0.997711
314.608,198.492,-0.014589,-0,-0,-0.0679894,0.997686
314.707,198.478,-0.0211456,-0,-0,-0.0690082,0.997616
314.806,198.464,-0.0136466,-0,-0,-0.0698759,0.997556
314.905,198.45,-0.00614773,-0,-0,-0.0703695,0.997521
314.986,198.438,-2.88281e-17,-0,-0,-0.0810619,0.996709
315.085,198.423,0.461891,-0,-0,-0.0695602,0.997578
315.185,198.412,0.515766,-0,-0,-0.039568,0.999217
315.284,198.406,0.0754801,-0,-0,-0.0248089,0.999692
315.302,198.405,-4.29988e-18,-0,-0,-0.036633,0.999329
315.401,198.398,0.024782,-0,-0,-0.0360138,0.999351
315.501,198.391,0.0271621,-0,-0,-0.0344165,0.999408
315.601,198.384,0.00375023,-0,-0,-0.0336441,0.999434
315.617,198.383,1.02847e-17,0,0,0.00300334,0.999995
315.717,198.383,-0.13631,-0,-0,-0.000403911,1
315.817,198.382,-0.194533,-0,-0,-0.00988854,0.999951
315.917,198.38,-0.124385,-0,-0,-0.0178601,0.99984
316.017,198.376,-0.0542985,-0,-0,-0.0223263,0.999751
316.094,198.372,1.00134e-18,-0,-0,-0.0227841,0.99974
316.194,198.367,-0.148052,-0,-0,-0.0264856,0.999649
316.294,198.361,-0.296955,-0,-0,-0.037604,0.999293
316.394,198.352,-0.446092,-0,-0,-0.0561533,0.998422
316.493,198.338,-0.214299,-0,-0,-0.0741364,0.997248
316.563,198.328,8.17066e-17,-0,-0,-0.0892906,0.996006
316.661,198.311,0.879429,-0,-0,-0.0674607,0.997722
316.761,198.303,0.982532,-0,-0,-0.0102367,0.999948
316.861,198.305,0.139722,0,0,0.0177198,0.999843
316.878,198.305,2.74805e-17,-0,-0,-0.0449215,0.998991
316.978,198.297,0.447728,-0,-0,-0.0337486,0.99943
317.077,198.293,0.49048,-0,-0,-0.00486842,0.999988
317.177,198.294,0.0661125,0,0,0.00903376,0.999959
317.193,198.294,4.11469e-17,-0,-0,-0.0314671,0.999505
317.293,198.287,-0.39865,-0,-0,-0.0414191,0.999142
317.392,198.277,-0.380856,-0,-0,-0.0655135,0.997852
317.491,198.262,-0.0287035,-0,-0,-0.0757205,0.997129
317.499,198.261,0,-0,-0,-0.0176969,0.999843
317.599,198.257,-0.0257183,-0,-0,-0.0183398,0.999832
317.699,198.254,-0.0514488,-0,-0,-0.0202688,0.999795
317.799,198.249,-0.0771957,-0,-0,-0.0234842,0.999724
317.899,198.244,-0.102948,-0,-0,-0.0279861,0.999608
317.999,198.238,-0.114583,-0,-0,-0.0337274,0.999431
318.098,198.231,-0.0329582,-0,-0,-0.0374133,0.9993
318.139,198.228,-1.42225e-17,-0,-0,-0.0768913,0.997039
318.238,198.213,0.114348,-0,-0,-0.0740397,0.997255
318.337,198.199,0.229159,-0,-0,-0.065473,0.997854
318.436,198.187,0.344223,-0,-0,-0.0511669,0.99869
318.536,198.178,0.233956,-0,-0,-0.0346998,0.999398
318.634,198.172,-1.39716e-17,-0,-0,-0.0258558,0.999666
318.734,198.166,-0.525009,-0,-0,-0.0389563,0.999241
318.833,198.155,-0.549153,-0,-0,-0.0724771,0.99737
318.931,198.139,-1.29064e-18,0,0,0.0195354,0.999809
319.032,198.142,-0.442344,0,0,0.00843911,0.999964
319.133,198.141,-0.90924,-0,-0,-0.0253137,0.99968
319.232,198.131,-1.38434,-0,-0,-0.0823617,0.996603
319.329,198.108,-0.706285,-0,-0,-0.138326,0.990387
319.409,198.084,-2.58664e-17,0,0,0.0232925,0.999729
319.509,198.086,-1.36008,-0,-0,-0.0104068,0.999946
319.608,198.076,-1.29687,-0,-0,-0.0925998,0.995703
319.706,198.053,-0.110927,-0,-0,-0.127331,0.99186
319.715,198.05,-5.47689e-17,-0,-0,-0.0449194,0.998991
319.815,198.042,0.447701,-0,-0,-0.0337471,0.99943
319.915,198.038,0.490455,-0,-0,-0.00486851,0.999988
320.015,198.039,0.0661109,0,0,0.00903301,0.999959
320.03,198.039,0,-0,-0,-0.00657885,0.999978
320.13,198.038,-0.0871008,-0,-0,-0.00875932,0.999962
320.23,198.035,-0.174663,-0,-0,-0.0153086,0.999883
320.33,198.031,-0.26285,-0,-0,-0.0262444,0.999656
320.43,198.025,-0.351222,-0,-0,-0.0415779,0.999135
320.53,198.014,-0.362401,-0,-0,-0.0608649,0.998146
320.629,198.001,-0.105994,-0,-0,-0.0725397,0.997366
320.67,197.995,0,-0,-0,-0.0294941,0.999565
320.77,197.989,-0.211503,-0,-0,-0.0347765,0.999395
320.869,197.98,-0.317026,-0,-0,-0.0496374,0.998767
320.968,197.969,-0.244064,-0,-0,-0.0636358,0.997973
321.067,197.955,-0.17098,-0,-0,-0.0739855,0.997259
321.166,197.94,-0.0981978,-0,-0,-0.0806972,0.996739
321.265,197.923,-0.0257328,-0,-0,-0.0837875,0.996484
321.3,197.917,5.39508e-17,-0,-0,-0.0897974,0.99596
321.399,197.901,0.905205,-0,-0,-0.0673309,0.997731
321.498,197.893,0.987737,-0,-0,-0.00869419,0.999962
321.599,197.895,0.0708227,0,0,0.0176618,0.999844
321.606,197.895,6.40019e-19,-0,-0,-0.0808299,0.996728
321.705,197.88,0.450194,-0,-0,-0.0696185,0.997574
321.805,197.869,0.491246,-0,-0,-0.0405175,0.999179
321.904,197.862,0.0372516,-0,-0,-0.027326,0.999627
321.913,197.862,9.43393e-19,-0,-0,-0.0257778,0.999668
322.013,197.856,-0.131928,-0,-0,-0.0290755,0.999577
322.112,197.85,-0.264423,-0,-0,-0.0389775,0.99924
322.212,197.84,-0.397014,-0,-0,-0.0554908,0.998459
322.311,197.828,-0.175136,-0,-0,-0.070381,0.99752
322.381,197.817,2.99343e-18,-0,-0,-0.0366323,0.999329
322.481,197.81,0.0247843,-0,-0,-0.0360131,0.999351
322.58,197.803,0.0271647,-0,-0,-0.0344156,0.999408
322.68,197.796,0.00375067,-0,-0,-0.0336432,0.999434
322.696,197.795,-5.46603e-17,-0,-0,-0.0257245,0.999669
322.796,197.789,-0.38305,-0,-0,-0.0352886,0.999377
322.896,197.78,-0.480237,-0,-0,-0.0613198,0.998118
322.995,197.766,-0.099207,-0,-0,-0.0757614,0.997126
323.02,197.762,-2.57607e-18,-0,-0,-0.0728446,0.997343
323.119,197.747,0.0480913,-0,-0,-0.0716455,0.99743
323.218,197.733,0.0538142,-0,-0,-0.068526,0.997649
323.318,197.72,0.00834353,-0,-0,-0.0669756,0.997755
323.336,197.718,0,-0,-0,-0.0354922,0.99937
323.435,197.711,0.0613628,-0,-0,-0.0339591,0.999423
323.535,197.704,0.091755,-0,-0,-0.0296493,0.99956
323.635,197.699,0.0704806,-0,-0,-0.0255951,0.999672
323.735,197.694,0.0492035,-0,-0,-0.0226039,0.999744
323.835,197.69,0.0279338,-0,-0,-0.0206759,0.999786
323.935,197.686,0.00667172,-0,-0,-0.0198108,0.999804
323.966,197.684,-1.36596e-17,0,0,0.00853591,0.999964
324.066,197.685,-0.389313,-0,-0,-0.00118879,0.999999
324.166,197.683,-0.48445,-0,-0,-0.0276118,0.999619
324.266,197.675,-0.095424,-0,-0,-0.0420889,0.999114
324.29,197.673,-4.07496e-17,0,0,0.0163664,0.999866
324.391,197.675,-0.840388,-0,-0,-0.00456628,0.99999
324.49,197.669,-0.919485,-0,-0,-0.0587241,0.998274
324.589,197.654,-0.130359,-0,-0,-0.0848203,0.996396
324.606,197.651,-4.09808e-19,-0,-0,-0.0336283,0.999434
324.705,197.644,-0.0234058,-0,-0,-0.0342131,0.999415
324.805,197.637,-0.0287446,-0,-0,-0.0357982,0.999359
324.905,197.63,-0.00396886,-0,-0,-0.0366155,0.999329
324.921,197.629,7.05198e-21,-0,-0,-0.0897957,0.99596
325.02,197.612,0.905194,-0,-0,-0.0673294,0.997731
325.119,197.605,0.987735,-0,-0,-0.00869318,0.999962
325.219,197.606,0.0708319,0,0,0.017663,0.999844
325.227,197.607,3.38797e-17,-0,-0,-0.0735365,0.997293
325.326,197.592,0.251186,-0,-0,-0.0672755,0.997734
325.425,197.581,0.364266,-0,-0,-0.0497158,0.998763
325.525,197.572,0.23362,-0,-0,-0.0347865,0.999395
325.625,197.566,0.103361,-0,-0,-0.0263658,0.999652
325.705,197.562,2.39857e-19,-0,-0,-0.0397572,0.999209
325.804,197.554,0.0195637,-0,-0,-0.0392685,0.999229
325.904,197.547,0.0391289,-0,-0,-0.0378023,0.999285
326.004,197.539,0.052752,-0,-0,-0.0353746,0.999374
326.103,197.532,0.0179483,-0,-0,-0.0336081,0.999435
326.155,197.529,8.2069e-17,0,0,0.0103686,0.999946
326.255,197.53,-0.599994,-0,-0,-0.00459135,0.999989
326.355,197.525,-0.720371,-0,-0,-0.0429041,0.999079
326.454,197.514,-0.451173,-0,-0,-0.0721097,0.997397
326.553,197.498,-0.186257,-0,-0,-0.0880007,0.99612
326.623,197.485,8.64801e-19,-0,-0,-0.0318905,0.999491
326.723,197.478,-0.0187729,-0,-0,-0.0323595,0.999476
326.823,197.472,-0.0265453,-0,-0,-0.0336884,0.999432
326.923,197.465,-0.00673411,-0,-0,-0.0345199,0.999404
326.956,197.462,0,-0,-0,-0.0520593,0.998644
327.056,197.452,0.0263326,-0,-0,-0.0514018,0.998678
327.155,197.442,0.0526773,-0,-0,-0.0494289,0.998778
327.255,197.432,0.0790382,-0,-0,-0.0461398,0.998935
327.355,197.424,0.105403,-0,-0,-0.0415335,0.999137
327.454,197.416,0.101412,-0,-0,-0.0358335,0.999358
327.554,197.409,0.0251299,-0,-0,-0.032672,0.999466
327.587,197.407,0,-0,-0,-0.0310675,0.999517
327.687,197.401,-0.139881,-0,-0,-0.0345616,0.999403
327.786,197.393,-0.216867,-0,-0,-0.0444575,0.999011
327.886,197.383,-0.188163,-0,-0,-0.0545657,0.99851
327.985,197.371,-0.159277,-0,-0,-0.0632322,0.997999
328.084,197.358,-0.130356,-0,-0,-0.0704552,0.997515
328.183,197.343,-0.101488,-0,-0,-0.0762367,0.99709
328.282,197.327,-0.0727118,-0,-0,-0.0805811,0.996748
328.381,197.311,-0.044029,-0,-0,-0.0834927,0.996508
328.479,197.294,-0.0154136,-0,-0,-0.0849754,0.996383
328.533,197.285,3.07932e-17,-0,-0,-0.0337472,0.99943
328.632,197.278,-0.122118,-0,-0,-0.0367979,0.999323
328.732,197.27,-0.160781,-0,-0,-0.0449805,0.998988
328.832,197.26,-0.103212,-0,-0,-0.0515723,0.998669
328.931,197.249,-0.0456819,-0,-0,-0.0552894,0.99847
329.01,197.241,5.30103e-18,0,0,0.00325783,0.999995
329.11,197.241,-0.23113,-0,-0,-0.00252669,0.999997
329.21,197.239,-0.465709,-0,-0,-0.0199441,0.999801
329.31,197.232,-0.701555,-0,-0,-0.0490812,0.998795
329.409,197.219,-0.36321,-0,-0,-0.0790784,0.996868
329.478,197.207,3.85803e-22,-0,-0,-0.0361439,0.999347
329.578,197.2,2.21986e-06,-0,-0,-0.0361438,0.999347
329.678,197.193,4.43972e-06,-0,-0,-0.0361436,0.999347
329.778,197.186,6.65958e-06,-0,-0,-0.0361434,0.999347
329.877,197.178,2.68842e-06,-0,-0,-0.0361431,0.999347
329.938,197.174,8.17456e-17,-0,-0,-0.124398,0.992232
330.035,197.151,0.869346,-0,-0,-0.102894,0.994692
330.134,197.136,1.02145,-0,-0,-0.0455043,0.998964
330.234,197.13,0.221278,-0,-0,-0.0145524,0.999894
330.262,197.13,-2.82749e-17,-0,-0,-0.0810631,0.996709
330.361,197.114,0.46192,-0,-0,-0.0695607,0.997578
330.46,197.103,0.515795,-0,-0,-0.0395667,0.999217
330.56,197.097,0.0754833,-0,-0,-0.0248068,0.999692
330.577,197.096,3.74125e-22,-0,-0,-0.0341413,0.999417
330.677,197.09,-2.15638e-05,-0,-0,-0.0341418,0.999417
330.777,197.083,-2.69557e-05,-0,-0,-0.0341433,0.999417
330.877,197.076,-5.39183e-06,-0,-0,-0.0341441,0.999417
330.901,197.074,4.26256e-22,-0,-0,-0.0718873,0.997413
331,197.06,-1.99777e-05,-0,-0,-0.0718878,0.997413
331.099,197.046,-2.18618e-05,-0,-0,-0.0718891,0.997413
331.198,197.031,-1.88399e-06,-0,-0,-0.0718897,0.997413
331.208,197.03,-1.36289e-17,-0,-0,-0.0761336,0.997098
331.307,197.015,0.368035,-0,-0,-0.066963,0.997755
331.406,197.004,0.459904,-0,-0,-0.0418969,0.999122
331.506,196.998,0.0671546,-0,-0,-0.0287384,0.999587
331.523,196.997,-1.45693e-17,-0,-0,-0.0258554,0.999666
331.623,196.991,-0.525001,-0,-0,-0.0389558,0.999241
331.722,196.979,-0.549144,-0,-0,-0.072476,0.99737
331.82,196.963,-8.60081e-19,-0,-0,-0.108586,0.994087
331.918,196.942,0.331447,-0,-0,-0.10035,0.994952
332.016,196.924,0.426546,-0,-0,-0.0776112,0.996984
332.115,196.91,0.0715793,-0,-0,-0.0651973,0.997872
332.135,196.908,-2.72422e-17,-0,-0,-0.0257251,0.999669
332.235,196.902,-0.383044,-0,-0,-0.035289,0.999377
332.335,196.893,-0.480225,-0,-0,-0.0613198,0.998118
332.434,196.879,-0.0992031,-0,-0,-0.075761,0.997126
332.46,196.875,-1.50018e-19,-0,-0,-0.0233778,0.999727
332.56,196.87,0.0700189,-0,-0,-0.0216276,0.999766
332.66,196.866,0.140128,-0,-0,-0.016375,0.999866
332.759,196.864,0.210263,-0,-0,-0.00761655,0.999971
332.859,196.863,0.105703,0,0,0.000955204,1
332.937,196.863,-1.71838e-18,-0,-0,-0.0366293,0.999329
333.037,196.856,0.0247655,-0,-0,-0.0360105,0.999351
333.137,196.849,0.0271445,-0,-0,-0.0344143,0.999408
333.236,196.842,0.00374812,-0,-0,-0.0336424,0.999434
333.252,196.841,-4.2722e-18,-0,-0,-0.0370393,0.999314
333.352,196.834,0.045621,-0,-0,-0.0358996,0.999355
333.452,196.827,0.051053,-0,-0,-0.0329468,0.999457
333.552,196.821,0.010212,-0,-0,-0.031416,0.999506
333.577,196.819,-2.71294e-17,0,0,0.0178017,0.999842
333.677,196.821,-0.914804,-0,-0,-0.00497173,0.999988
333.776,196.814,-0.977372,-0,-0,-0.0636549,0.997972
333.875,196.798,-0.070084,-0,-0,-0.0896592,0.995973
333.883,196.797,-1.43287e-17,-0,-0,-0.0244817,0.9997
333.983,196.791,-0.439678,-0,-0,-0.0354573,0.999371
334.082,196.781,-0.541838,-0,-0,-0.0652497,0.997869
334.181,196.766,-0.0792951,-0,-0,-0.0807207,0.996737
334.198,196.764,-3.02055e-20,-0,-0,-0.0354365,0.999372
334.298,196.757,0.0038628,-0,-0,-0.03534,0.999375
334.397,196.75,0.00772561,-0,-0,-0.0350505,0.999386
334.497,196.743,0.0115884,-0,-0,-0.0345679,0.999402
334.597,196.736,0.00589848,-0,-0,-0.0340928,0.999419
334.675,196.73,-1.44295e-19,-0,-0,-0.0808305,0.996728
334.774,196.715,0.450217,-0,-0,-0.0696186,0.997574
334.874,196.704,0.491269,-0,-0,-0.0405162,0.999179
334.973,196.698,0.0372535,-0,-0,-0.027324,0.999627
334.982,196.697,-1.37079e-17,0,0,0.00829516,0.999966
335.082,196.698,-0.424094,-0,-0,-0.00229732,0.999997
335.181,196.695,-0.462176,-0,-0,-0.0295865,0.999562
335.281,196.687,-0.0622417,-0,-0,-0.0426778,0.999089
335.297,196.686,1.08148e-19,-0,-0,-0.0757779,0.997125
335.396,196.671,0.352011,-0,-0,-0.0670058,0.997753
335.495,196.66,0.431319,-0,-0,-0.0431111,0.99907
335.595,196.653,0.0325055,-0,-0,-0.031532,0.999503
335.603,196.653,6.67975e-19,-0,-0,-0.033462,0.99944
335.703,196.646,-0.00773162,-0,-0,-0.0336552,0.999434
335.803,196.639,-0.0154634,-0,-0,-0.0342348,0.999414
335.902,196.632,-0.0231952,-0,-0,-0.0352007,0.99938
336.002,196.625,-0.0128527,-0,-0,-0.0362142,0.999344
336.08,196.619,-4.16305e-22,-0,-0,-0.0341429,0.999417
336.18,196.613,7.39882e-06,-0,-0,-0.0341427,0.999417
336.28,196.606,9.24881e-06,-0,-0,-0.0341422,0.999417
336.38,196.599,1.85e-06,-0,-0,-0.0341419,0.999417
336.405,196.597,1.33785e-17,-0,-0,-0.0176214,0.999845
336.505,196.593,-0.753584,-0,-0,-0.0363952,0.999337
336.604,196.58,-0.950417,-0,-0,-0.0876938,0.996147
336.702,196.559,-0.205477,-0,-0,-0.116361,0.993207
336.729,196.553,-2.28939e-18,-0,-0,-0.0227839,0.99974
336.829,196.548,-0.148051,-0,-0,-0.0264854,0.999649
336.929,196.542,-0.296952,-0,-0,-0.0376037,0.999293
337.028,196.533,-0.446088,-0,-0,-0.0561528,0.998422
337.127,196.519,-0.214295,-0,-0,-0.0741357,0.997248
337.197,196.509,1.26607e-18,-0,-0,-0.085872,0.996306
337.296,196.493,0.808655,-0,-0,-0.0657827,0.997834
337.396,196.485,0.992139,-0,-0,-0.0107424,0.999942
337.496,196.486,0.070484,0,0,0.0157199,0.999876
337.503,196.486,0,-0,-0,-0.0695414,0.997579
337.603,196.473,0.202669,-0,-0,-0.0644824,0.997919
337.702,196.461,0.407619,-0,-0,-0.0492527,0.998786
337.802,196.454,0.613348,-0,-0,-0.0237649,0.999718
337.902,196.452,0.332146,0,0,0.00190135,0.999998
337.99,196.453,8.14034e-17,-0,-0,-0.0892901,0.996006
338.089,196.437,0.879447,-0,-0,-0.0674598,0.997722
338.188,196.429,0.98255,-0,-0,-0.0102347,0.999948
338.288,196.43,0.139727,0,0,0.0177224,0.999843
338.305,196.431,-1.25145e-19,-0,-0,-0.0732787,0.997312
338.404,196.417,0.239603,-0,-0,-0.067306,0.997732
338.503,196.405,0.34315,-0,-0,-0.0505966,0.998719
338.603,196.396,0.207036,-0,-0,-0.0368584,0.99932
338.703,196.39,0.0713398,-0,-0,-0.0299029,0.999553
338.755,196.387,-2.62802e-17,-0,-0,-0.000226599,1
338.856,196.386,-0.191718,-0,-0,-0.0050232,0.999987
338.956,196.384,-0.385455,-0,-0,-0.0194499,0.999811
339.055,196.378,-0.580032,-0,-0,-0.0435578,0.999051
339.155,196.366,-0.336181,-0,-0,-0.0690615,0.997612
339.242,196.353,7.65813e-18,-0,-0,-0.0632084,0.998
339.341,196.34,-0.436554,-0,-0,-0.0740858,0.997252
339.439,196.322,-0.480414,-0,-0,-0.102283,0.994755
339.537,196.3,-0.0490443,-0,-0,-0.115429,0.993316
339.548,196.298,2.63914e-19,-0,-0,-0.0257251,0.999669
339.648,196.292,-0.383023,-0,-0,-0.0352885,0.999377
339.747,196.283,-0.4802,-0,-0,-0.0613179,0.998118
339.846,196.269,-0.0992002,-0,-0,-0.0757584,0.997126
339.872,196.265,-8.33132e-19,-0,-0,-0.0336267,0.999434
339.972,196.258,-0.023408,-0,-0,-0.0342116,0.999415
340.072,196.251,-0.0287474,-0,-0,-0.0357969,0.999359
340.172,196.244,-0.00396936,-0,-0,-0.0366142,0.999329
340.188,196.242,2.3523e-22,-0,-0,-0.0341418,0.999417
340.287,196.236,1.31296e-06,-0,-0,-0.0341418,0.999417
340.387,196.229,1.64126e-06,-0,-0,-0.0341417,0.999417
340.487,196.222,3.283e-07,-0,-0,-0.0341416,0.999417
340.512,196.22,-7.53331e-17,0,0,0.00829268,0.999966
340.612,196.221,-0.424072,-0,-0,-0.00229923,0.999997
340.712,196.218,-0.462143,-0,-0,-0.0295867,0.999562
340.811,196.21,-0.0622332,-0,-0,-0.042677,0.999089
340.827,196.209,-3.26468e-19,-0,-0,-0.0429185,0.999079
340.927,196.201,0.399517,-0,-0,-0.0329462,0.999457
341.027,196.197,0.490606,-0,-0,-0.00586522,0.999983
341.127,196.198,0.0660767,0,0,0.00803985,0.999968
341.142,196.198,-2.62749e-17,-0,-0,-0.124481,0.992222
341.24,196.175,0.87324,-0,-0,-0.102876,0.994694
341.338,196.16,0.984204,-0,-0,-0.045691,0.998956
341.438,196.154,0.0900418,-0,-0,-0.0189526,0.99982
341.448,196.154,-3.13343e-22,-0,-0,-0.0341427,0.999417
341.548,196.147,4.97106e-06,-0,-0,-0.0341426,0.999417
341.648,196.14,6.21401e-06,-0,-0,-0.0341423,0.999417
341.748,196.133,1.24295e-06,-0,-0,-0.0341421,0.999417
341.773,196.131,2.08837e-20,-0,-0,-0.033627,0.999434
341.873,196.125,-0.0234028,-0,-0,-0.0342117,0.999415
341.972,196.118,-0.028741,-0,-0,-0.0357966,0.999359
342.072,196.11,-0.00396849,-0,-0,-0.0366138,0.999329
342.088,196.109,-4.13157e-17,-0,-0,-0.0272492,0.999629
342.188,196.103,-0.453724,-0,-0,-0.0385744,0.999256
342.287,196.093,-0.487425,-0,-0,-0.0676935,0.997706
342.386,196.077,-0.0369585,-0,-0,-0.0807539,0.996734
342.394,196.076,-5.51809e-17,-0,-0,-0.0272486,0.999629
342.494,196.07,-0.45373,-0,-0,-0.0385739,0.999256
342.593,196.059,-0.487433,-0,-0,-0.0676935,0.997706
342.692,196.044,-0.0369598,-0,-0,-0.0807542,0.996734
342.7,196.043,-1.33624e-17,-0,-0,-0.0244822,0.9997
342.8,196.037,-0.439661,-0,-0,-0.0354574,0.999371
342.9,196.027,-0.541816,-0,-0,-0.0652486,0.997869
342.999,196.012,-0.0792921,-0,-0,-0.0807189,0.996737
343.016,196.009,0,-0,-0,-0.0318736,0.999492
343.115,196.003,-0.0114592,-0,-0,-0.0321599,0.999483
343.215,195.997,-0.02292,-0,-0,-0.033019,0.999455
343.315,195.99,-0.0343832,-0,-0,-0.0344507,0.999406
343.415,195.983,-0.0458486,-0,-0,-0.0364552,0.999335
343.515,195.975,-0.0547623,-0,-0,-0.0390244,0.999238
343.614,195.967,-0.0458048,-0,-0,-0.0415364,0.999137
343.714,195.959,-0.0368459,-0,-0,-0.0436007,0.999049
343.813,195.95,-0.027888,-0,-0,-0.0452175,0.998977
343.913,195.941,-0.0189319,-0,-0,-0.0463868,0.998924
344.013,195.931,-0.00997781,-0,-0,-0.0471088,0.99889
344.112,195.922,-0.00102487,-0,-0,-0.0473835,0.998877
344.124,195.921,2.3638e-17,0,0,0.0268425,0.99964
344.224,195.924,-1.23597,-0,-0,-0.0038016,0.999993
344.323,195.915,-1.53114,-0,-0,-0.0879119,0.996128
344.42,195.892,-0.235355,-0,-0,-0.131455,0.991322
344.439,195.887,-1.507e-19,-0,-0,-0.0808331,0.996728
344.538,195.872,0.450237,-0,-0,-0.0696206,0.997574
344.637,195.861,0.491281,-0,-0,-0.0405171,0.999179
344.737,195.855,0.0372467,-0,-0,-0.0273248,0.999627
344.745,195.854,-1.35399e-17,-0,-0,-0.0764059,0.997077
344.844,195.84,0.380376,-0,-0,-0.0669285,0.997758
344.943,195.829,0.483576,-0,-0,-0.0409449,0.999161
345.043,195.822,0.099897,-0,-0,-0.026377,0.999652
345.069,195.821,-4.8424e-17,-0,-0,-0.0284487,0.999595
345.169,195.815,-0.392372,-0,-0,-0.0382447,0.999268
345.269,195.804,-0.431404,-0,-0,-0.0635419,0.997979
345.368,195.79,-0.0629959,-0,-0,-0.0758634,0.997118
345.384,195.788,-2.42471e-18,0,0,0.000588861,1
345.485,195.787,-0.218441,-0,-0,-0.00487647,0.999988
345.585,195.785,-0.439624,-0,-0,-0.0213231,0.999773
345.684,195.778,-0.661548,-0,-0,-0.0488146,0.998808
345.784,195.765,-0.313649,-0,-0,-0.0752977,0.997161
345.853,195.754,2.65315e-17,0,0,0.018311,0.999832
345.953,195.757,-0.838637,-0,-0,-0.00257563,0.999997
346.053,195.751,-1.03023,-0,-0,-0.0594446,0.998232
346.151,195.735,-0.146492,-0,-0,-0.0886721,0.996061
346.168,195.732,9.52317e-21,-0,-0,-0.0347662,0.999395
346.268,195.725,-0.00416929,-0,-0,-0.0348704,0.999392
346.368,195.718,-0.00833861,-0,-0,-0.0351829,0.999381
346.467,195.711,-0.0125079,-0,-0,-0.0357037,0.999362
346.567,195.704,-0.00596815,-0,-0,-0.0362082,0.999344
346.636,195.699,-1.23219e-17,-0,-0,-0.0764065,0.997077
346.735,195.684,0.380383,-0,-0,-0.0669289,0.997758
346.835,195.673,0.483582,-0,-0,-0.040945,0.999161
346.935,195.667,0.0998974,-0,-0,-0.0263769,0.999652
346.961,195.666,2.77056e-17,-0,-0,-0.0284497,0.999595
347.061,195.659,-0.392361,-0,-0,-0.0382454,0.999268
347.16,195.649,-0.431389,-0,-0,-0.0635419,0.997979
347.259,195.635,-0.0629927,-0,-0,-0.0758629,0.997118
347.276,195.632,6.7572e-19,-0,-0,-0.0469175,0.998899
347.376,195.623,0.141789,-0,-0,-0.0433752,0.999059
347.475,195.615,0.284324,-0,-0,-0.032731,0.999464
347.575,195.611,0.427059,-0,-0,-0.0149572,0.999888
347.675,195.61,0.202652,0,0,0.00224343,0.999997
347.744,195.61,-1.63849e-16,0,0,0.0112347,0.999937
347.844,195.612,-0.513139,-0,-0,-0.00156675,0.999999
347.944,195.608,-0.740245,-0,-0,-0.0373889,0.999301
348.043,195.597,-0.481153,-0,-0,-0.0678422,0.997696
348.142,195.582,-0.22505,-0,-0,-0.0854464,0.996343
348.231,195.566,4.0337e-22,-0,-0,-0.071886,0.997413
348.33,195.551,3.75108e-06,-0,-0,-0.0718859,0.997413
348.429,195.537,4.95419e-06,-0,-0,-0.0718856,0.997413
348.528,195.523,3.07866e-06,-0,-0,-0.0718854,0.997413
348.627,195.508,1.20312e-06,-0,-0,-0.0718853,0.997413
348.69,195.499,0,-0,-0,-0.047714,0.998861
348.79,195.49,0.0115781,-0,-0,-0.0474248,0.998875
348.889,195.48,0.0231582,-0,-0,-0.0465573,0.998916
348.989,195.471,0.0347414,-0,-0,-0.0451113,0.998982
349.088,195.462,0.0463276,-0,-0,-0.0430865,0.999071
349.188,195.454,0.0579145,-0,-0,-0.0404828,0.99918
349.288,195.446,0.0694972,-0,-0,-0.0373,0.999304
349.387,195.439,0.0430394,-0,-0,-0.0341758,0.999416
349.483,195.433,0,-0,-0,-0.0379185,0.999281
349.582,195.425,-0.0503419,-0,-0,-0.0391766,0.999232
349.682,195.417,-0.100768,-0,-0,-0.0429521,0.999077
349.782,195.408,-0.151307,-0,-0,-0.0492473,0.998787
349.881,195.397,-0.201869,-0,-0,-0.0580623,0.998313
349.98,195.384,-0.191984,-0,-0,-0.068946,0.99762
350.079,195.37,-0.0385722,-0,-0,-0.0746936,0.997207
350.104,195.366,6.27389e-22,-0,-0,-0.0361444,0.999347
350.204,195.359,1.01352e-05,-0,-0,-0.0361442,0.999347
350.304,195.352,1.08481e-05,-0,-0,-0.0361435,0.999347
350.403,195.345,7.12965e-07,-0,-0,-0.0361433,0.999347
350.41,195.344,-5.47483e-17,-0,-0,-0.0257247,0.999669
350.51,195.338,-0.383019,-0,-0,-0.035288,0.999377
350.61,195.329,-0.480195,-0,-0,-0.0613171,0.998118
350.709,195.315,-0.0991995,-0,-0,-0.0757575,0.997126
350.735,195.311,2.5212e-17,-0,-0,-0.132562,0.991175
350.832,195.286,1.28033,-0,-0,-0.101048,0.994882
350.931,195.274,1.47836,-0,-0,-0.0165413,0.999863
351.031,195.276,0.227272,0,0,0.025769,0.999668
351.05,195.277,0,-0,-0,-0.036517,0.999333
351.15,195.27,0.0190857,-0,-0,-0.0360402,0.99935
351.249,195.263,0.026606,-0,-0,-0.0347439,0.999396
351.349,195.256,0.0208094,-0,-0,-0.0335592,0.999437
351.449,195.25,0.0150126,-0,-0,-0.0326642,0.999466
351.549,195.243,0.00921599,-0,-0,-0.0320588,0.999486
351.648,195.237,0.00341959,-0,-0,-0.0317431,0.999496
351.707,195.233,-1.44746e-20,-0,-0,-0.0337958,0.999429
351.807,195.226,-0.0157478,-0,-0,-0.0341893,0.999415
351.907,195.219,-0.0224652,-0,-0,-0.035285,0.999377
352.007,195.212,-0.0141303,-0,-0,-0.0361993,0.999345
352.106,195.205,-0.0057956,-0,-0,-0.0366972,0.999326
352.176,195.2,2.11274e-22,-0,-0,-0.0341417,0.999417
352.275,195.193,4.89119e-06,-0,-0,-0.0341416,0.999417
352.375,195.186,6.11419e-06,-0,-0,-0.0341412,0.999417
352.475,195.179,1.223e-06,-0,-0,-0.0341411,0.999417
352.5,195.178,-6.92349e-17,-0,-0,-0.081062,0.996709
352.599,195.162,0.461924,-0,-0,-0.0695595,0.997578
352.698,195.151,0.515799,-0,-0,-0.0395653,0.999217
352.798,195.145,0.0754843,-0,-0,-0.0248053,0.999692
352.815,195.144,-2.76786e-17,-0,-0,-0.0289643,0.99958
352.915,195.138,-0.542873,-0,-0,-0.0425094,0.999096
353.014,195.126,-0.485919,-0,-0,-0.0748619,0.997194
353.103,195.111,-6.91535e-19,-0,-0,-0.0810594,0.996709
353.202,195.096,0.461876,-0,-0,-0.0695581,0.997578
353.302,195.085,0.515749,-0,-0,-0.0395669,0.999217
353.401,195.079,0.0754757,-0,-0,-0.0248083,0.999692
353.419,195.078,-8.4092e-19,-0,-0,-0.1244,0.992232
353.516,195.054,0.869393,-0,-0,-0.102894,0.994692
353.615,195.04,1.0215,-0,-0,-0.0455014,0.998964
353.715,195.034,0.221291,-0,-0,-0.014548,0.999894
353.743,195.033,-1.28678e-17,-0,-0,-0.027326,0.999627
353.843,195.028,-0.133822,-0,-0,-0.0306708,0.99953
353.943,195.021,-0.268191,-0,-0,-0.0407134,0.999171
354.042,195.011,-0.395197,-0,-0,-0.0574553,0.998348
354.141,194.998,-0.150488,-0,-0,-0.0710635,0.997472
354.202,194.989,-1.72946e-17,-0,-0,-0.0334647,0.99944
354.302,194.982,-0.136491,-0,-0,-0.0368743,0.99932
354.402,194.974,-0.178868,-0,-0,-0.0460102,0.998941
354.501,194.964,-0.112693,-0,-0,-0.0532897,0.998579
354.6,194.953,-0.0465763,-0,-0,-0.0572654,0.998359
354.671,194.945,8.79454e-19,-0,-0,-0.0728409,0.997344
354.769,194.93,0.0480728,-0,-0,-0.0716423,0.99743
354.869,194.916,0.0537941,-0,-0,-0.0685239,0.997649
354.968,194.903,0.00834067,-0,-0,-0.0669742,0.997755
354.986,194.9,1.3874e-23,-0,-0,-0.0341408,0.999417
355.086,194.894,-4.73213e-06,-0,-0,-0.0341409,0.999417
355.185,194.887,-5.91537e-06,-0,-0,-0.0341412,0.999417
355.285,194.88,-1.18324e-06,-0,-0,-0.0341414,0.999417
355.31,194.878,6.83464e-17,-0,-0,-0.027247,0.999629
355.41,194.872,-0.453737,-0,-0,-0.0385725,0.999256
355.509,194.861,-0.487443,-0,-0,-0.0676926,0.997706
355.608,194.846,-0.036962,-0,-0,-0.0807536,0.996734
355.616,194.845,-2.68282e-17,-0,-0,-0.0687427,0.997634
355.716,194.831,0.198994,-0,-0,-0.0637747,0.997964
355.815,194.82,0.400199,-0,-0,-0.0488199,0.998808
355.915,194.813,0.602243,-0,-0,-0.0237928,0.999717
356.015,194.811,0.316638,0,0,0.00229689,0.999997
356.085,194.812,-1.1596e-22,-0,-0,-0.0679468,0.997689
356.184,194.798,4.03781e-06,-0,-0,-0.0679467,0.997689
356.283,194.784,5.13892e-06,-0,-0,-0.0679465,0.997689
356.382,194.771,1.10111e-06,-0,-0,-0.0679463,0.997689
356.409,194.767,-6.76289e-18,-0,-0,-0.0334655,0.99944
356.509,194.76,-0.136477,-0,-0,-0.0368748,0.99932
356.608,194.752,-0.17885,-0,-0,-0.0460098,0.998941
356.708,194.742,-0.112682,-0,-0,-0.0532886,0.998579
356.807,194.731,-0.0465718,-0,-0,-0.0572639,0.998359
356.877,194.723,2.05409e-18,-0,-0,-0.00754988,0.999971
356.978,194.719,-1.21957,-0,-0,-0.0377858,0.999286
357.076,194.704,-1.52806,-0,-0,-0.120857,0.99267
357.172,194.675,-0.266627,-0,-0,-0.164923,0.986307
357.192,194.667,-2.70687e-17,0,0,0.0178043,0.999841
357.293,194.669,-0.914825,-0,-0,-0.00496959,0.999988
357.392,194.663,-0.977401,-0,-0,-0.0636543,0.997972
357.491,194.647,-0.0700867,-0,-0,-0.0896594,0.995972
357.499,194.645,-4.05571e-17,-0,-0,-0.0766137,0.997061
357.598,194.631,0.389765,-0,-0,-0.066903,0.997759
357.697,194.62,0.503092,-0,-0,-0.0402075,0.999191
357.797,194.614,0.130329,-0,-0,-0.0243915,0.999702
357.832,194.612,1.11257e-17,-0,-0,-0.0812011,0.996698
357.931,194.596,0.134504,-0,-0,-0.0778481,0.996965
358.03,194.581,0.269655,-0,-0,-0.0677717,0.997701
358.129,194.569,0.405004,-0,-0,-0.0509399,0.998702
358.229,194.561,0.200766,-0,-0,-0.0342643,0.999413
358.3,194.556,4.40714e-19,-0,-0,-0.0860465,0.996291
358.399,194.54,0.552879,-0,-0,-0.0722878,0.997384
358.498,194.529,0.521435,-0,-0,-0.0387772,0.999248
358.598,194.523,1.37107e-17,-0,-0,-0.0310213,0.999519
358.697,194.517,-0.14192,-0,-0,-0.0345669,0.999402
358.797,194.509,-0.203434,-0,-0,-0.0444505,0.999012
358.897,194.499,-0.130578,-0,-0,-0.0527901,0.998606
358.996,194.488,-0.0577917,-0,-0,-0.0574923,0.998346
359.075,194.479,8.89784e-19,-0,-0,-0.0393945,0.999224
359.175,194.471,0.0575328,-0,-0,-0.0379573,0.999279
359.274,194.464,0.054773,-0,-0,-0.0344806,0.999405
359.374,194.457,0.00360109,-0,-0,-0.0330221,0.999455
359.381,194.457,2.13892e-18,-0,-0,-0.0157215,0.999876
359.481,194.452,-0.840812,-0,-0,-0.0366547,0.999328
359.58,194.439,-1.04317,-0,-0,-0.0937392,0.995597
359.678,194.417,-0.165678,-0,-0,-0.12367,0.992323
359.696,194.412,0,-0,-0,-0.0217624,0.999763
359.796,194.408,-0.0743707,-0,-0,-0.0236229,0.999721
359.896,194.403,-0.149014,-0,-0,-0.0292087,0.999573
359.996,194.396,-0.224018,-0,-0,-0.0385291,0.999257
360.096,194.387,-0.299095,-0,-0,-0.0515881,0.998668
360.195,194.375,-0.281635,-0,-0,-0.0676694,0.997708
360.294,194.361,-0.054871,-0,-0,-0.0760558,0.997104
360.318,194.357,2.80215e-17,-0,-0,-0.117645,0.993056
360.416,194.335,0.733155,-0,-0,-0.0994764,0.99504
360.514,194.32,0.926412,-0,-0,-0.0491903,0.998789
360.614,194.313,0.083692,-0,-0,-0.0240362,0.999711
360.624,194.312,0,-0,-0,-0.0761053,0.9971
360.723,194.297,0.0489761,-0,-0,-0.0748837,0.997192
360.822,194.283,0.0980436,-0,-0,-0.0712166,0.997461
360.921,194.269,0.147241,-0,-0,-0.0650983,0.997879
361.02,194.257,0.196501,-0,-0,-0.0565224,0.998401
361.12,194.247,0.245594,-0,-0,-0.0454868,0.998965
361.219,194.239,0.0920265,-0,-0,-0.0366134,0.99933
361.273,194.235,5.12218e-18,-0,-0,-0.0364624,0.999335
361.372,194.228,0.0163523,-0,-0,-0.0360539,0.99935
361.472,194.22,0.0215135,-0,-0,-0.0349582,0.999389
361.572,194.214,0.0137893,-0,-0,-0.0340761,0.999419
361.672,194.207,0.00606511,-0,-0,-0.0335801,0.999436
361.75,194.202,-1.10077e-22,-0,-0,-0.0341407,0.999417
361.85,194.195,-3.50182e-06,-0,-0,-0.0341407,0.999417
361.949,194.188,-4.37743e-06,-0,-0,-0.034141,0.999417
362.049,194.181,-8.75603e-07,-0,-0,-0.0341411,0.999417
362.074,194.179,9.96797e-19,0,0,0.00929399,0.999957
362.174,194.181,-0.423847,-0,-0,-0.00129198,0.999999
362.274,194.178,-0.518045,-0,-0,-0.0299715,0.999551
362.374,194.17,-0.0698282,-0,-0,-0.0446439,0.999003
362.389,194.168,4.18879e-22,-0,-0,-0.0361435,0.999347
362.489,194.161,6.30636e-06,-0,-0,-0.0361434,0.999347
362.589,194.154,8.21565e-06,-0,-0,-0.036143,0.999347
362.689,194.147,5.06248e-06,-0,-0,-0.0361426,0.999347
362.788,194.139,1.90931e-06,-0,-0,-0.0361425,0.999347
362.849,194.135,1.46069e-20,0,0,0.00854015,0.999964
362.949,194.136,-0.38933,-0,-0,-0.00118499,0.999999
363.049,194.133,-0.484478,-0,-0,-0.0276093,0.999619
363.148,194.126,-0.0954319,-0,-0,-0.0420874,0.999114
363.173,194.124,-1.57552e-18,-0,-0,-0.0334612,0.99944
363.273,194.117,-0.00772846,-0,-0,-0.0336543,0.999434
363.373,194.11,-0.015457,-0,-0,-0.0342336,0.999414
363.472,194.104,-0.0231857,-0,-0,-0.0351991,0.99938
363.572,194.096,-0.0128473,-0,-0,-0.0362122,0.999344
363.65,194.091,-6.82667e-17,-0,-0,-0.0810589,0.996709
363.749,194.075,0.461893,-0,-0,-0.0695572,0.997578
363.849,194.064,0.51577,-0,-0,-0.0395648,0.999217
363.948,194.058,0.0754827,-0,-0,-0.0248056,0.999692
363.966,194.057,-2.74171e-17,0,0,0.00903761,0.999959
364.066,194.058,-0.46209,-0,-0,-0.00250221,0.999997
364.166,194.055,-0.491589,-0,-0,-0.0320965,0.999485
364.265,194.047,-0.030483,-0,-0,-0.045125,0.998981
364.272,194.046,1.88442e-21,0,0,2.1948e-05,1
364.372,194.046,-1.33703e-05,0,0,2.16137e-05,1
364.472,194.046,-1.45519e-05,0,0,2.07538e-05,1
364.572,194.046,-1.92433e-06,0,0,2.03419e-05,1
364.587,194.046,8.13118e-17,0,0,0.0511505,0.998691
364.687,194.055,-0.77463,0,0,0.0318649,0.999492
364.787,194.057,-0.971667,-0,-0,-0.0209219,0.999781
364.886,194.049,-0.191971,-0,-0,-0.0499074,0.998754
364.911,194.046,1.08415e-16,0,0,0.0541342,0.998534
365.011,194.056,-0.919481,0,0,0.0312657,0.999511
365.111,194.056,-0.985348,-0,-0,-0.0278757,0.999611
365.211,194.047,-0.0639447,-0,-0,-0.0539778,0.998542
365.218,194.046,0,-0,-0,-0.0159354,0.999873
365.318,194.043,0.022819,-0,-0,-0.015365,0.999882
365.418,194.04,0.0456461,-0,-0,-0.0136534,0.999907
365.517,194.038,0.0684842,-0,-0,-0.0108004,0.999942
365.617,194.036,0.0913255,-0,-0,-0.00680544,0.999977
365.717,194.035,0.0938727,-0,-0,-0.00178293,0.999998
365.817,194.035,0.0266295,0,0,0.00122947,0.999999
365.857,194.035,1.28592e-18,-0,-0,-0.0364627,0.999335
365.957,194.028,0.0163517,-0,-0,-0.0360542,0.99935
366.057,194.021,0.0215127,-0,-0,-0.0349585,0.999389
366.156,194.014,0.0137887,-0,-0,-0.0340765,0.999419
366.256,194.007,0.00606484,-0,-0,-0.0335805,0.999436
366.334,194.002,-3.47132e-19,-0,-0,-0.0426741,0.999089
366.434,193.994,0.388414,-0,-0,-0.0329787,0.999456
366.534,193.99,0.485609,-0,-0,-0.00656971,0.999978
366.634,193.991,0.095655,0,0,0.00795096,0.999968
366.659,193.991,1.36893e-17,-0,-0,-0.00899627,0.99996
366.759,193.99,0.462103,0,0,0.00254386,0.999997
366.859,193.993,0.491598,0,0,0.0321388,0.999483
366.958,194.001,0.0304841,0,0,0.0451675,0.998979
366.965,194.002,0,0,0,0.0144838,0.999895
367.065,194.005,-0.0788894,0,0,0.0125093,0.999922
367.165,194.007,-0.158166,0,0,0.00657862,0.999978
367.265,194.007,-0.237999,-0,-0,-0.00332509,0.999994
367.365,194.005,-0.318105,-0,-0,-0.0172162,0.999852
367.465,194,-0.337197,-0,-0,-0.0346087,0.999401
367.564,193.992,-0.22537,-0,-0,-0.0486504,0.998816
367.664,193.981,-0.114169,-0,-0,-0.0571265,0.998367
367.763,193.969,-0.0036065,-0,-0,-0.0600673,0.998194
367.767,193.969,-6.786e-21,0,0,0.00929416,0.999957
367.867,193.97,-0.42385,-0,-0,-0.00129187,0.999999
367.966,193.967,-0.518047,-0,-0,-0.0299715,0.999551
368.066,193.959,-0.0698274,-0,-0,-0.044644,0.999003
368.082,193.958,-5.41075e-17,0,0,0.0645559,0.997914
368.182,193.968,-1.46468,0,0,0.0283619,0.999598
368.281,193.965,-1.53418,-0,-0,-0.0656464,0.997843
368.379,193.947,9.38042e-23,0,0,2.13752e-05,1
368.479,193.947,-3.10707e-06,0,0,2.12975e-05,1
368.579,193.947,-3.8604e-06,0,0,2.10868e-05,1
368.679,193.947,-7.53332e-07,0,0,2.09714e-05,1
368.703,193.947,0,-0,-0,-0.00657645,0.999978
368.803,193.945,-0.0871001,-0,-0,-0.00875691,0.999962
368.904,193.943,-0.174661,-0,-0,-0.0153061,0.999883
369.003,193.939,-0.262848,-0,-0,-0.0262419,0.999656
369.103,193.932,-0.351219,-0,-0,-0.0415752,0.999135
369.203,193.922,-0.362398,-0,-0,-0.060862,0.998146
369.302,193.908,-0.105993,-0,-0,-0.0725368,0.997366
369.343,193.902,-6.55131e-24,0,0,2.15053e-05,1
369.443,193.902,-1.92157e-07,0,0,2.15005e-05,1
369.543,193.902,-1.75836e-07,0,0,2.1489e-05,1
369.64,193.902,-1.34815e-16,-0,-0,-0.0888088,0.996049
369.739,193.886,0.855086,-0,-0,-0.0675804,0.997714
369.838,193.878,0.975301,-0,-0,-0.0117171,0.999931
369.938,193.879,0.197583,0,0,0.0175135,0.999847
369.964,193.88,-4.20808e-19,-0,-0,-0.0329114,0.999458
370.064,193.874,-0.00332908,-0,-0,-0.0329946,0.999456
370.164,193.867,-0.00665818,-0,-0,-0.0332441,0.999447
370.264,193.86,-0.00998728,-0,-0,-0.03366,0.999433
370.363,193.853,-0.00660225,-0,-0,-0.0341315,0.999417
370.46,193.847,0,-0,-0,-0.0197559,0.999805
370.559,193.843,-0.0212616,-0,-0,-0.0202874,0.999794
370.659,193.839,-0.0425295,-0,-0,-0.0218819,0.999761
370.759,193.834,-0.0638058,-0,-0,-0.0245395,0.999699
370.859,193.829,-0.0850839,-0,-0,-0.0282603,0.999601
370.959,193.823,-0.080628,-0,-0,-0.0328437,0.99946
371.059,193.816,-0.0192558,-0,-0,-0.0353393,0.999375
371.09,193.814,3.48667e-18,-0,-0,-0.0728409,0.997344
371.189,193.799,0.048075,-0,-0,-0.0716422,0.99743
371.288,193.785,0.0537962,-0,-0,-0.0685237,0.997649
371.387,193.772,0.00834076,-0,-0,-0.0669739,0.997755
371.405,193.769,-5.61086e-19,-0,-0,-0.124479,0.992222
371.503,193.746,0.873225,-0,-0,-0.102875,0.994694
371.601,193.731,0.984185,-0,-0,-0.0456905,0.998956
371.701,193.725,0.0900353,-0,-0,-0.0189527,0.99982
371.712,193.725,-3.03375e-19,0,0,0.0178039,0.999841
371.812,193.727,-0.9148,-0,-0,-0.00496941,0.999988
371.911,193.72,-0.97737,-0,-0,-0.0636524,0.997972
372.01,193.704,-0.0700863,-0,-0,-0.0896567,0.995973
372.018,193.703,-2.08815e-22,-0,-0,-0.0361424,0.999347
372.117,193.695,5.75894e-06,-0,-0,-0.0361423,0.999347
372.217,193.688,6.16408e-06,-0,-0,-0.0361419,0.999347
372.317,193.681,4.05147e-07,-0,-0,-0.0361417,0.999347
372.324,193.68,-1.85234e-18,-0,-0,-0.0728406,0.997344
372.423,193.666,0.048076,-0,-0,-0.0716418,0.99743
372.522,193.652,0.0537975,-0,-0,-0.0685233,0.99765
372.621,193.639,0.00834106,-0,-0,-0.0669734,0.997755
372.639,193.636,0,-0,-0,-0.0666222,0.997778
372.738,193.623,0.0458945,-0,-0,-0.0654769,0.997854
372.838,193.61,0.0918566,-0,-0,-0.0620393,0.998074
372.937,193.598,0.137911,-0,-0,-0.0563051,0.998414
373.036,193.588,0.183993,-0,-0,-0.0482699,0.998834
373.136,193.579,0.194567,-0,-0,-0.0381047,0.999274
373.236,193.572,0.0585304,-0,-0,-0.0317825,0.999495
373.279,193.57,2.57514e-19,-0,-0,-0.0244821,0.9997
373.379,193.564,-0.439666,-0,-0,-0.0354575,0.999371
373.478,193.554,-0.541814,-0,-0,-0.0652488,0.997869
373.577,193.539,-0.0792859,-0,-0,-0.080719,0.996737
373.594,193.536,0,-0,-0,-0.040204,0.999191
373.694,193.528,-0.0601885,-0,-0,-0.0417082,0.99913
373.793,193.519,-0.120503,-0,-0,-0.0462222,0.998931
373.893,193.509,-0.180971,-0,-0,-0.0537492,0.998554
373.992,193.498,-0.241422,-0,-0,-0.0642883,0.997931
374.091,193.484,-0.163931,-0,-0,-0.0758902,0.997116
374.179,193.47,4.29187e-20,-0,-0,-0.0232457,0.99973
374.279,193.464,-0.371859,-0,-0,-0.0325313,0.999471
374.379,193.456,-0.52733,-0,-0,-0.058869,0.998266
374.478,193.442,-0.136607,-0,-0,-0.0754176,0.997152
374.513,193.436,-1.25516e-21,-0,-0,-0.0341414,0.999417
374.612,193.43,2.17265e-05,-0,-0,-0.0341409,0.999417
374.712,193.423,2.7159e-05,-0,-0,-0.0341394,0.999417
374.812,193.416,5.43255e-06,-0,-0,-0.0341386,0.999417
374.837,193.414,6.77135e-17,-0,-0,-0.0810601,0.996709
374.936,193.399,0.46192,-0,-0,-0.0695577,0.997578
375.035,193.388,0.515797,-0,-0,-0.0395636,0.999217
375.135,193.382,0.0754861,-0,-0,-0.0248036,0.999692
375.152,193.381,5.30787e-18,-0,-0,-0.0728411,0.997344
375.251,193.367,0.0480976,-0,-0,-0.0716418,0.99743
375.35,193.353,0.0538216,-0,-0,-0.0685219,0.99765
375.449,193.339,0.00834503,-0,-0,-0.0669713,0.997755
375.467,193.337,2.73983e-17,-0,-0,-0.0750493,0.99718
375.566,193.322,0.159168,-0,-0,-0.0710815,0.997471
375.665,193.309,0.211175,-0,-0,-0.0603793,0.998176
375.765,193.298,0.133369,-0,-0,-0.0517801,0.998659
375.864,193.288,0.0556565,-0,-0,-0.0470602,0.998892
375.936,193.281,0,-0,-0,-0.0326004,0.999468
376.036,193.275,-0.0700879,-0,-0,-0.0343516,0.99941
376.135,193.267,-0.105006,-0,-0,-0.0392753,0.999228
376.235,193.259,-0.0812389,-0,-0,-0.0439272,0.999035
376.334,193.25,-0.0574664,-0,-0,-0.0473911,0.998876
376.434,193.24,-0.0337047,-0,-0,-0.0496678,0.998766
376.533,193.23,-0.00995464,-0,-0,-0.050758,0.998711
376.575,193.226,-1.7736e-19,-0,-0,-0.0669352,0.997757
376.674,193.212,-0.0454514,-0,-0,-0.0680689,0.997681
376.773,193.198,-0.0568932,-0,-0,-0.0711611,0.997465
376.872,193.184,-0.00882106,-0,-0,-0.0727996,0.997347
376.89,193.181,-6.16679e-17,-0,-0,-0.028449,0.999595
376.99,193.175,-0.392349,-0,-0,-0.0382445,0.999268
377.09,193.165,-0.431374,-0,-0,-0.0635401,0.997979
377.189,193.151,-0.0629898,-0,-0,-0.0758607,0.997118
377.206,193.148,-2.85283e-20,-0,-0,-0.0347658,0.999395
377.305,193.141,-0.00416694,-0,-0,-0.0348699,0.999392
377.405,193.134,-0.0083339,-0,-0,-0.0351822,0.999381
377.505,193.127,-0.0125009,-0,-0,-0.0357028,0.999362
377.605,193.12,-0.00596467,-0,-0,-0.036207,0.999344
377.674,193.115,-1.0133e-21,-0,-0,-0.0718841,0.997413
377.773,193.1,1.26316e-05,-0,-0,-0.0718838,0.997413
377.872,193.086,1.3823e-05,-0,-0,-0.0718829,0.997413
377.971,193.072,1.19149e-06,-0,-0,-0.0718826,0.997413
377.98,193.07,1.37091e-16,-0,-0,-0.124461,0.992225
378.078,193.047,0.872487,-0,-0,-0.102877,0.994694
378.176,193.032,1.00536,-0,-0,-0.0454983,0.998964
378.276,193.027,0.159676,-0,-0,-0.0164903,0.999864
378.296,193.026,1.40668e-17,-0,-0,-0.0258537,0.999666
378.395,193.02,-0.524986,-0,-0,-0.0389537,0.999241
378.495,193.009,-0.549126,-0,-0,-0.0724729,0.99737
378.593,192.993,8.60006e-21,-0,-0,-0.0655253,0.997851
378.692,192.98,-0.00648055,-0,-0,-0.065687,0.99784
378.791,192.967,-0.0129612,-0,-0,-0.066172,0.997808
378.89,192.953,-0.0194419,-0,-0,-0.0669803,0.997754
378.989,192.94,-0.0132919,-0,-0,-0.0679108,0.997691
379.088,192.926,1.40535e-17,-0,-0,-0.0666932,0.997774
379.187,192.912,-0.260932,-0,-0,-0.0731971,0.997317
379.286,192.896,-0.3474,-0,-0,-0.0907371,0.995875
379.384,192.877,-0.221566,-0,-0,-0.104889,0.994484
379.482,192.855,-0.0961297,-0,-0,-0.112785,0.993619
379.556,192.837,0,-0,-0,-0.0686484,0.997641
379.656,192.824,-0.00674378,-0,-0,-0.0688166,0.997629
379.755,192.81,-0.0134879,-0,-0,-0.0693212,0.997594
379.854,192.796,-0.0202327,-0,-0,-0.0701622,0.997536
379.953,192.782,-0.026978,-0,-0,-0.0713395,0.997452
380.052,192.768,-0.0337234,-0,-0,-0.072853,0.997343
380.15,192.753,-0.0404679,-0,-0,-0.0747027,0.997206
380.249,192.738,-0.021368,-0,-0,-0.0764232,0.997075
380.322,192.727,-3.91222e-19,-0,-0,-0.109362,0.994002
380.42,192.705,0.365879,-0,-0,-0.100272,0.99496
380.518,192.688,0.478356,-0,-0,-0.0751012,0.997176
380.617,192.675,0.10762,-0,-0,-0.0604954,0.998168
380.646,192.671,0,-0,-0,-0.0659923,0.99782
380.746,192.658,0.0426232,-0,-0,-0.0649287,0.99789
380.845,192.645,0.0853,-0,-0,-0.0617363,0.998092
380.944,192.633,0.128049,-0,-0,-0.0564118,0.998408
381.043,192.623,0.17082,-0,-0,-0.0489516,0.998801
381.143,192.614,0.179206,-0,-0,-0.0395212,0.999219
381.243,192.607,0.045531,-0,-0,-0.0339076,0.999425
381.277,192.605,-1.18753e-18,-0,-0,-0.0336251,0.999435
381.377,192.598,-0.0233925,-0,-0,-0.0342096,0.999415
381.476,192.591,-0.0287284,-0,-0,-0.0357938,0.999359
381.576,192.584,-0.00396682,-0,-0,-0.0366106,0.99933
381.592,192.582,-4.30159e-20,-0,-0,-0.0360077,0.999352
381.692,192.575,0.0107688,-0,-0,-0.0357387,0.999361
381.792,192.568,0.0215378,-0,-0,-0.0349315,0.99939
381.891,192.561,0.032307,-0,-0,-0.0335862,0.999436
381.991,192.555,0.0173658,-0,-0,-0.0322421,0.99948
382.078,192.549,0,-0,-0,-0.0362075,0.999344
382.178,192.542,0.001817,-0,-0,-0.0361621,0.999346
382.278,192.535,0.003634,-0,-0,-0.0360259,0.999351
382.378,192.527,0.00545102,-0,-0,-0.0357989,0.999359
382.477,192.52,0.00726804,-0,-0,-0.0354812,0.99937
382.577,192.513,0.00908507,-0,-0,-0.0350726,0.999385
382.677,192.506,0.0109021,-0,-0,-0.0345732,0.999402
382.777,192.499,0.00596028,-0,-0,-0.034113,0.999418
382.862,192.494,-1.36961e-17,0,0,0.00854232,0.999964
382.962,192.495,-0.389355,-0,-0,-0.00118343,0.999999
383.062,192.492,-0.48451,-0,-0,-0.0276095,0.999619
383.162,192.485,-0.0954363,-0,-0,-0.0420884,0.999114
383.186,192.483,-4.11247e-17,-0,-0,-0.0449175,0.998991
383.286,192.474,0.44773,-0,-0,-0.0337445,0.99943
383.386,192.47,0.490484,-0,-0,-0.00486411,0.999988
383.486,192.471,0.0661158,0,0,0.00903825,0.999959
383.501,192.471,-2.55096e-17,-0,-0,-0.0705285,0.99751
383.601,192.458,0.214469,-0,-0,-0.065175,0.997874
383.7,192.446,0.431515,-0,-0,-0.0490547,0.998796
383.8,192.439,0.649225,-0,-0,-0.022072,0.999756
383.9,192.437,0.289317,0,0,0.00380069,0.999993
383.961,192.438,-1.14784e-19,-0,-0,-0.0334624,0.99944
384.061,192.431,-0.136486,-0,-0,-0.0368719,0.99932
384.16,192.423,-0.178863,-0,-0,-0.0460075,0.998941
384.26,192.413,-0.11269,-0,-0,-0.0532868,0.998579
384.359,192.402,-0.0465756,-0,-0,-0.0572624,0.998359
384.429,192.394,-6.83929e-17,0,0,0.00854187,0.999964
384.529,192.395,-0.389325,-0,-0,-0.00118314,0.999999
384.629,192.392,-0.484475,-0,-0,-0.0276072,0.999619
384.729,192.385,-0.0954339,-0,-0,-0.0420852,0.999114
384.753,192.383,1.08821e-16,0,0,0.0178047,0.999841
384.854,192.385,-0.91482,-0,-0,-0.00496911,0.999988
384.953,192.378,-0.977387,-0,-0,-0.0636533,0.997972
385.052,192.362,-0.0700805,-0,-0,-0.0896579,0.995973
385.06,192.361,2.30106e-19,-0,-0,-0.0764061,0.997077
385.159,192.346,0.380398,-0,-0,-0.0669281,0.997758
385.258,192.335,0.483597,-0,-0,-0.0409431,0.999161
385.358,192.329,0.0998982,-0,-0,-0.0263746,0.999652
385.384,192.327,-8.43572e-22,-0,-0,-0.0341397,0.999417
385.484,192.32,-4.53505e-06,-0,-0,-0.0341398,0.999417
385.583,192.314,-9.0701e-06,-0,-0,-0.0341401,0.999417
385.683,192.307,-1.36052e-05,-0,-0,-0.0341407,0.999417
385.783,192.3,-7.93681e-06,-0,-0,-0.0341413,0.999417
385.87,192.294,-1.52398e-18,-0,-0,-0.0227797,0.999741
385.97,192.289,-0.14805,-0,-0,-0.0264812,0.999649
386.07,192.283,-0.296951,-0,-0,-0.0375995,0.999293
386.17,192.274,-0.446086,-0,-0,-0.0561485,0.998422
386.269,192.26,-0.2143,-0,-0,-0.0741315,0.997248
386.339,192.25,-1.91079e-16,0,0,0.0151047,0.999886
386.439,192.251,-0.774891,-0,-0,-0.00420551,0.999991
386.538,192.246,-0.865659,-0,-0,-0.0543472,0.998522
386.637,192.232,-0.174946,-0,-0,-0.0802391,0.996776
386.663,192.227,2.75904e-17,-0,-0,-0.027246,0.999629
386.763,192.221,-0.45372,-0,-0,-0.0385711,0.999256
386.862,192.211,-0.487424,-0,-0,-0.0676901,0.997706
386.961,192.196,-0.0369616,-0,-0,-0.0807506,0.996734
386.969,192.194,2.73339e-17,0,0,0.0163684,0.999866
387.069,192.196,-0.840366,-0,-0,-0.00456369,0.99999
387.169,192.19,-0.919456,-0,-0,-0.0587199,0.998274
387.268,192.175,-0.130356,-0,-0,-0.0848154,0.996397
387.284,192.172,0,0,0,0.00396996,0.999992
387.384,192.172,-0.20226,-0,-0,-0.0010844,0.999999
387.484,192.171,-0.280853,-0,-0,-0.0148064,0.99989
387.584,192.167,-0.218246,-0,-0,-0.0272763,0.999628
387.684,192.16,-0.155555,-0,-0,-0.0366152,0.999329
387.784,192.152,-0.0930751,-0,-0,-0.042828,0.999082
387.883,192.143,-0.0308302,-0,-0,-0.0459248,0.998945
387.933,192.139,2.72507e-17,0,0,0.0178055,0.999841
388.033,192.141,-0.914817,-0,-0,-0.00496824,0.999988
388.133,192.134,-0.977391,-0,-0,-0.0636524,0.997972
388.231,192.118,-0.0700856,-0,-0,-0.0896572,0.995973
388.239,192.117,4.44196e-19,0,0,0.0366138,0.999329
388.34,192.121,-1.91427,-0,-0,-0.0103751,0.999946
388.438,192.107,-2.02752,-0,-0,-0.133397,0.991063
388.533,192.074,-0.0722871,-0,-0,-0.184283,0.982873
388.536,192.072,1.41449e-17,-0,-0,-0.027243,0.999629
388.636,192.066,-0.453734,-0,-0,-0.0385684,0.999256
388.736,192.055,-0.48745,-0,-0,-0.0676886,0.997706
388.834,192.04,-0.0369705,-0,-0,-0.0807499,0.996734
388.843,192.039,1.61465e-18,-0,-0,-0.0334577,0.99944
388.942,192.032,-0.00773273,-0,-0,-0.0336509,0.999434
389.042,192.025,-0.0154656,-0,-0,-0.0342305,0.999414
389.142,192.019,-0.0231985,-0,-0,-0.0351965,0.99938
389.242,192.011,-0.0128549,-0,-0,-0.0362102,0.999344
389.32,192.006,2.74039e-17,-0,-0,-0.0272466,0.999629
389.42,191.999,-0.453724,-0,-0,-0.0385718,0.999256
389.519,191.989,-0.487424,-0,-0,-0.0676909,0.997706
389.618,191.974,-0.0369583,-0,-0,-0.0807513,0.996734
389.626,191.972,2.68251e-20,-0,-0,-0.0313166,0.99951
389.726,191.966,-0.128379,-0,-0,-0.0345239,0.999404
389.826,191.958,-0.184691,-0,-0,-0.0434708,0.999055
389.925,191.949,-0.120611,-0,-0,-0.0510942,0.998694
390.025,191.938,-0.0565771,-0,-0,-0.0555176,0.998458
390.113,191.928,-5.5245e-17,-0,-0,-0.0648331,0.997896
390.212,191.915,-0.354589,-0,-0,-0.0736707,0.997283
390.31,191.898,-0.398644,-0,-0,-0.096672,0.995316
390.408,191.877,-0.066902,-0,-0,-0.108243,0.994124
390.428,191.873,0,-0,-0,-0.0736015,0.997288
390.527,191.858,0.0626003,-0,-0,-0.0720367,0.997402
390.626,191.844,0.125509,-0,-0,-0.0673359,0.99773
390.726,191.831,0.188927,-0,-0,-0.0594822,0.998229
390.825,191.82,0.252831,-0,-0,-0.0484541,0.998825
390.925,191.812,0.316854,-0,-0,-0.0342361,0.999414
391.024,191.807,0.380166,-0,-0,-0.0168343,0.999858
391.124,191.805,0.227666,0,0,0.000170302,1
391.211,191.806,-2.20608e-20,-0,-0,-0.0707429,0.997495
391.31,191.792,-0.0572017,-0,-0,-0.0721693,0.997392
391.409,191.777,-0.0610157,-0,-0,-0.0758449,0.99712
391.508,191.762,-0.000318615,-0,-0,-0.0773738,0.997002
391.509,191.762,6.13756e-17,-0,-0,-0.0284471,0.999595
391.608,191.755,-0.392356,-0,-0,-0.0382427,0.999268
391.708,191.745,-0.431384,-0,-0,-0.0635389,0.997979
391.807,191.731,-0.0629932,-0,-0,-0.0758598,0.997118
391.824,191.728,-5.58852e-17,-0,-0,-0.117791,0.993038
391.921,191.706,0.739737,-0,-0,-0.0994631,0.995041
392.02,191.691,0.968184,-0,-0,-0.0484254,0.998827
392.12,191.685,0.20931,-0,-0,-0.0190878,0.999818
392.148,191.684,-7.90641e-19,-0,-0,-0.0334604,0.99944
392.248,191.677,-0.00771981,-0,-0,-0.0336533,0.999434
392.348,191.671,-0.0154397,-0,-0,-0.034232,0.999414
392.447,191.664,-0.0231597,-0,-0,-0.0351964,0.99938
392.547,191.656,-0.012833,-0,-0,-0.0362084,0.999344
392.625,191.651,0,-0,-0,-0.0188935,0.999822
392.726,191.647,-0.0830445,-0,-0,-0.0209717,0.99978
392.826,191.642,-0.166482,-0,-0,-0.0272129,0.99963
392.925,191.636,-0.250447,-0,-0,-0.037631,0.999292
393.025,191.627,-0.334554,-0,-0,-0.0522335,0.998635
393.124,191.615,-0.340832,-0,-0,-0.0705849,0.997506
393.223,191.599,-0.0665326,-0,-0,-0.080732,0.996736
393.247,191.595,-1.40843e-17,-0,-0,-0.0750493,0.99718
393.346,191.581,0.159172,-0,-0,-0.0710814,0.997471
393.445,191.567,0.211179,-0,-0,-0.0603789,0.998176
393.544,191.556,0.133371,-0,-0,-0.0517796,0.998659
393.644,191.546,0.0556571,-0,-0,-0.0470596,0.998892
393.715,191.54,4.13392e-17,-0,-0,-0.0284453,0.999595
393.815,191.534,-0.392377,-0,-0,-0.0382414,0.999269
393.915,191.523,-0.431412,-0,-0,-0.0635391,0.997979
394.014,191.509,-0.0629982,-0,-0,-0.0758608,0.997118
394.031,191.507,-2.27872e-19,-0,-0,-0.066716,0.997772
394.13,191.493,0.0929521,-0,-0,-0.0643973,0.997924
394.229,191.481,0.146937,-0,-0,-0.0577052,0.998334
394.328,191.47,0.0976915,-0,-0,-0.051599,0.998668
394.428,191.46,0.0484626,-0,-0,-0.0479497,0.99885
394.526,191.451,2.39947e-17,-0,-0,-0.0845528,0.996419
394.625,191.435,0.159064,-0,-0,-0.0805883,0.996747
394.724,191.419,0.31916,-0,-0,-0.0686678,0.99764
394.823,191.408,0.479497,-0,-0,-0.0487439,0.998811
394.922,191.4,0.232705,-0,-0,-0.0300076,0.99955
395.003,191.396,-5.42345e-17,-0,-0,-0.0531073,0.998589
395.103,191.386,0.868681,-0,-0,-0.0314943,0.999504
395.203,191.386,0.953681,0,0,0.0246382,0.999696
395.303,191.394,0.130017,0,0,0.0516188,0.998667
395.318,191.396,-1.39376e-17,-0,-0,-0.0474183,0.998875
395.418,191.387,0.520014,-0,-0,-0.0344457,0.999407
395.518,191.383,0.4944,-0,-0,-0.00300537,0.999995
395.618,191.384,0.0307649,0,0,0.0101094,0.999949
395.625,191.385,2.23183e-22,-0,-0,-0.0361398,0.999347
395.724,191.377,-1.2735e-05,-0,-0,-0.0361401,0.999347
395.824,191.37,-1.3631e-05,-0,-0,-0.0361409,0.999347
395.924,191.363,-8.9596e-07,-0,-0,-0.0361413,0.999347
395.931,191.362,-4.29391e-22,-0,-0,-0.0341379,0.999417
396.031,191.356,-1.90278e-05,-0,-0,-0.0341384,0.999417
396.13,191.349,-2.37856e-05,-0,-0,-0.0341397,0.999417
396.23,191.342,-4.75773e-06,-0,-0,-0.0341404,0.999417
396.255,191.34,0,-0,-0,-0.00486636,0.999988
396.355,191.339,-0.0959881,-0,-0,-0.00727003,0.999974
396.456,191.337,-0.192589,-0,-0,-0.0144915,0.999895
396.556,191.333,-0.290018,-0,-0,-0.0265547,0.999647
396.655,191.326,-0.387678,-0,-0,-0.0434743,0.999055
396.755,191.315,-0.396263,-0,-0,-0.0647346,0.997903
396.853,191.301,-0.097069,-0,-0,-0.0770249,0.997029
396.886,191.296,1.68591e-18,-0,-0,-0.0707447,0.997494
396.985,191.282,-0.0571775,-0,-0,-0.0721705,0.997392
397.084,191.267,-0.0609892,-0,-0,-0.0758445,0.99712
397.182,191.252,-0.000318118,-0,-0,-0.0773727,0.997002
397.183,191.252,4.10682e-17,0,0,0.00788048,0.999969
397.283,191.252,-0.358994,-0,-0,-0.00108783,0.999999
397.383,191.25,-0.453845,-0,-0,-0.0255196,0.999674
397.483,191.243,-0.113852,-0,-0,-0.0396961,0.999212
397.516,191.24,-4.52929e-19,-0,-0,-0.0318884,0.999491
397.616,191.234,-0.0187722,-0,-0,-0.0323575,0.999476
397.716,191.227,-0.0265439,-0,-0,-0.0336862,0.999432
397.816,191.221,-0.00673349,-0,-0,-0.0345177,0.999404
397.849,191.218,7.61025e-18,-0,-0,-0.0761289,0.997098
397.948,191.204,0.368038,-0,-0,-0.0669582,0.997756
398.048,191.193,0.459913,-0,-0,-0.0418918,0.999122
398.148,191.186,0.0671608,-0,-0,-0.0287329,0.999587
398.165,191.185,-4.06255e-17,-0,-0,-0.0187194,0.999825
398.265,191.18,-0.891554,-0,-0,-0.0409084,0.999163
398.363,191.166,-0.963974,-0,-0,-0.0982098,0.995166
398.461,191.143,-0.0881998,-0,-0,-0.124252,0.992251
398.471,191.141,-1.76952e-16,0,0,0.048168,0.998839
398.571,191.149,-0.612614,0,0,0.0329079,0.999458
398.67,191.152,-0.802972,-0,-0,-0.00817954,0.999967
398.77,191.147,-0.490142,-0,-0,-0.0404529,0.999181
398.87,191.137,-0.183035,-0,-0,-0.0572662,0.998359
398.93,191.13,-1.30876e-17,-0,-0,-0.0451722,0.998979
399.03,191.121,0.460851,-0,-0,-0.0336721,0.999433
399.13,191.117,0.492855,-0,-0,-0.00408457,0.999992
399.23,191.118,0.0305608,0,0,0.00898716,0.99996
399.236,191.118,6.82594e-17,-0,-0,-0.044915,0.998991
399.336,191.11,0.447699,-0,-0,-0.0337428,0.999431
399.436,191.106,0.490453,-0,-0,-0.00486432,0.999988
399.536,191.107,0.0661104,0,0,0.00903714,0.999959
399.552,191.107,-1.2569e-19,-0,-0,-0.0735926,0.997288
399.651,191.093,0.253867,-0,-0,-0.0672649,0.997735
399.75,191.081,0.369513,-0,-0,-0.0495051,0.998774
399.85,191.073,0.241088,-0,-0,-0.0342583,0.999413
399.949,191.067,0.113029,-0,-0,-0.0254092,0.999677
400.038,191.063,-4.10984e-17,-0,-0,-0.0810571,0.996709
400.137,191.048,0.461886,-0,-0,-0.0695556,0.997578
400.236,191.037,0.51576,-0,-0,-0.0395637,0.999217
400.336,191.031,0.0754787,-0,-0,-0.0248048,0.999692
400.353,191.03,0,-0,-0,-0.0736561,0.997284
400.452,191.015,0.256785,-0,-0,-0.0672567,0.997736
400.552,191.004,0.388649,-0,-0,-0.0491549,0.998791
400.651,190.996,0.298469,-0,-0,-0.0320025,0.999488
400.751,190.991,0.20807,-0,-0,-0.0193466,0.999813
400.851,190.988,0.118228,-0,-0,-0.0111856,0.999937
400.951,190.986,0.0289628,-0,-0,-0.00750153,0.999972
400.984,190.985,9.97436e-17,-0,-0,-0.147713,0.98903
401.081,190.959,2.06944,-0,-0,-0.0975241,0.995233
401.18,190.953,2.42088,0,0,0.04054,0.999178
401.279,190.97,0.378032,0,0,0.108904,0.994052
401.299,190.974,8.11306e-17,-0,-0,-0.0888059,0.996049
401.398,190.958,0.855068,-0,-0,-0.0675779,0.997714
401.497,190.95,0.975286,-0,-0,-0.0117156,0.999931
401.597,190.951,0.197582,0,0,0.0175146,0.999847
401.623,190.952,-6.66962e-19,-0,-0,-0.0244779,0.9997
401.723,190.946,-0.439684,-0,-0,-0.0354537,0.999371
401.823,190.937,-0.541846,-0,-0,-0.0652464,0.997869
401.922,190.922,-0.0792956,-0,-0,-0.0807176,0.996737
401.939,190.919,-1.04928e-19,-0,-0,-0.0330137,0.999455
402.038,190.912,-0.0511735,-0,-0,-0.0342923,0.999412
402.138,190.905,-0.0615841,-0,-0,-0.037746,0.999287
402.238,190.897,-0.00404865,-0,-0,-0.0393855,0.999224
402.245,190.897,-1.43256e-17,-0,-0,-0.0244796,0.9997
402.345,190.891,-0.439666,-0,-0,-0.0354549,0.999371
402.444,190.881,-0.541818,-0,-0,-0.0652464,0.997869
402.543,190.866,-0.0792896,-0,-0,-0.0807167,0.996737
402.56,190.863,-2.03227e-17,-0,-0,-0.077911,0.99696
402.659,190.848,0.303232,-0,-0,-0.0703563,0.997522
402.758,190.836,0.402576,-0,-0,-0.0499524,0.998752
402.858,190.828,0.253292,-0,-0,-0.0335759,0.999436
402.958,190.822,0.104663,-0,-0,-0.0246303,0.999697
403.028,190.819,-6.73e-18,-0,-0,-0.0761282,0.997098
403.127,190.804,0.368027,-0,-0,-0.0669578,0.997756
403.227,190.793,0.459898,-0,-0,-0.0418922,0.999122
403.326,190.787,0.0671574,-0,-0,-0.0287337,0.999587
403.344,190.786,7.99731e-17,0,0,0.0537037,0.998557
403.444,190.795,-0.875755,0,0,0.0319623,0.999489
403.543,190.796,-1.39461,-0,-0,-0.031576,0.999501
403.642,190.783,-0.882251,-0,-0,-0.088156,0.996107
403.74,190.762,-0.387951,-0,-0,-0.119726,0.992807
403.821,190.741,6.86948e-17,-0,-0,-0.0808649,0.996725
403.92,190.726,0.452386,-0,-0,-0.0696045,0.997575
404.019,190.715,0.598536,-0,-0,-0.0391655,0.999233
404.119,190.71,0.367432,-0,-0,-0.0150438,0.999887
404.219,190.708,0.138657,-0,-0,-0.00239046,0.999997
404.28,190.708,2.11548e-20,-0,-0,-0.0897911,0.995961
404.379,190.692,0.905182,-0,-0,-0.0673251,0.997731
404.479,190.684,0.987723,-0,-0,-0.00868963,0.999962
404.579,190.686,0.0708285,0,0,0.0176661,0.999844
404.587,190.686,-1.36743e-17,-0,-0,-0.0369839,0.999316
404.686,190.679,0.129378,-0,-0,-0.033752,0.99943
404.786,190.673,0.186015,-0,-0,-0.0247336,0.999694
404.886,190.669,0.121134,-0,-0,-0.0170571,0.999855
404.986,190.666,0.0563027,-0,-0,-0.0126217,0.99992
405.073,190.664,2.74238e-17,-0,-0,-0.0242663,0.999706
405.173,190.659,-0.151043,-0,-0,-0.0280422,0.999607
405.273,190.652,-0.302925,-0,-0,-0.0393834,0.999224
405.372,190.642,-0.454923,-0,-0,-0.0583013,0.998299
405.471,190.629,-0.18536,-0,-0,-0.0750016,0.997183
405.532,190.619,1.28125e-17,-0,-0,-0.0764046,0.997077
405.631,190.605,0.380397,-0,-0,-0.0669267,0.997758
405.731,190.594,0.483596,-0,-0,-0.0409419,0.999162
405.83,190.587,0.0998985,-0,-0,-0.0263734,0.999652
405.857,190.586,1.30867e-23,0,0,2.34623e-05,1
405.957,190.586,-2.65813e-07,0,0,2.34556e-05,1
406.057,190.586,-2.95498e-07,0,0,2.34385e-05,1
406.157,190.586,-5.7665e-08,0,0,2.34297e-05,1
406.181,190.586,1.33246e-17,-0,-0,-0.0229972,0.999736
406.281,190.582,0.0674581,-0,-0,-0.021311,0.999773
406.381,190.578,0.135,-0,-0,-0.0162505,0.999868
406.481,190.575,0.202572,-0,-0,-0.00781243,0.999969
406.581,190.575,0.104147,0,0,0.000867934,1
406.649,190.575,0,0,0,0.00890894,0.99996
406.749,190.577,-0.101323,0,0,0.00637526,0.99998
406.849,190.577,-0.203018,-0,-0,-0.00123285,0.999999
406.949,190.576,-0.304989,-0,-0,-0.0139277,0.999903
407.049,190.572,-0.250453,-0,-0,-0.0287504,0.999587
407.149,190.565,-0.145932,-0,-0,-0.038652,0.999253
407.248,190.556,-0.041837,-0,-0,-0.043343,0.99906
407.289,190.553,-5.48353e-17,0,0,0.0163689,0.999866
407.389,190.555,-0.840375,-0,-0,-0.00456346,0.99999
407.488,190.549,-0.919457,-0,-0,-0.0587201,0.998274
407.587,190.534,-0.130349,-0,-0,-0.0848154,0.996397
407.604,190.531,-6.16038e-17,0,0,0.00829883,0.999966
407.704,190.532,-0.424075,-0,-0,-0.00229316,0.999997
407.804,190.529,-0.462155,-0,-0,-0.0295811,0.999562
407.904,190.521,-0.0622416,-0,-0,-0.0426719,0.999089
407.919,190.52,-1.36888e-17,0,0,0.0085422,0.999964
408.019,190.521,-0.389324,-0,-0,-0.00118279,0.999999
408.119,190.518,-0.484469,-0,-0,-0.0276067,0.999619
408.219,190.511,-0.09543,-0,-0,-0.0420845,0.999114
408.243,190.509,-4.06509e-19,-0,-0,-0.0347631,0.999396
408.343,190.502,-0.00416861,-0,-0,-0.0348673,0.999392
408.443,190.495,-0.00833724,-0,-0,-0.0351797,0.999381
408.543,190.488,-0.0125059,-0,-0,-0.0357005,0.999363
408.642,190.48,-0.00596717,-0,-0,-0.0362049,0.999344
408.712,190.475,-3.84967e-19,-0,-0,-0.0731698,0.997319
408.811,190.461,0.0161782,-0,-0,-0.0727664,0.997349
408.91,190.446,0.0323574,-0,-0,-0.0715562,0.997437
409.009,190.432,0.0485369,-0,-0,-0.0695389,0.997579
409.108,190.419,0.0223536,-0,-0,-0.0676712,0.997708
409.18,190.409,0,-0,-0,-0.0736676,0.997283
409.279,190.394,0.0896906,-0,-0,-0.0714315,0.997446
409.378,190.381,0.128616,-0,-0,-0.0652935,0.997866
409.477,190.368,0.106078,-0,-0,-0.0594383,0.998232
409.577,190.357,0.0835181,-0,-0,-0.0547065,0.998502
409.676,190.346,0.0609668,-0,-0,-0.0510993,0.998694
409.776,190.336,0.038437,-0,-0,-0.048617,0.998817
409.875,190.327,0.0159272,-0,-0,-0.0472591,0.998883
409.946,190.32,1.34452e-17,-0,-0,-0.0257204,0.999669
410.045,190.314,-0.38304,-0,-0,-0.0352842,0.999377
410.145,190.305,-0.480224,-0,-0,-0.0613148,0.998118
410.244,190.291,-0.0992045,-0,-0,-0.075756,0.997126
410.27,190.287,-4.10443e-17,0,0,0.0090415,0.999959
410.37,190.288,-0.462111,-0,-0,-0.00249883,0.999997
410.47,190.284,-0.491615,-0,-0,-0.0320945,0.999485
410.569,190.276,-0.0304851,-0,-0,-0.0451238,0.998981
410.576,190.276,-5.30486e-17,-0,-0,-0.0157193,0.999876
410.676,190.271,-0.84082,-0,-0,-0.0366527,0.999328
410.775,190.258,-1.04317,-0,-0,-0.0937376,0.995597
410.873,190.236,-0.165673,-0,-0,-0.123668,0.992324
410.891,190.231,3.48653e-19,-0,-0,-0.0219627,0.999759
410.991,190.226,-0.424236,-0,-0,-0.0325541,0.99947
411.091,190.217,-0.594435,-0,-0,-0.0625531,0.998042
411.19,190.202,-0.122916,-0,-0,-0.0804224,0.996761
411.216,190.198,-1.33679e-17,-0,-0,-0.0648304,0.997896
411.315,190.184,-0.35462,-0,-0,-0.0736687,0.997283
411.413,190.168,-0.398681,-0,-0,-0.0966721,0.995316
411.511,190.147,-0.0669074,-0,-0,-0.108244,0.994124
411.531,190.143,-4.1391e-17,-0,-0,-0.0238207,0.999716
411.631,190.136,-0.840889,-0,-0,-0.0447587,0.998998
411.73,190.122,-0.807862,-0,-0,-0.0956264,0.995417
411.827,190.101,-0.0730044,-0,-0,-0.117462,0.993077
411.837,190.098,1.56326e-18,-0,-0,-0.0242669,0.999706
411.937,190.093,-0.151044,-0,-0,-0.0280429,0.999607
412.037,190.086,-0.302926,-0,-0,-0.0393842,0.999224
412.136,190.077,-0.454924,-0,-0,-0.0583021,0.998299
412.235,190.063,-0.185356,-0,-0,-0.0750022,0.997183
412.296,190.054,-7.17196e-18,-0,-0,-0.0314384,0.999506
412.396,190.047,-0.239604,-0,-0,-0.0374222,0.9993
412.496,190.038,-0.317327,-0,-0,-0.053498,0.998568
412.595,190.026,-0.207504,-0,-0,-0.0665919,0.99778
412.694,190.012,-0.0979525,-0,-0,-0.0742097,0.997243
412.783,189.998,-7.57871e-19,-0,-0,-0.0604111,0.998174
412.882,189.986,-0.0298027,-0,-0,-0.0611547,0.998128
412.981,189.974,-0.0482928,-0,-0,-0.0633334,0.997992
413.08,189.961,-0.0169458,-0,-0,-0.064961,0.997888
413.134,189.954,-2.15364e-18,-0,-0,-0.0715179,0.997439
413.233,189.94,-0.018311,-0,-0,-0.0719745,0.997406
413.332,189.925,-0.0240613,-0,-0,-0.0732024,0.997317
413.431,189.911,-0.0146341,-0,-0,-0.0741672,0.997246
413.53,189.896,-0.00520711,-0,-0,-0.0746618,0.997209
413.584,189.887,-1.27687e-17,-0,-0,-0.0913907,0.995815
413.683,189.87,0.65041,-0,-0,-0.0752145,0.997167
413.782,189.859,0.475302,-0,-0,-0.0395061,0.999219
413.855,189.854,8.18863e-17,-0,-0,-0.0238217,0.999716
413.955,189.848,-0.840896,-0,-0,-0.0447598,0.998998
414.053,189.834,-0.807861,-0,-0,-0.0956277,0.995417
414.151,189.812,-0.0729972,-0,-0,-0.117463,0.993077
414.161,189.81,-1.41301e-18,-0,-0,-0.0219628,0.999759
414.261,189.805,-0.424246,-0,-0,-0.0325544,0.99947
414.36,189.795,-0.594446,-0,-0,-0.0625541,0.998042
414.459,189.781,-0.122915,-0,-0,-0.0804237,0.996761
414.485,189.777,2.08931e-17,-0,-0,-0.0599393,0.998202
414.584,189.764,-0.180581,-0,-0,-0.0644439,0.997921
414.683,189.75,-0.284414,-0,-0,-0.0774319,0.996998
414.782,189.734,-0.184026,-0,-0,-0.0891002,0.996023
414.88,189.715,-0.0837878,-0,-0,-0.0957667,0.995404
414.962,189.699,-5.65983e-19,-0,-0,-0.0157183,0.999876
415.063,189.694,-0.840819,-0,-0,-0.0366516,0.999328
415.161,189.682,-1.04318,-0,-0,-0.0937366,0.995597
415.259,189.659,-0.165679,-0,-0,-0.123667,0.992324
415.278,189.654,-1.28287e-19,-0,-0,-0.0808256,0.996728
415.377,189.639,0.450195,-0,-0,-0.0696142,0.997574
415.476,189.628,0.491244,-0,-0,-0.0405132,0.999179
415.576,189.622,0.0372484,-0,-0,-0.0273217,0.999627
415.584,189.621,-4.0353e-17,-0,-0,-0.116276,0.993217
415.681,189.599,0.466154,-0,-0,-0.104706,0.994503
415.78,189.581,0.53752,-0,-0,-0.0741256,0.997249
415.879,189.568,0.0904445,-0,-0,-0.0584768,0.998289
415.899,189.566,-1.63524e-16,-0,-0,-0.0166393,0.999862
415.999,189.561,-0.642654,-0,-0,-0.0326619,0.999466
416.098,189.551,-0.926243,-0,-0,-0.0783301,0.996927
416.197,189.531,-0.287982,-0,-0,-0.108491,0.994097
416.241,189.521,0,-0,-0,-0.0845148,0.996422
416.34,189.505,0.0131293,-0,-0,-0.0841878,0.99645
416.439,189.488,0.0262604,-0,-0,-0.0832064,0.996532
416.537,189.471,0.039394,-0,-0,-0.0815707,0.996668
416.636,189.455,0.0525289,-0,-0,-0.0792801,0.996852
416.735,189.44,0.0571072,-0,-0,-0.0763882,0.997078
416.834,189.425,0.0363586,-0,-0,-0.0740582,0.997254
416.933,189.41,0.0156134,-0,-0,-0.0727624,0.997349
417.007,189.399,2.82195e-17,-0,-0,-0.116275,0.993217
417.105,189.377,0.46614,-0,-0,-0.104707,0.994503
417.203,189.359,0.537503,-0,-0,-0.0741267,0.997249
417.302,189.346,0.0904388,-0,-0,-0.0584784,0.998289
417.322,189.344,-1.32226e-17,-0,-0,-0.10858,0.994088
417.42,189.323,0.331454,-0,-0,-0.100344,0.994953
417.518,189.305,0.426559,-0,-0,-0.0776045,0.996984
417.617,189.291,0.0715864,-0,-0,-0.0651901,0.997873
417.638,189.288,-1.94553e-17,-0,-0,-0.159048,0.987271
417.733,189.258,0.54781,-0,-0,-0.145533,0.989353
417.829,189.232,0.566741,-0,-0,-0.111222,0.993796
417.927,189.212,0.0392732,-0,-0,-0.096174,0.995365
417.935,189.211,-6.21222e-18,-0,-0,-0.108578,0.994088
418.033,189.19,0.331429,-0,-0,-0.100343,0.994953
418.131,189.172,0.426529,-0,-0,-0.0776051,0.996984
418.23,189.158,0.0715815,-0,-0,-0.0651916,0.997873
418.25,189.155,-1.82051e-17,-0,-0,-0.14583,0.98931
418.346,189.127,0.250486,-0,-0,-0.139634,0.990203
418.442,189.101,0.34654,-0,-0,-0.122559,0.992461
418.54,189.078,0.214927,-0,-0,-0.10862,0.994083
418.638,189.057,0.0837283,-0,-0,-0.101194,0.994867
418.7,189.044,-3.46127e-18,-0,-0,-0.130249,0.991481
418.797,189.019,0.287138,-0,-0,-0.123119,0.992392
418.895,188.996,0.580451,-0,-0,-0.101576,0.994828
418.993,188.979,0.875247,-0,-0,-0.0653561,0.997862
419.093,188.97,0.394654,-0,-0,-0.0311498,0.999515
419.16,188.967,1.14614e-18,-0,-0,-0.0844268,0.99643
419.259,188.951,0.743339,-0,-0,-0.0659536,0.997823
419.358,188.943,0.961686,-0,-0,-0.0149153,0.999889
419.458,188.943,0.245034,0,0,0.0151739,0.999885
419.493,188.945,4.10592e-17,-0,-0,-0.0381468,0.999272
419.593,188.937,0.236956,-0,-0,-0.0322292,0.999481
419.693,188.932,0.369089,-0,-0,-0.0152018,0.999884
419.792,188.931,0.235825,-0,-0,-8.37849e-05,1
419.893,188.932,0.102918,0,0,0.00838454,0.999965
419.97,188.933,-1.26685e-17,-0,-0,-0.0104298,0.999946
420.07,188.931,-0.0860473,-0,-0,-0.0125811,0.999921
420.17,188.928,-0.172257,-0,-0,-0.0190377,0.999819
420.27,188.923,-0.258504,-0,-0,-0.0298024,0.999556
420.37,188.916,-0.112683,-0,-0,-0.0399687,0.999201
420.43,188.911,-2.75573e-17,-0,-0,-0.0391985,0.999231
420.529,188.904,0.155896,-0,-0,-0.0353046,0.999377
420.629,188.898,0.205128,-0,-0,-0.0248557,0.999691
420.729,188.894,0.13125,-0,-0,-0.0164489,0.999865
420.829,188.891,0.0574536,-0,-0,-0.0117317,0.999931
420.907,188.889,-5.42653e-17,-0,-0,-0.0563356,0.998412
421.007,188.88,1.03839,-0,-0,-0.0305302,0.999534
421.106,188.88,0.957299,0,0,0.0319025,0.999491
421.204,188.889,-3.69617e-19,-0,-0,-0.00872669,0.999962
421.304,188.888,0.358826,0,0,0.000237324,1
421.404,188.89,0.505604,0,0,0.0256326,0.999671
421.504,188.897,0.126855,0,0,0.0414242,0.999142
421.537,188.9,5.06449e-24,0,0,2.45222e-05,1
421.637,188.9,3.91999e-06,0,0,2.46202e-05,1
421.737,188.9,4.78312e-06,0,0,2.48853e-05,1
421.837,188.9,6.32544e-07,0,0,2.50207e-05,1
421.853,188.9,-2.71226e-17,-0,-0,-0.0522217,0.998636
421.952,188.891,0.823141,-0,-0,-0.0317352,0.999496
422.052,188.89,0.923012,0,0,0.0216741,0.999765
422.152,188.898,0.182375,0,0,0.0492131,0.998788
422.177,188.9,-1.64739e-20,0,0,0.0092984,0.999957
422.277,188.901,-0.423864,-0,-0,-0.00128799,0.999999
422.377,188.898,-0.518069,-0,-0,-0.0299687,0.999551
422.477,188.891,-0.0698315,-0,-0,-0.0446418,0.999003
422.492,188.889,0,0,0,0.0370445,0.999314
422.592,188.896,-0.130048,0,0,0.0337959,0.999429
422.692,188.902,-0.194869,0,0,0.0246565,0.999696
422.792,188.906,-0.150539,0,0,0.0160246,0.999872
422.892,188.909,-0.106179,0,0,0.00960761,0.999954
422.992,188.91,-0.061888,0,0,0.00540548,0.999985
423.092,188.911,-0.0176715,0,0,0.00341589,0.999994
423.132,188.911,4.15228e-22,0,0,2.54796e-05,1
423.232,188.911,-3.74615e-06,0,0,2.5386e-05,1
423.332,188.911,-7.49229e-06,0,0,2.5105e-05,1
423.432,188.911,-1.09441e-05,0,0,2.46369e-05,1
423.532,188.911,-4.07611e-06,0,0,2.42614e-05,1
423.591,188.911,-1.09379e-16,-0,-0,-0.045162,0.99898
423.691,188.903,0.46068,-0,-0,-0.0336721,0.999433
423.791,188.899,0.602006,-0,-0,-0.00281555,0.999996
423.89,188.901,0.368452,0,0,0.0214259,0.99977
423.99,188.907,0.137328,0,0,0.0340673,0.99942
424.05,188.911,-8.3088e-21,-0,-0,-0.00949297,0.999955
424.15,188.91,0.390318,0,0,0.000256638,1
424.25,188.913,0.543066,0,0,0.0278328,0.999613
424.35,188.92,0.10701,0,0,0.0440598,0.999029
424.375,188.923,1.28806e-19,-0,-0,-0.0429148,0.999079
424.474,188.915,0.399509,-0,-0,-0.0329428,0.999457
424.574,188.911,0.49059,-0,-0,-0.00586244,0.999983
424.674,188.911,0.0660679,0,0,0.008042,0.999968
424.69,188.912,-7.40116e-19,0,0,0.0427196,0.999087
424.79,188.919,-0.388408,0,0,0.0330243,0.999455
424.889,188.923,-0.485608,0,0,0.00661562,0.999978
424.989,188.923,-0.0956598,-0,-0,-0.00790514,0.999969
425.014,188.923,-5.67566e-19,-0,-0,-0.0131179,0.999914
425.114,188.92,0.158484,-0,-0,-0.00915446,0.999958
425.214,188.919,0.317988,0,0,0.002756,0.999996
425.314,188.922,0.477726,0,0,0.02264,0.999744
425.414,188.929,0.20701,0,0,0.0413722,0.999144
425.473,188.934,2.73166e-17,-0,-0,-0.0498024,0.998759
425.573,188.925,0.704955,-0,-0,-0.0322418,0.99948
425.673,188.923,1.10751,0,0,0.0193247,0.999813
425.773,188.931,0.218807,0,0,0.0523501,0.998629
425.798,188.934,-2.63978e-17,-0,-0,-0.0511067,0.998693
425.897,188.925,0.774643,-0,-0,-0.0318208,0.999494
425.997,188.923,0.971688,0,0,0.020967,0.99978
426.097,188.931,0.191972,0,0,0.049953,0.998752
426.122,188.934,2.68882e-17,-0,-0,-0.0345753,0.999402
426.222,188.927,0.204704,-0,-0,-0.0294568,0.999566
426.322,188.923,0.411694,-0,-0,-0.0140535,0.999901
426.422,188.922,0.619355,0,0,0.0117045,0.999932
426.522,188.927,0.310815,0,0,0.0369063,0.999319
426.599,188.934,8.36177e-22,-0,-0,-0.0341376,0.999417
426.699,188.927,7.28615e-06,-0,-0,-0.0341374,0.999417
426.799,188.92,9.10799e-06,-0,-0,-0.0341369,0.999417
426.899,188.913,1.82186e-06,-0,-0,-0.0341366,0.999417
426.924,188.912,-5.48572e-17,-0,-0,-0.0474216,0.998875
427.023,188.903,0.520081,-0,-0,-0.0344473,0.999407
427.123,188.899,0.494448,-0,-0,-0.00300343,0.999995
427.223,188.9,0.0307593,0,0,0.0101123,0.999949
427.23,188.901,6.79967e-17,0,0,0.0172694,0.999851
427.33,188.902,-1.00224,-0,-0,-0.00766946,0.999971
427.429,188.895,-0.921408,-0,-0,-0.0677288,0.997704
427.527,188.878,8.59191e-19,-0,-0,-0.036626,0.999329
427.627,188.871,0.0247788,-0,-0,-0.0360069,0.999352
427.727,188.864,0.0271587,-0,-0,-0.0344098,0.999408
427.826,188.857,0.00374987,-0,-0,-0.0336376,0.999434
427.842,188.856,5.52987e-20,-0,-0,-0.108582,0.994088
427.94,188.835,0.331466,-0,-0,-0.100346,0.994953
428.038,188.817,0.426567,-0,-0,-0.0776054,0.996984
428.137,188.803,0.0715823,-0,-0,-0.0651909,0.997873
428.158,188.801,-1.40496e-17,-0,-0,-0.0455015,0.998964
428.257,188.792,-0.0633699,-0,-0,-0.0470842,0.998891
428.357,188.782,-0.126813,-0,-0,-0.0518329,0.998656
428.456,188.771,-0.190287,-0,-0,-0.0597474,0.998214
428.555,188.758,-0.113135,-0,-0,-0.0682263,0.99767
428.644,188.745,0,-0,-0,-0.0503384,0.998732
428.743,188.735,-0.00867373,-0,-0,-0.0505549,0.998721
428.843,188.725,-0.0173477,-0,-0,-0.0512046,0.998688
428.942,188.715,-0.0260218,-0,-0,-0.0522874,0.998632
429.042,188.704,-0.0214762,-0,-0,-0.0535588,0.998565
429.141,188.693,-0.0122976,-0,-0,-0.0544019,0.998519
429.241,188.682,-0.00311937,-0,-0,-0.0547868,0.998498
429.274,188.679,-2.09326e-22,-0,-0,-0.0718802,0.997413
429.373,188.664,-1.08428e-05,-0,-0,-0.0718805,0.997413
429.472,188.65,-1.18656e-05,-0,-0,-0.0718812,0.997413
429.571,188.636,-1.02273e-06,-0,-0,-0.0718815,0.997413
429.581,188.634,1.37719e-17,-0,-0,-0.0272413,0.999629
429.68,188.628,-0.453756,-0,-0,-0.0385672,0.999256
429.78,188.618,-0.487469,-0,-0,-0.0676887,0.997706
429.879,188.602,-0.0369658,-0,-0,-0.0807504,0.996734
429.887,188.601,1.40304e-17,-0,-0,-0.0244765,0.9997
429.987,188.595,-0.439677,-0,-0,-0.0354521,0.999371
430.086,188.586,-0.541837,-0,-0,-0.0652444,0.997869
430.185,188.571,-0.0792954,-0,-0,-0.0807153,0.996737
430.202,188.568,-7.30207e-18,-0,-0,-0.0761268,0.997098
430.301,188.553,0.368032,-0,-0,-0.0669562,0.997756
430.4,188.542,0.459906,-0,-0,-0.0418902,0.999122
430.5,188.535,0.06716,-0,-0,-0.0287315,0.999587
430.517,188.535,1.68562e-19,-0,-0,-0.0704897,0.997513
430.616,188.52,0.00750198,-0,-0,-0.0703026,0.997526
430.715,188.506,0.0150041,-0,-0,-0.0697413,0.997565
430.814,188.493,0.0225062,-0,-0,-0.0688058,0.99763
430.913,188.479,0.0119653,-0,-0,-0.0678635,0.997695
430.995,188.468,-1.32043e-16,-0,-0,-0.124458,0.992225
431.092,188.445,0.872499,-0,-0,-0.102874,0.994694
431.191,188.43,1.00537,-0,-0,-0.0454943,0.998965
431.291,188.424,0.159685,-0,-0,-0.0164858,0.999864
431.31,188.424,0,-0,-0,-0.0305061,0.999535
431.41,188.417,-0.165133,-0,-0,-0.0346308,0.9994
431.509,188.409,-0.25295,-0,-0,-0.0462845,0.998928
431.609,188.399,-0.210734,-0,-0,-0.0578552,0.998325
431.708,188.386,-0.168316,-0,-0,-0.0673093,0.997732
431.807,188.372,-0.125941,-0,-0,-0.0746474,0.99721
431.906,188.357,-0.083715,-0,-0,-0.0798758,0.996805
432.005,188.34,-0.041643,-0,-0,-0.0830022,0.996549
432.103,188.324,1.38592e-17,-0,-0,-0.0309074,0.999522
432.202,188.316,-0.656932,-0,-0,-0.04729,0.998881
432.301,188.303,-0.470559,-0,-0,-0.0829036,0.996558
432.373,188.29,-1.36551e-17,-0,-0,-0.104531,0.994522
432.471,188.271,0.940253,-0,-0,-0.0811808,0.996699
432.57,188.26,0.285604,-0,-0,-0.0429896,0.999076
432.598,188.257,-1.10572e-18,-0,-0,-0.116728,0.993164
432.696,188.237,2.00535,-0,-0,-0.0673551,0.997729
432.796,188.234,0.724392,0,0,0.0164009,0.999865
432.832,188.235,1.37461e-17,-0,-0,-0.0081199,0.999967
432.932,188.234,0.615798,0,0,0.00725333,0.999974
433.032,188.239,0.401997,0,0,0.038103,0.999274
433.111,188.246,0,0,0,0.0497207,0.998763
433.211,188.256,-0.0764655,0,0,0.0478097,0.998856
433.311,188.265,-0.153215,0,0,0.0420705,0.999115
433.41,188.273,-0.23033,0,0,0.0324889,0.999472
433.51,188.278,-0.307486,0,0,0.0190536,0.999818
433.61,188.28,-0.26247,0,0,0.00297219,0.999996
433.71,188.28,-0.031515,-0,-0,-0.00437349,0.99999
433.724,188.279,2.93618e-17,-0,-0,-0.000267593,1
433.824,188.279,-0.227143,-0,-0,-0.00594993,0.999982
433.924,188.276,-0.457143,-0,-0,-0.02305,0.999734
434.024,188.269,-0.68752,-0,-0,-0.0516273,0.998666
434.123,188.256,-0.275953,-0,-0,-0.0766574,0.997057
434.183,188.246,-1.27611e-17,-0,-0,-0.0234849,0.999724
434.283,188.242,0.0713666,-0,-0,-0.0217011,0.999765
434.383,188.238,0.142827,-0,-0,-0.0163473,0.999866
434.483,188.235,0.214312,-0,-0,-0.00742016,0.999972
434.583,188.235,0.100824,0,0,0.0011704,0.999999
434.651,188.235,-2.02579e-23,0,0,2.40335e-05,1
434.751,188.235,1.45342e-05,0,0,2.43969e-05,1
434.851,188.235,1.77343e-05,0,0,2.53796e-05,1
434.951,188.235,2.34517e-06,0,0,2.58816e-05,1
434.967,188.235,-1.27015e-17,-0,-0,-0.0242377,0.999706
435.067,188.23,0.0786405,-0,-0,-0.0222721,0.999752
435.167,188.226,0.157396,-0,-0,-0.0163725,0.999866
435.266,188.224,0.236161,-0,-0,-0.00653495,0.999979
435.366,188.224,0.0845457,0,0,0.00185168,0.999998
435.417,188.224,6.54029e-19,-0,-0,-0.0520927,0.998642
435.517,188.215,0.819948,-0,-0,-0.0316854,0.999498
435.617,188.214,1.01025,0,0,0.0240266,0.999711
435.716,188.222,0.13771,0,0,0.0526003,0.998616
435.732,188.224,-4.08995e-17,-0,-0,-0.0705612,0.997507
435.831,188.21,0.117602,-0,-0,-0.0676285,0.997711
435.93,188.197,0.170416,-0,-0,-0.0594133,0.998233
436.03,188.186,0.109649,-0,-0,-0.0524231,0.998625
436.129,188.176,0.0489212,-0,-0,-0.0484639,0.998825
436.21,188.169,0,-0,-0,-0.0664373,0.997791
436.309,188.155,0.0186526,-0,-0,-0.0659717,0.997821
436.408,188.142,0.0373176,-0,-0,-0.0645748,0.997913
436.507,188.13,0.0560044,-0,-0,-0.0622457,0.998061
436.607,188.118,0.0747167,-0,-0,-0.0589831,0.998259
436.706,188.106,0.0934493,-0,-0,-0.0547859,0.998498
436.805,188.096,0.112185,-0,-0,-0.0496528,0.998767
436.905,188.086,0.130893,-0,-0,-0.0435838,0.99905
437.005,188.078,0.127482,-0,-0,-0.036692,0.999327
437.104,188.072,0.0377872,-0,-0,-0.0325634,0.99947
437.146,188.069,-1.37034e-17,0,0,0.00854469,0.999963
437.246,188.07,-0.389325,-0,-0,-0.00118033,0.999999
437.346,188.067,-0.484475,-0,-0,-0.0276044,0.999619
437.446,188.06,-0.0954338,-0,-0,-0.0420824,0.999114
437.471,188.058,-6.8617e-18,-0,-0,-0.0370344,0.999314
437.57,188.05,0.045647,-0,-0,-0.035894,0.999356
437.67,188.044,0.0510822,-0,-0,-0.0329395,0.999457
437.77,188.037,0.0102181,-0,-0,-0.0314078,0.999507
437.795,188.036,-1.32963e-17,-0,-0,-0.0763999,0.997077
437.894,188.021,0.380364,-0,-0,-0.0669228,0.997758
437.993,188.01,0.483562,-0,-0,-0.0409401,0.999162
438.093,188.004,0.0998947,-0,-0,-0.0263725,0.999652
438.119,188.002,2.83444e-17,-0,-0,-0.0897906,0.995961
438.218,187.986,0.905203,-0,-0,-0.0673241,0.997731
438.317,187.978,0.987739,-0,-0,-0.0086874,0.999962
438.417,187.98,0.0708276,0,0,0.0176687,0.999844
438.425,187.98,-3.15086e-19,-0,-0,-0.0451719,0.998979
438.525,187.972,0.460879,-0,-0,-0.0336712,0.999433
438.625,187.968,0.492879,-0,-0,-0.00408198,0.999992
438.725,187.969,0.0305599,0,0,0.00899033,0.99996
438.732,187.969,-1.46374e-21,0,0,2.55256e-05,1
438.832,187.969,-9.65876e-06,0,0,2.52841e-05,1
438.932,187.969,-1.21932e-05,0,0,2.46271e-05,1
439.032,187.969,-3.04274e-06,0,0,2.42462e-05,1
439.065,187.969,-3.73809e-20,-0,-0,-0.0426706,0.999089
439.165,187.961,0.388429,-0,-0,-0.0329748,0.999456
439.264,187.957,0.485629,-0,-0,-0.00656477,0.999978
439.364,187.958,0.0956612,0,0,0.00795653,0.999968
439.389,187.958,-7.00517e-18,-0,-0,-0.0736449,0.997285
439.488,187.943,0.0887092,-0,-0,-0.0714331,0.997445
439.587,187.93,0.101234,-0,-0,-0.0656559,0.997842
439.686,187.917,0.0216937,-0,-0,-0.0625891,0.998039
439.713,187.914,5.03285e-17,0,0,0.0275546,0.99962
439.814,187.917,-1.13655,-0,-0,-0.000651433,1
439.913,187.91,-1.60584,-0,-0,-0.081512,0.996672
440.011,187.888,-0.339075,-0,-0,-0.129504,0.991579
440.038,187.88,3.9516e-23,-0,-0,-0.0383902,0.999263
440.137,187.873,5.81115e-06,-0,-0,-0.03839,0.999263
440.237,187.865,1.16223e-05,-0,-0,-0.0383896,0.999263
440.337,187.857,1.55281e-05,-0,-0,-0.0383889,0.999263
440.436,187.85,3.90583e-06,-0,-0,-0.0383884,0.999263
440.47,187.847,0,-0,-0,-0.0407145,0.999171
440.57,187.839,0.0582893,-0,-0,-0.0392584,0.999229
440.669,187.832,0.116641,-0,-0,-0.0348883,0.999391
440.769,187.825,0.175029,-0,-0,-0.0276009,0.999619
440.869,187.821,0.126304,-0,-0,-0.0198823,0.999802
440.969,187.817,0.069492,-0,-0,-0.0149884,0.999888
441.069,187.814,0.0127462,-0,-0,-0.0129326,0.999916
441.091,187.814,-7.1334e-18,-0,-0,-0.0284437,0.999595
441.191,187.807,-0.392351,-0,-0,-0.0382391,0.999269
441.291,187.797,-0.431383,-0,-0,-0.0635351,0.99798
441.39,187.783,-0.0629961,-0,-0,-0.075856,0.997119
441.407,187.781,-8.59191e-19,-0,-0,-0.0366255,0.999329
441.506,187.773,0.0247818,-0,-0,-0.0360064,0.999352
441.606,187.766,0.0271619,-0,-0,-0.034409,0.999408
441.706,187.759,0.00375029,-0,-0,-0.0336367,0.999434
441.722,187.758,5.4858e-17,-0,-0,-0.116274,0.993217
441.819,187.736,0.466146,-0,-0,-0.104705,0.994503
441.918,187.718,0.537511,-0,-0,-0.0741248,0.997249
442.017,187.705,0.0904413,-0,-0,-0.0584763,0.998289
442.037,187.703,-7.08422e-18,-0,-0,-0.123683,0.992322
442.134,187.679,0.200505,-0,-0,-0.118708,0.992929
442.232,187.656,0.170619,-0,-0,-0.107249,0.994232
442.325,187.636,-1.67891e-18,-0,-0,-0.100584,0.994929
442.423,187.616,-0.0209075,-0,-0,-0.101104,0.994876
442.521,187.596,-0.0308987,-0,-0,-0.10257,0.994726
442.619,187.575,-0.0201585,-0,-0,-0.10384,0.994594
442.717,187.555,-0.00941841,-0,-0,-0.104575,0.994517
442.803,187.536,2.25977e-18,-0,-0,-0.0580145,0.998316
442.902,187.524,-0.446283,-0,-0,-0.069137,0.997607
443,187.507,-0.561429,-0,-0,-0.0995099,0.995037
443.098,187.486,-0.094472,-0,-0,-0.115795,0.993273
443.118,187.481,-6.77398e-23,-0,-0,-0.101057,0.994881
443.216,187.461,-2.2579e-05,-0,-0,-0.101057,0.994881
443.314,187.441,-2.95812e-05,-0,-0,-0.101059,0.99488
443.412,187.421,-7.00202e-06,-0,-0,-0.10106,0.99488
443.442,187.414,0,-0,-0,-0.0649803,0.997887
443.541,187.401,-0.133108,-0,-0,-0.0682999,0.997665
443.64,187.387,-0.205522,-0,-0,-0.0777077,0.996976
443.739,187.37,-0.171095,-0,-0,-0.0870881,0.996201
443.837,187.352,-0.13656,-0,-0,-0.0947457,0.995502
443.935,187.333,-0.102047,-0,-0,-0.100682,0.994919
444.033,187.312,-0.0676146,-0,-0,-0.104903,0.994482
444.131,187.291,-0.0332645,-0,-0,-0.107412,0.994215
444.226,187.27,-6.65804e-18,-0,-0,-0.114687,0.993402
444.323,187.248,0.387721,-0,-0,-0.10506,0.994466
444.422,187.23,0.427197,-0,-0,-0.0798513,0.996807
444.521,187.215,0.0103931,-0,-0,-0.0689508,0.99762
444.523,187.215,0,-0,-0,-0.0570572,0.998371
444.623,187.203,-0.0796512,-0,-0,-0.0590484,0.998255
444.722,187.191,-0.159714,-0,-0,-0.0650278,0.997883
444.821,187.177,-0.240374,-0,-0,-0.0750082,0.997183
444.92,187.161,-0.321353,-0,-0,-0.0889969,0.996032
445.018,187.141,-0.401671,-0,-0,-0.106973,0.994262
445.115,187.118,-0.174425,-0,-0,-0.122733,0.99244
445.171,187.104,2.06126e-17,-0,-0,-0.0671292,0.997744
445.271,187.09,-0.519784,-0,-0,-0.0800723,0.996789
445.369,187.07,-0.480023,-0,-0,-0.111341,0.993782
445.46,187.048,-1.01437e-22,-0,-0,-0.0762997,0.997085
445.559,187.033,-5.53041e-06,-0,-0,-0.0762998,0.997085
445.657,187.018,-5.06668e-06,-0,-0,-0.0763001,0.997085
445.748,187.004,-1.04899e-17,-0,-0,-0.133481,0.991051
445.845,186.979,0.816183,-0,-0,-0.113299,0.993561
445.943,186.961,0.77269,-0,-0,-0.0653265,0.997864
446.043,186.951,0.174602,-0,-0,-0.0417241,0.999129
446.072,186.949,-5.48587e-17,-0,-0,-0.173712,0.984796
446.168,186.915,0.796359,-0,-0,-0.154069,0.98806
446.265,186.89,1.66443,-0,-0,-0.0932991,0.995638
446.363,186.881,1.28819,-0,-0,-0.00167483,0.999999
446.423,186.882,2.09599e-17,-0,-0,-0.10353,0.994626
446.521,186.86,-0.750219,-0,-0,-0.122147,0.992512
446.617,186.833,-0.145158,-0,-0,-0.144833,0.989456
446.64,186.827,-6.17521e-19,-0,-0,-0.118634,0.992938
446.738,186.806,2.17207,-0,-0,-0.0651891,0.997873
446.837,186.804,0.465436,0,0,0.0189307,0.999821
446.856,186.804,2.58548e-17,-0,-0,-0.133134,0.991098
446.953,186.779,0.582733,-0,-0,-0.118705,0.99293
447.051,186.759,1.06575,-0,-0,-0.0752169,0.997167
447.135,186.749,-6.66904e-19,-0,-0,-0.10114,0.994872
447.233,186.728,-0.257355,-0,-0,-0.107537,0.994201
447.33,186.705,-0.515535,-0,-0,-0.126723,0.991938
447.426,186.678,-0.106366,-0,-0,-0.142625,0.989777
447.45,186.671,-2.91895e-17,-0,-0,-0.0736044,0.997288
447.549,186.656,-0.494013,-0,-0,-0.0859027,0.996304
447.647,186.636,-0.387568,-0,-0,-0.11335,0.993555
447.729,186.616,5.45444e-17,-0,-0,-0.0420902,0.999114
447.829,186.606,-0.90521,-0,-0,-0.064578,0.997913
447.927,186.587,-1.33783,-0,-0,-0.129221,0.991616
448.022,186.556,-0.450277,-0,-0,-0.173231,0.984881
448.072,186.538,-6.40021e-18,-0,-0,-0.122672,0.992447
448.169,186.514,0.058769,-0,-0,-0.121213,0.992626
448.266,186.49,0.1176,-0,-0,-0.116836,0.993151
448.363,186.468,0.176463,-0,-0,-0.109532,0.993983
448.461,186.447,0.117177,-0,-0,-0.101252,0.994861
448.558,186.427,7.06604e-18,-0,-0,-0.103323,0.994648
448.656,186.406,-0.171366,-0,-0,-0.107583,0.994196
448.753,186.384,-0.230786,-0,-0,-0.11915,0.992876
448.85,186.359,-0.143226,-0,-0,-0.128427,0.991719
448.947,186.333,-0.0557939,-0,-0,-0.13336,0.991068
449.008,186.316,0,-0,-0,-0.132954,0.991122
449.105,186.289,-0.364008,-0,-0,-0.141956,0.989873
449.2,186.259,-0.536205,-0,-0,-0.167028,0.985952
449.293,186.224,-0.418915,-0,-0,-0.190487,0.98169
449.385,186.185,-0.300851,-0,-0,-0.208109,0.978106
449.476,186.143,-0.184128,-0,-0,-0.219965,0.975508
449.567,186.099,-0.0689981,-0,-0,-0.226149,0.974093
449.621,186.072,1.10602e-17,-0,-0,-0.259304,0.965796
449.708,186.022,0.0994286,-0,-0,-0.256902,0.966437
449.795,185.973,0.199119,-0,-0,-0.249682,0.968328
449.883,185.926,0.298891,-0,-0,-0.237609,0.971361
449.972,185.881,0.148062,-0,-0,-0.225554,0.974231
450.035,185.85,1.34124e-17,-0,-0,-0.246631,0.969109
450.123,185.803,0.0918874,-0,-0,-0.244405,0.969673
450.211,185.756,0.13183,-0,-0,-0.238174,0.971223
450.3,185.71,0.0804935,-0,-0,-0.233015,0.972473
450.39,185.665,0.0291801,-0,-0,-0.230348,0.973108
450.441,185.639,-1.20502e-17,-0,-0,-0.240392,0.970676
450.528,185.591,-0.898348,-0,-0,-0.262039,0.965057
450.611,185.536,-1.01799,-0,-0,-0.318393,0.947959
450.689,185.473,-0.143559,-0,-0,-0.34568,0.938352
450.702,185.462,-2.70524e-18,-0,-0,-0.260279,0.965533
450.788,185.41,-1.26675,-0,-0,-0.290463,0.956886
450.865,185.348,-1.55239,-0,-0,-0.371631,0.928381
450.934,185.275,-0.213885,-0,-0,-0.41191,0.911225
450.945,185.262,1.66564e-17,-0,-0,-0.374393,0.92727
451.017,185.193,0.207498,-0,-0,-0.369579,0.929199
451.091,185.125,0.292915,-0,-0,-0.356175,0.934419
451.166,185.06,0.183856,-0,-0,-0.345014,0.938597
451.243,184.995,0.0750289,-0,-0,-0.338932,0.940811
451.296,184.951,-1.13208e-17,-0,-0,-0.366137,0.930561
451.37,184.884,0.599143,-0,-0,-0.352185,0.93593
451.448,184.821,0.799416,-0,-0,-0.312761,0.949832
451.53,184.764,0.143973,-0,-0,-0.29032,0.95693
451.548,184.752,3.45256e-18,-0,-0,-0.315764,0.948838
451.629,184.692,0.128271,-0,-0,-0.31272,0.949845
451.71,184.633,0.170811,-0,-0,-0.30422,0.952602
451.791,184.576,0.0310358,-0,-0,-0.29941,0.954125
451.81,184.563,-1.13159e-17,-0,-0,-0.295304,0.955403
451.892,184.506,-0.348413,-0,-0,-0.30361,0.952796
451.972,184.447,-0.38443,-0,-0,-0.325027,0.945705
452.05,184.384,-0.0502113,-0,-0,-0.335278,0.942119
452.062,184.375,-5.59515e-18,-0,-0,-0.318217,0.948018
452.141,184.313,-0.513086,-0,-0,-0.330334,0.943864
452.217,184.249,-0.625823,-0,-0,-0.36278,0.931875
452.289,184.179,-0.112959,-0,-0,-0.379907,0.925025
452.305,184.164,3.4183e-17,-0,-0,-0.304948,0.952369
452.386,184.105,-0.355928,-0,-0,-0.313402,0.949621
452.465,184.044,-0.539045,-0,-0,-0.337358,0.941376
452.541,183.979,-0.347452,-0,-0,-0.358124,0.933674
452.614,183.911,-0.156975,-0,-0,-0.369869,0.929084
452.674,183.853,-1.36553e-18,-0,-0,-0.354903,0.934903
452.749,183.787,0.0858035,-0,-0,-0.352896,0.935662
452.825,183.721,0.114128,-0,-0,-0.347299,0.937754
452.901,183.656,0.0204694,-0,-0,-0.344142,0.938918
452.918,183.642,6.84724e-18,-0,-0,-0.337713,0.941249
452.995,183.578,-0.108615,-0,-0,-0.340268,0.940329
453.071,183.514,-0.217546,-0,-0,-0.347923,0.937523
453.146,183.448,-0.326532,-0,-0,-0.360641,0.932705
453.219,183.379,-0.143309,-0,-0,-0.372095,0.928195
453.269,183.332,-6.26659e-21,-0,-0,-0.429972,0.902842
453.332,183.254,6.24252e-05,-0,-0,-0.429971,0.902843
453.395,183.176,5.68188e-05,-0,-0,-0.429968,0.902844
453.458,183.099,6.8818e-08,-0,-0,-0.429966,0.902845
453.458,183.099,2.10136e-17,-0,-0,-0.478121,0.878294
453.513,183.015,0.350206,-0,-0,-0.470418,0.882444
453.57,182.933,0.347807,-0,-0,-0.451289,0.892378
453.631,182.853,0.0385564,-0,-0,-0.442653,0.896693
453.638,182.843,5.72451e-18,-0,-0,-0.463498,0.886098
453.695,182.761,-0.282091,-0,-0,-0.469733,0.882809
453.749,182.677,-0.339431,-0,-0,-0.486382,0.873746
453.801,182.591,-0.048359,-0,-0,-0.494826,0.868992
453.809,182.577,7.43488e-18,-0,-0,-0.409605,0.912263
453.876,182.502,-0.134578,-0,-0,-0.412673,0.910879
453.941,182.426,-0.269813,-0,-0,-0.42186,0.906661
454.004,182.349,-0.405259,-0,-0,-0.437097,0.899415
454.064,182.269,-0.204454,-0,-0,-0.452257,0.891887
454.106,182.211,-1.26789e-22,-0,-0,-0.429965,0.902845
454.17,182.133,-2.40082e-06,-0,-0,-0.429966,0.902845
454.233,182.056,-4.80163e-06,-0,-0,-0.429966,0.902845
454.296,181.978,-7.20245e-06,-0,-0,-0.429966,0.902845
454.359,181.9,-4.31268e-06,-0,-0,-0.429966,0.902845
454.413,181.834,-2.76653e-17,-0,-0,-0.425334,0.905037
454.476,181.756,-0.248828,-0,-0,-0.430954,0.902374
454.538,181.678,-0.290386,-0,-0,-0.445736,0.895164
454.597,181.597,-0.054574,-0,-0,-0.453438,0.891288
454.611,181.578,-5.35966e-18,-0,-0,-0.424663,0.905351
454.674,181.501,-0.284836,-0,-0,-0.431097,0.902306
454.736,181.422,-0.321526,-0,-0,-0.447904,0.894082
454.795,181.342,-0.026239,-0,-0,-0.455657,0.890155
454.8,181.334,-2.55939e-19,-0,-0,-0.448579,0.893743
454.86,181.254,-0.0153065,-0,-0,-0.448921,0.893571
454.919,181.174,-0.0225547,-0,-0,-0.449885,0.893086
454.979,181.093,-0.0141809,-0,-0,-0.450705,0.892673
455.038,181.013,-0.0058073,-0,-0,-0.451151,0.892447
455.079,180.957,1.31906e-17,-0,-0,-0.425336,0.905036
455.143,180.88,-0.248788,-0,-0,-0.430955,0.902374
455.204,180.801,-0.290338,-0,-0,-0.445735,0.895165
455.264,180.721,-0.0545653,-0,-0,-0.453435,0.891289
455.277,180.702,-2.85817e-17,-0,-0,-0.403626,0.914924
455.345,180.628,-0.210777,-0,-0,-0.408445,0.912783
455.41,180.552,-0.424142,-0,-0,-0.42288,0.906186
455.473,180.474,-0.638422,-0,-0,-0.446781,0.894643
455.53,180.392,-0.34121,-0,-0,-0.470792,0.882244
455.575,180.325,-7.80688e-18,-0,-0,-0.453723,0.891143
455.634,180.244,0.235694,-0,-0,-0.448466,0.8938
455.695,180.165,0.306615,-0,-0,-0.433857,0.900982
455.758,180.087,0.0576226,-0,-0,-0.425638,0.904894
455.773,180.069,1.33029e-17,-0,-0,-0.440881,0.897565
455.833,179.99,-0.571172,-0,-0,-0.453632,0.891189
455.889,179.907,-0.598122,-0,-0,-0.485666,0.874144
455.94,179.821,-0.0419358,-0,-0,-0.49957,0.866273
455.944,179.814,-4.55448e-17,-0,-0,-0.464923,0.885351
456,179.731,-0.487313,-0,-0,-0.475662,0.879628
456.052,179.646,-0.483281,-0,-0,-0.501824,0.86497
456.1,179.558,-0.0515609,-0,-0,-0.513334,0.858189
456.106,179.548,9.67841e-18,-0,-0,-0.499671,0.866215
456.156,179.461,-0.270287,-0,-0,-0.50551,0.862821
456.203,179.373,-0.351629,-0,-0,-0.521509,0.853246
456.248,179.283,-0.0740087,-0,-0,-0.530556,0.84765
456.259,179.259,-8.71951e-17,-0,-0,-0.454394,0.890801
456.317,179.178,-0.760489,-0,-0,-0.471195,0.882029
456.368,179.092,-0.927594,-0,-0,-0.515812,0.856702
456.412,179.002,-0.165383,-0,-0,-0.53896,0.842331
456.421,178.982,-4.55393e-17,-0,-0,-0.467794,0.883838
456.478,178.898,-0.240205,-0,-0,-0.473126,0.880995
456.532,178.814,-0.487847,-0,-0,-0.489133,0.872209
456.582,178.727,-0.744103,-0,-0,-0.515738,0.856746
456.625,178.637,-0.996298,-0,-0,-0.552432,0.833558
456.659,178.543,-0.221031,-0,-0,-0.584582,0.811335
456.665,178.527,-5.40877e-18,-0,-0,-0.462479,0.88663
456.719,178.442,-2.32503,-0,-0,-0.512222,0.858853
456.754,178.35,-1.40576,-0,-0,-0.617212,0.786797
456.764,178.305,2.04237e-17,-0,-0,-0.422555,0.906337
456.827,178.227,-1.02018,-0,-0,-0.445422,0.895321
456.882,178.143,-2.12248,-0,-0,-0.513994,0.857794
456.92,178.051,-0.817684,-0,-0,-0.583537,0.812087
456.935,178.006,2.06624e-17,-0,-0,-0.41931,0.907843
456.999,177.929,-0.693309,-0,-0,-0.434948,0.900456
457.058,177.848,-0.604208,-0,-0,-0.471362,0.88194
457.106,177.773,-2.25025e-17,-0,-0,-0.566036,0.82438
457.144,177.68,1.08921,-0,-0,-0.543518,0.839398
457.191,177.592,1.21961,-0,-0,-0.481985,0.876179
457.248,177.509,0.0455016,-0,-0,-0.454218,0.890891
457.25,177.506,-1.53385e-17,-0,-0,-0.524823,0.851211
457.294,177.416,-0.651339,-0,-0,-0.538588,0.842569
457.332,177.324,-0.570567,-0,-0,-0.57122,0.820797
457.358,177.251,3.34376e-18,-0,-0,-0.550251,0.834999
457.397,177.159,-0.280619,-0,-0,-0.556097,0.831117
457.434,177.066,-0.565025,-0,-0,-0.573532,0.819183
457.465,176.971,-0.626095,-0,-0,-0.600931,0.799301
457.49,176.874,-0.0652708,-0,-0,-0.61463,0.788816
457.493,176.863,1.03976e-17,-0,-0,-0.605909,0.795534
457.52,176.766,-0.147903,-0,-0,-0.608846,0.793288
457.545,176.669,-0.118857,-0,-0,-0.615447,0.788178
457.565,176.585,2.72557e-17,-0,-0,-0.595527,0.803336
457.595,176.49,0.202394,-0,-0,-0.591455,0.806338
457.626,176.395,0.214964,-0,-0,-0.581036,0.813878
457.659,176.3,0.0289807,-0,-0,-0.576063,0.817405
457.664,176.286,1.28011e-17,-0,-0,-0.541802,0.840506
457.705,176.194,-0.327874,-0,-0,-0.54867,0.836039
457.743,176.102,-0.373621,-0,-0,-0.566594,0.823997
457.778,176.008,-0.038367,-0,-0,-0.575046,0.818121
457.782,175.997,4.2744e-17,-0,-0,-0.566421,0.824116
457.817,175.904,-0.201799,-0,-0,-0.57057,0.821249
457.851,175.81,-0.267243,-0,-0,-0.581662,0.813431
457.882,175.715,-0.171676,-0,-0,-0.590551,0.807
457.912,175.619,-0.0762865,-0,-0,-0.595542,0.803324
457.935,175.542,0,-0,-0,-0.606505,0.79508
457.961,175.446,-0.0710398,-0,-0,-0.607917,0.794001
457.987,175.349,-0.142231,-0,-0,-0.612141,0.790749
458.011,175.252,-0.213562,-0,-0,-0.619148,0.785274
458.033,175.155,-0.189682,-0,-0,-0.627421,0.77868
458.054,175.057,-0.140263,-0,-0,-0.633821,0.77348
458.073,174.959,-0.0909195,-0,-0,-0.638281,0.769803
458.091,174.86,-0.0417031,-0,-0,-0.640831,0.767682
458.106,174.777,1.32185e-17,-0,-0,-0.642611,0.766192
458.124,174.678,0.285138,-0,-0,-0.637136,0.770752
458.144,174.58,0.278751,-0,-0,-0.623545,0.781788
458.167,174.483,0.0163257,-0,-0,-0.617763,0.786365
458.169,174.477,0,-0,-0,-0.646294,0.763089
458.186,174.378,0.166482,-0,-0,-0.643113,0.765771
458.204,174.28,0.239532,-0,-0,-0.634265,0.773116
458.225,174.182,0.18452,-0,-0,-0.626035,0.779795
458.247,174.085,0.129461,-0,-0,-0.619896,0.784684
458.271,173.988,0.0745369,-0,-0,-0.615885,0.787836
458.295,173.891,0.0197526,-0,-0,-0.614025,0.789287
458.304,173.856,-2.23627e-17,-0,-0,-0.613878,0.789401
458.329,173.759,-0.110426,-0,-0,-0.616055,0.787703
458.352,173.662,-0.111348,-0,-0,-0.621458,0.783448
458.374,173.564,-0.00839016,-0,-0,-0.6238,0.781584
458.376,173.556,8.58197e-19,-0,-0,-0.612375,0.790568
458.401,173.459,-0.213733,-0,-0,-0.616589,0.787285
458.423,173.362,-0.257887,-0,-0,-0.627438,0.778667
458.444,173.264,-0.140734,-0,-0,-0.635165,0.772376
458.462,173.166,-0.0238428,-0,-0,-0.638338,0.769756
458.466,173.146,-1.36044e-17,-0,-0,-0.651649,0.758521
458.48,173.047,-0.558031,-0,-0,-0.662154,0.749367
458.49,172.947,-0.380558,-0,-0,-0.684179,0.729314
458.493,172.879,-1.60692e-21,-0,-0,-0.707087,0.707126
458.493,172.779,-2.25861e-05,-0,-0,-0.707088,0.707126
458.493,172.679,-4.51721e-05,-0,-0,-0.707089,0.707125
458.493,172.579,-4.60999e-05,-0,-0,-0.707091,0.707123
458.493,172.479,-4.4027e-06,-0,-0,-0.707092,0.707122
458.493,172.469,-3.95028e-23,-0,-0,-0.707089,0.707124
458.493,172.369,2.73506e-05,-0,-0,-0.707089,0.707125
458.493,172.269,2.29348e-05,-0,-0,-0.707088,0.707126
458.493,172.191,-6.3568e-18,-0,-0,-0.656,0.754761
458.507,172.092,-0.440419,-0,-0,-0.664263,0.747499
458.516,171.993,-0.398116,-0,-0,-0.683796,0.729673
458.52,171.903,0,-0,-0,-0.704321,0.709881
458.521,171.802,-0.182213,-0,-0,-0.707557,0.706656
458.519,171.702,-0.367441,-0,-0,-0.717213,0.696854
458.514,171.602,-0.555964,-0,-0,-0.733095,0.680127
458.504,171.503,-0.742313,-0,-0,-0.754751,0.656012
458.487,171.405,-0.29728,-0,-0,-0.772597,0.634896
458.475,171.348,-1.06721e-19,-0,-0,-0.728702,0.684831
458.468,171.248,-0.463128,-0,-0,-0.736577,0.676354
458.457,171.149,-0.263923,-0,-0,-0.7512,0.660074
458.448,171.082,-6.76463e-19,-0,-0,-0.778255,0.627948
458.427,170.984,0.0764538,-0,-0,-0.777054,0.629434
458.407,170.886,0.153028,-0,-0,-0.77343,0.633882
458.388,170.788,0.229642,-0,-0,-0.767331,0.641251
458.372,170.689,0.123179,-0,-0,-0.761141,0.648586
458.358,170.605,-1.81238e-20,-0,-0,-0.745946,0.666007
458.347,170.505,-0.0559053,-0,-0,-0.746876,0.664964
458.335,170.406,-0.0611996,-0,-0,-0.749292,0.66224
458.323,170.307,-0.00105727,-0,-0,-0.750322,0.661073
458.322,170.305,1.71581e-21,-0,-0,-0.749621,0.661868
458.31,170.206,-4.30021e-05,-0,-0,-0.749622,0.661867
458.298,170.106,-3.90208e-05,-0,-0,-0.749623,0.661865
458.286,170.016,-1.39475e-17,-0,-0,-0.758204,0.652017
458.272,169.917,0.528892,-0,-0,-0.749526,0.661975
458.263,169.818,0.329132,-0,-0,-0.730895,0.68249
458.259,169.761,-1.01015e-17,-0,-0,-0.775359,0.631521
458.239,169.663,0.117484,-0,-0,-0.773501,0.633796
458.22,169.565,0.0898652,-0,-0,-0.769374,0.638798
458.205,169.484,-5.38901e-19,-0,-0,-0.763817,0.645433
458.189,169.385,0.0902079,-0,-0,-0.76236,0.647154
458.173,169.286,0.180572,-0,-0,-0.757961,0.652299
458.159,169.187,0.250188,-0,-0,-0.750579,0.660781
458.148,169.088,0.0815104,-0,-0,-0.745074,0.666981
458.142,169.04,0,-0,-0,-0.777061,0.629426
458.122,168.942,0.293178,-0,-0,-0.77243,0.6351
458.104,168.844,0.340286,-0,-0,-0.760845,0.648934
458.09,168.745,0.248401,-0,-0,-0.751217,0.660056
458.078,168.645,0.156658,-0,-0,-0.744494,0.667629
458.068,168.546,0.0654382,-0,-0,-0.740773,0.671755
458.061,168.474,1.02818e-17,-0,-0,-0.766549,0.642186
458.044,168.376,0.0950614,-0,-0,-0.76502,0.644006
458.027,168.277,0.128974,-0,-0,-0.760829,0.648952
458.012,168.178,0.0794724,-0,-0,-0.757437,0.652908
457.998,168.079,0.0299929,-0,-0,-0.755648,0.654978
457.989,168.019,-1.70932e-21,-0,-0,-0.749621,0.661867
457.977,167.92,-1.65383e-05,-0,-0,-0.749621,0.661867
457.964,167.821,-1.50071e-05,-0,-0,-0.749622,0.661866
457.953,167.731,2.65015e-23,-0,-0,-0.72879,0.684738
457.947,167.631,1.01939e-05,-0,-0,-0.728789,0.684738
457.941,167.531,9.07898e-06,-0,-0,-0.728789,0.684738
457.935,167.442,-1.40338e-17,-0,-0,-0.722372,0.691505
457.93,167.342,-0.536609,-0,-0,-0.731572,0.681765
457.92,167.243,-0.455076,-0,-0,-0.752802,0.658247
457.908,167.165,2.75042e-17,-0,-0,-0.726787,0.686863
457.902,167.065,-0.371521,-0,-0,-0.733131,0.680087
457.892,166.965,-0.284723,-0,-0,-0.746746,0.665109
457.881,166.876,5.10532e-17,-0,-0,-0.685913,0.727683
457.885,166.776,-1.13161,-0,-0,-0.706076,0.708136
457.878,166.677,-1.75561,-0,-0,-0.762174,0.647373
457.855,166.579,-0.458238,-0,-0,-0.796566,0.604551
457.845,166.543,0,-0,-0,-0.758439,0.651744
457.83,166.444,0.0434471,-0,-0,-0.757731,0.652567
457.816,166.345,0.0869214,-0,-0,-0.7556,0.655033
457.802,166.246,0.130413,-0,-0,-0.75203,0.659129
457.789,166.147,0.0989077,-0,-0,-0.748066,0.663624
457.778,166.048,0.0552633,-0,-0,-0.745503,0.666503
457.767,165.948,0.0116487,-0,-0,-0.744387,0.667749
457.764,165.922,6.35164e-18,-0,-0,-0.739895,0.672723
457.755,165.822,0.0514005,-0,-0,-0.73903,0.673673
457.746,165.723,0.102835,-0,-0,-0.736427,0.676517
457.738,165.623,0.154275,-0,-0,-0.732063,0.681237
457.731,165.523,0.062561,-0,-0,-0.728069,0.685504
457.728,165.467,-5.57581e-18,-0,-0,-0.743949,0.668236
457.717,165.368,-0.0134565,-0,-0,-0.744174,0.667986
457.707,165.268,-0.0202612,-0,-0,-0.744812,0.667275
457.695,165.169,-0.0133036,-0,-0,-0.745371,0.66665
457.684,165.069,-0.00634611,-0,-0,-0.745699,0.666283
457.674,164.979,-1.31758e-17,-0,-0,-0.719476,0.694517
457.67,164.879,-0.404454,-0,-0,-0.726456,0.687213
457.662,164.779,-0.520166,-0,-0,-0.745375,0.666645
457.649,164.68,-0.0557915,-0,-0,-0.754888,0.655854
457.647,164.668,0,-0,-0,-0.703638,0.710559
457.648,164.568,-0.329704,-0,-0,-0.709466,0.70474
457.645,164.468,-0.372095,-0,-0,-0.723367,0.690463
457.639,164.368,-0.270267,-0,-0,-0.734356,0.678764
457.629,164.269,-0.168659,-0,-0,-0.741761,0.670665
457.619,164.169,-0.0677513,-0,-0,-0.745715,0.666265
457.611,164.102,0,-0,-0,-0.717066,0.697005
457.608,164.002,-0.249864,-0,-0,-0.721404,0.692514
457.602,163.902,-0.501161,-0,-0,-0.734274,0.678853
457.592,163.803,-0.351491,-0,-0,-0.748569,0.663056
457.578,163.704,-0.201704,-0,-0,-0.757665,0.652643
457.563,163.605,-0.0530974,-0,-0,-0.761809,0.647802
457.557,163.569,-1.41515e-17,-0,-0,-0.748761,0.66284
457.545,163.47,-0.0682308,-0,-0,-0.74989,0.661562
457.532,163.371,-0.136559,-0,-0,-0.753268,0.657714
457.518,163.272,-0.204938,-0,-0,-0.758855,0.65126
457.501,163.173,-0.136145,-0,-0,-0.765173,0.643825
457.485,163.081,-3.67053e-18,-0,-0,-0.748589,0.663034
457.473,162.982,-0.0885418,-0,-0,-0.750055,0.661375
457.46,162.883,-0.106327,-0,-0,-0.753796,0.657109
457.446,162.784,-0.0653111,-0,-0,-0.756608,0.653868
457.431,162.685,-0.0243105,-0,-0,-0.758072,0.652171
457.422,162.626,7.603e-18,-0,-0,-0.751477,0.65976
457.41,162.527,0.353647,-0,-0,-0.745618,0.666374
457.401,162.427,0.398182,-0,-0,-0.729986,0.683462
457.396,162.328,0.0425559,-0,-0,-0.722416,0.691459
457.395,162.316,1.6335e-23,-0,-0,-0.746704,0.665156
457.383,162.216,-1.1742e-07,-0,-0,-0.746704,0.665156
457.372,162.117,-1.32419e-07,-0,-0,-0.746704,0.665156
457.36,162.018,-1.49998e-08,-0,-0,-0.746704,0.665156
457.359,162.005,-6.86076e-18,-0,-0,-0.72317,0.69067
457.354,161.905,-0.17384,-0,-0,-0.726164,0.687521
457.348,161.805,-0.255295,-0,-0,-0.734546,0.678559
457.338,161.706,-0.151137,-0,-0,-0.741402,0.671062
457.328,161.606,-0.0471533,-0,-0,-0.744719,0.667378
457.323,161.561,1.66535e-19,-0,-0,-0.755717,0.654898
457.309,161.462,-0.14868,-0,-0,-0.758146,0.652085
457.293,161.363,-0.0584035,-0,-0,-0.762416,0.647087
457.287,161.328,0,-0,-0,-0.743942,0.668244
457.276,161.229,-0.0140121,-0,-0,-0.744176,0.667983
457.265,161.129,-0.0215569,-0,-0,-0.744843,0.66724
457.254,161.03,-0.0157213,-0,-0,-0.745464,0.666546
457.243,160.93,-0.00988572,-0,-0,-0.745891,0.666068
457.232,160.831,-0.00405023,-0,-0,-0.746123,0.665808
457.224,160.762,2.06187e-19,-0,-0,-0.725938,0.687761
457.217,160.662,-0.786778,-0,-0,-0.739306,0.673369
457.206,160.574,-8.74443e-19,-0,-0,-0.740515,0.67204
457.196,160.474,0.0287613,-0,-0,-0.740032,0.672572
457.187,160.374,0.0487903,-0,-0,-0.738595,0.67415
457.179,160.285,2.7494e-17,-0,-0,-0.729855,0.683602
457.171,160.185,-0.752974,-0,-0,-0.742576,0.669762
457.158,160.086,-0.235102,-0,-0,-0.761224,0.648489
457.152,160.052,-6.05064e-18,-0,-0,-0.73019,0.683244
457.145,159.952,-0.0363965,-0,-0,-0.730812,0.682579
457.138,159.852,-0.0353696,-0,-0,-0.732248,0.681038
457.131,159.753,-0.0155252,-0,-0,-0.733114,0.680105
457.125,159.675,1.43051e-17,-0,-0,-0.768132,0.640291
457.108,159.576,0.961719,-0,-0,-0.752574,0.658507
457.1,159.477,0.652723,-0,-0,-0.722671,0.691193
457.098,159.376,0.165933,-0,-0,-0.708391,0.70582
457.098,159.342,1.11565e-17,-0,-0,-0.752532,0.658556
457.085,159.243,-0.0471748,-0,-0,-0.753308,0.657668
457.071,159.144,-0.0501364,-0,-0,-0.755155,0.655547
457.057,159.045,-0.0299437,-0,-0,-0.756466,0.654034
457.042,158.946,-0.0097529,-0,-0,-0.757114,0.653282
457.035,158.898,-2.08279e-21,-0,-0,-0.744159,0.668003
457.024,158.799,-1.74648e-05,-0,-0,-0.744159,0.668003
457.013,158.699,-2.35476e-05,-0,-0,-0.74416,0.668002
457.003,158.6,-6.0828e-06,-0,-0,-0.74416,0.668001
456.999,158.565,-6.58399e-18,-0,-0,-0.732459,0.680811
456.991,158.465,-0.0613459,-0,-0,-0.733503,0.679686
456.983,158.366,-0.122756,-0,-0,-0.736623,0.676303
456.974,158.266,-0.184189,-0,-0,-0.741791,0.670631
456.963,158.167,-0.100502,-0,-0,-0.747097,0.664715
456.954,158.088,-1.16839e-19,-0,-0,-0.756219,0.654319
456.941,157.989,0.709607,-0,-0,-0.744523,0.667597
456.934,157.889,0.799225,-0,-0,-0.712672,0.701497
456.936,157.789,0.0832267,-0,-0,-0.697063,0.71701
456.936,157.777,-5.41069e-23,-0,-0,-0.746705,0.665155
456.924,157.678,2.66482e-05,-0,-0,-0.746705,0.665156
456.913,157.579,3.00524e-05,-0,-0,-0.746704,0.665157
456.901,157.479,3.4042e-06,-0,-0,-0.746703,0.665157
456.9,157.467,-3.00602e-18,-0,-0,-0.729155,0.684348
456.894,157.367,0.0307449,-0,-0,-0.728629,0.684909
456.888,157.267,0.028596,-0,-0,-0.727361,0.686255
456.882,157.167,3.95088e-05,-0,-0,-0.726869,0.686776
456.882,157.167,6.13505e-17,-0,-0,-0.75162,0.659597
456.869,157.068,0.364343,-0,-0,-0.745585,0.666411
456.861,156.968,0.420908,-0,-0,-0.729392,0.684095
456.856,156.868,0.0787158,-0,-0,-0.720796,0.693147
456.855,156.845,-8.07241e-19,-0,-0,-0.7435,0.668736
456.844,156.746,-0.0422378,-0,-0,-0.744206,0.667951
456.833,156.646,-0.0559789,-0,-0,-0.746163,0.665763
456.822,156.547,-0.0107618,-0,-0,-0.747273,0.664517
456.819,156.523,0,-0,-0,-0.735902,0.677088
456.811,156.424,-0.0159805,-0,-0,-0.736172,0.676794
456.802,156.324,-0.0319642,-0,-0,-0.736983,0.675911
456.793,156.224,-0.0479523,-0,-0,-0.738332,0.674437
456.784,156.125,-0.0639425,-0,-0,-0.740216,0.672369
456.774,156.025,-0.0799268,-0,-0,-0.742629,0.669703
456.763,155.926,-0.0329166,-0,-0,-0.74453,0.667589
456.756,155.858,2.72925e-17,-0,-0,-0.724415,0.689364
456.75,155.758,-0.366109,-0,-0,-0.73069,0.682709
456.741,155.658,-0.341415,-0,-0,-0.74556,0.666438
456.729,155.559,-0.00310341,-0,-0,-0.75127,0.659996
456.729,155.558,-1.16228e-17,-0,-0,-0.742827,0.669483
456.719,155.458,0.0919594,-0,-0,-0.741286,0.671189
456.709,155.359,0.184117,-0,-0,-0.736636,0.676289
456.702,155.259,0.27632,-0,-0,-0.728804,0.684722
456.697,155.159,0.146701,-0,-0,-0.721492,0.692422
456.693,155.059,0.015511,-0,-0,-0.718679,0.695342
456.693,155.048,6.6772e-20,-0,-0,-0.746442,0.665451
456.684,154.948,1.63663,-0,-0,-0.718666,0.695356
456.684,154.914,8.69249e-19,-0,-0,-0.779034,0.626982
456.664,154.816,1.15841,-0,-0,-0.760661,0.649149
456.656,154.717,1.16387,-0,-0,-0.707675,0.706539
456.657,154.67,-1.3494e-17,-0,-0,-0.72609,0.6876
456.649,154.571,-1.28761,-0,-0,-0.747794,0.66393
456.639,154.504,5.18653e-21,-0,-0,-0.743292,0.668968
456.628,154.404,-0.0556224,-0,-0,-0.744221,0.667933
456.617,154.305,-0.054314,-0,-0,-0.746693,0.665169
456.612,154.26,-3.14789e-19,-0,-0,-0.755282,0.6554
456.599,154.16,0.721547,-0,-0,-0.743366,0.668885
456.593,154.061,0.814406,-0,-0,-0.709659,0.704545
456.594,153.993,6.30411e-18,-0,-0,-0.718731,0.695288
456.59,153.893,-0.450888,-0,-0,-0.726516,0.68715
456.581,153.794,-0.431303,-0,-0,-0.746743,0.665113
456.576,153.749,-7.19242e-18,-0,-0,-0.718979,0.695031
456.572,153.649,-0.318557,-0,-0,-0.724489,0.689286
456.565,153.55,-0.425378,-0,-0,-0.739965,0.672645
456.558,153.483,-1.89701e-16,-0,-0,-0.695568,0.71846
456.56,153.383,-0.545851,-0,-0,-0.705289,0.70892
456.557,153.283,-0.979138,-0,-0,-0.733592,0.67959
456.545,153.184,-0.459806,-0,-0,-0.757525,0.652806
456.531,153.095,1.39117e-17,-0,-0,-0.692311,0.721599
456.535,152.995,0.1769,-0,-0,-0.689114,0.724653
456.541,152.895,0.251725,-0,-0,-0.679854,0.733348
456.549,152.806,-2.08517e-16,-0,-0,-0.80351,0.595291
456.524,152.709,2.67958,-0,-0,-0.762628,0.646837
456.52,152.61,0.87561,-0,-0,-0.691125,0.722736
456.522,152.573,3.06403e-18,-0,-0,-0.765743,0.643147
456.507,152.474,1.41828,-0,-0,-0.742669,0.669658
456.505,152.374,1.21203,-0,-0,-0.683589,0.729867
456.513,152.296,0,-0,-0,-0.744274,0.667874
456.502,152.196,0.10542,-0,-0,-0.742511,0.669834
456.493,152.097,0.211214,-0,-0,-0.737187,0.675689
456.485,151.997,0.298766,-0,-0,-0.728232,0.685331
456.481,151.897,0.223977,-0,-0,-0.719218,0.694785
456.478,151.797,0.149152,-0,-0,-0.712707,0.701462
456.477,151.697,0.0746134,-0,-0,-0.708771,0.705439
456.477,151.597,0.000311628,-0,-0,-0.707447,0.706766
456.477,151.597,3.43037e-18,-0,-0,-0.747317,0.664468
456.465,151.497,0.0451934,-0,-0,-0.746566,0.665312
456.454,151.398,0.0522654,-0,-0,-0.744584,0.667529
456.443,151.299,0.0100482,-0,-0,-0.743543,0.668688
456.441,151.275,1.39306e-17,-0,-0,-0.737251,0.675619
456.431,151.175,-0.440863,-0,-0,-0.744645,0.667461
456.418,151.076,-0.574895,-0,-0,-0.764711,0.644374
456.399,150.978,-0.0710929,-0,-0,-0.775005,0.631955
456.396,150.964,1.36036e-17,-0,-0,-0.747008,0.664815
456.385,150.865,0.182969,-0,-0,-0.74396,0.668224
456.375,150.765,0.273281,-0,-0,-0.73523,0.677818
456.368,150.666,0.170983,-0,-0,-0.727658,0.68594
456.363,150.566,0.0688588,-0,-0,-0.723532,0.690291
456.36,150.498,1.36174e-17,-0,-0,-0.697558,0.716528
456.362,150.398,-0.581112,-0,-0,-0.707874,0.706338
456.358,150.298,-0.775463,-0,-0,-0.735823,0.677174
456.346,150.199,-0.194626,-0,-0,-0.752001,0.659161
456.342,150.165,-6.7481e-17,-0,-0,-0.754545,0.656249
456.329,150.066,0.424803,-0,-0,-0.747542,0.664214
456.32,149.967,0.513967,-0,-0,-0.729142,0.684363
456.315,149.867,0.320328,-0,-0,-0.714718,0.699412
456.315,149.767,0.128274,-0,-0,-0.706828,0.707385
456.315,149.699,-2.74317e-17,-0,-0,-0.779099,0.626901
456.295,149.601,0.854442,-0,-0,-0.76558,0.643341
456.283,149.502,0.853651,-0,-0,-0.730587,0.68282
456.279,149.402,0.100084,-0,-0,-0.714148,0.699994
456.279,149.389,-2.5995e-17,-0,-0,-0.756566,0.653918
456.266,149.289,0.735841,-0,-0,-0.744442,0.667687
456.259,149.19,0.803528,-0,-0,-0.711572,0.702613
456.261,149.09,0.00505076,-0,-0,-0.697268,0.716811
456.261,149.089,0,-0,-0,-0.732993,0.680236
456.253,148.989,0.00693958,-0,-0,-0.732875,0.680364
456.246,148.889,0.0138796,-0,-0,-0.732521,0.680745
456.239,148.79,0.0208203,-0,-0,-0.73193,0.68138
456.232,148.69,0.0277617,-0,-0,-0.731102,0.682269
456.225,148.59,0.0347033,-0,-0,-0.730035,0.683409
456.219,148.49,0.0416441,-0,-0,-0.72873,0.684802
456.213,148.391,0.0289936,-0,-0,-0.727367,0.686248
456.207,148.291,0.000218539,-0,-0,-0.726866,0.686779
456.207,148.29,1.71306e-18,-0,-0,-0.7447,0.667399
456.196,148.191,0.0346628,-0,-0,-0.744122,0.668044
456.185,148.091,0.0474346,-0,-0,-0.742502,0.669844
456.175,147.992,0.0149146,-0,-0,-0.741457,0.671
456.171,147.946,9.54578e-20,-0,-0,-0.745947,0.666005
456.159,147.847,-0.055886,-0,-0,-0.746877,0.664962
456.148,147.747,-0.0611787,-0,-0,-0.749293,0.662239
456.135,147.648,-0.0010571,-0,-0,-0.750322,0.661072
456.135,147.646,-3.87144e-18,-0,-0,-0.729156,0.684347
456.129,147.547,0.0307713,-0,-0,-0.72863,0.684908
456.123,147.447,0.0286206,-0,-0,-0.72736,0.686256
456.117,147.347,3.95569e-05,-0,-0,-0.726869,0.686777
456.117,147.347,-2.79677e-17,-0,-0,-0.717491,0.696568
456.113,147.247,-0.702631,-0,-0,-0.729585,0.683891
456.102,147.148,-0.786498,-0,-0,-0.760187,0.649705
456.083,147.049,-0.0914737,-0,-0,-0.77423,0.632904
456.081,147.036,2.03761e-17,-0,-0,-0.751619,0.659598
456.068,146.937,0.364332,-0,-0,-0.745584,0.666412
456.06,146.837,0.420894,-0,-0,-0.729392,0.684096
456.055,146.737,0.0787124,-0,-0,-0.720796,0.693147
456.054,146.714,7.83717e-19,-0,-0,-0.745776,0.666197
456.043,146.615,0.217356,-0,-0,-0.742146,0.670238
456.034,146.515,0.334363,-0,-0,-0.731487,0.681855
456.028,146.415,0.0848405,-0,-0,-0.724303,0.689482
456.027,146.381,1.24358e-17,-0,-0,-0.770224,0.637773
456.009,146.283,0.56444,-0,-0,-0.761164,0.648559
455.997,146.184,0.761746,-0,-0,-0.734953,0.678118
455.992,146.084,0.147527,-0,-0,-0.719377,0.69462
455.991,146.06,2.1095e-17,-0,-0,-0.75489,0.655851
455.978,145.96,0.454667,-0,-0,-0.747394,0.664381
455.969,145.861,0.428832,-0,-0,-0.728812,0.684713
455.964,145.761,0.00414264,-0,-0,-0.721365,0.692555
455.964,145.76,-8.88879e-17,-0,-0,-0.754997,0.655728
455.951,145.661,0.463973,-0,-0,-0.747349,0.664432
455.942,145.561,0.453421,-0,-0,-0.728231,0.685332
455.937,145.461,0.0486362,-0,-0,-0.719579,0.694411
455.937,145.449,-1.38386e-17,-0,-0,-0.72233,0.691549
455.932,145.349,-0.355381,-0,-0,-0.728441,0.685108
455.923,145.25,-0.396143,-0,-0,-0.744118,0.668049
455.911,145.151,-0.0423384,-0,-0,-0.751392,0.659857
455.91,145.139,1.06149e-19,-0,-0,-0.748636,0.662981
455.898,145.039,0.28815,-0,-0,-0.743843,0.668354
455.889,144.94,0.388373,-0,-0,-0.730268,0.68316
455.884,144.84,0.0985695,-0,-0,-0.721901,0.691996
455.883,144.806,0,-0,-0,-0.748344,0.663311
455.871,144.706,0.121075,-0,-0,-0.746333,0.665573
455.86,144.607,0.172179,-0,-0,-0.740771,0.671758
455.851,144.507,0.132555,-0,-0,-0.735632,0.677381
455.844,144.408,0.0929138,-0,-0,-0.731803,0.681517
455.837,144.308,0.0533234,-0,-0,-0.729306,0.684188
455.831,144.208,0.0137852,-0,-0,-0.728157,0.685411
455.829,144.173,-2.06088e-17,-0,-0,-0.722329,0.691549
455.824,144.073,-0.355382,-0,-0,-0.728441,0.685109
455.815,143.974,-0.396143,-0,-0,-0.744117,0.668049
455.803,143.874,-0.0423377,-0,-0,-0.751391,0.659857
455.802,143.863,6.17438e-17,-0,-0,-0.723981,0.68982
455.797,143.763,-0.236705,-0,-0,-0.728049,0.685525
455.789,143.663,-0.31637,-0,-0,-0.738933,0.673779
455.778,143.564,-0.198208,-0,-0,-0.747537,0.66422
455.766,143.464,-0.0803661,-0,-0,-0.752145,0.658998
455.757,143.397,2.53845e-17,-0,-0,-0.784286,0.6204
455.736,143.298,1.46941,-0,-0,-0.761228,0.648484
455.729,143.199,1.64586,-0,-0,-0.694799,0.719204
455.738,143.099,0.0344365,-0,-0,-0.664357,0.747415
455.739,143.097,5.37829e-17,-0,-0,-0.786784,0.617229
455.716,142.999,0.564879,-0,-0,-0.778006,0.628257
455.698,142.901,0.804759,-0,-0,-0.752247,0.658882
455.688,142.802,0.261569,-0,-0,-0.734444,0.678669
455.685,142.753,-2.05716e-17,-0,-0,-0.722329,0.691549
455.68,142.653,-0.3554,-0,-0,-0.728441,0.685108
455.671,142.553,-0.396164,-0,-0,-0.744119,0.668048
455.659,142.454,-0.0423413,-0,-0,-0.751393,0.659855
455.658,142.442,4.71154e-22,-0,-0,-0.746705,0.665155
455.646,142.343,1.60748e-05,-0,-0,-0.746705,0.665155
455.635,142.244,1.81283e-05,-0,-0,-0.746704,0.665156
455.623,142.144,2.0535e-06,-0,-0,-0.746704,0.665157
455.622,142.132,1.65948e-21,-0,-0,-0.727264,0.686358
455.616,142.032,-3.07252e-05,-0,-0,-0.727265,0.686357
455.61,141.932,-3.41708e-05,-0,-0,-0.727266,0.686356
455.604,141.832,-3.44569e-06,-0,-0,-0.727267,0.686355
455.604,141.821,1.66641e-19,-0,-0,-0.751475,0.659761
455.591,141.722,0.353616,-0,-0,-0.745617,0.666375
455.582,141.622,0.398146,-0,-0,-0.729986,0.683462
455.577,141.522,0.0425515,-0,-0,-0.722417,0.691458
455.577,141.51,-1.37933e-17,-0,-0,-0.722265,0.691616
455.572,141.41,-0.230299,-0,-0,-0.726233,0.687448
455.565,141.311,-0.343443,-0,-0,-0.737344,0.675518
455.555,141.211,-0.220234,-0,-0,-0.746787,0.665063
455.542,141.112,-0.0973337,-0,-0,-0.752044,0.659113
455.532,141.033,0,-0,-0,-0.744739,0.667356
455.521,140.933,0.0876724,-0,-0,-0.743273,0.668988
455.511,140.834,0.175755,-0,-0,-0.738848,0.673872
455.503,140.734,0.264356,-0,-0,-0.73139,0.68196
455.497,140.634,0.352965,-0,-0,-0.720783,0.69316
455.495,140.534,0.27021,-0,-0,-0.70821,0.706002
455.496,140.445,-6.9419e-20,-0,-0,-0.745947,0.666005
455.484,140.346,-0.055874,-0,-0,-0.746877,0.664962
455.472,140.246,-0.0611655,-0,-0,-0.749292,0.66224
455.46,140.147,-0.00105672,-0,-0,-0.750321,0.661074
455.46,140.145,-1.88575e-20,-0,-0,-0.726868,0.686778
455.454,140.046,-0.0285731,-0,-0,-0.727358,0.686258
455.448,139.946,-0.0308053,-0,-0,-0.728627,0.684911
455.442,139.846,-4.24449e-05,-0,-0,-0.729155,0.684349
455.442,139.846,-2.73996e-17,-0,-0,-0.759631,0.650354
455.427,139.747,0.240322,-0,-0,-0.755707,0.65491
455.414,139.647,0.484156,-0,-0,-0.743725,0.668486
455.406,139.548,0.728679,-0,-0,-0.723133,0.690709
455.405,139.448,0.298351,-0,-0,-0.70367,0.710527
455.406,139.391,-1.11832e-19,-0,-0,-0.722332,0.691546
455.401,139.291,-0.355339,-0,-0,-0.728443,0.685106
455.392,139.191,-0.396098,-0,-0,-0.744118,0.668049
455.38,139.092,-0.0423343,-0,-0,-0.751391,0.659858
455.379,139.08,0,-0,-0,-0.722433,0.691441
455.374,138.98,0.0228087,-0,-0,-0.722038,0.691853
455.37,138.88,0.0456293,-0,-0,-0.720853,0.693088
455.367,138.78,0.0684685,-0,-0,-0.718873,0.695141
455.364,138.68,0.091322,-0,-0,-0.716091,0.698007
455.361,138.58,0.11417,-0,-0,-0.712496,0.701676
455.361,138.48,0.109301,-0,-0,-0.708187,0.706024
455.361,138.38,0.0103259,-0,-0,-0.706073,0.708139
455.361,138.37,1.509e-18,-0,-0,-0.728916,0.684603
455.354,138.27,0.0107499,-0,-0,-0.728732,0.684799
455.348,138.17,0.0126655,-0,-0,-0.728264,0.685297
455.342,138.071,0.00748891,-0,-0,-0.727919,0.685664
455.336,137.971,0.00231231,-0,-0,-0.727751,0.685842
455.334,137.926,1.15422e-17,-0,-0,-0.756565,0.653918
455.32,137.827,0.735799,-0,-0,-0.744442,0.667687
455.314,137.727,0.803484,-0,-0,-0.711575,0.702611
455.316,137.627,0.00505304,-0,-0,-0.697271,0.716808
455.316,137.627,-6.85502e-18,-0,-0,-0.724413,0.689366
455.31,137.527,-0.366135,-0,-0,-0.730689,0.68271
455.301,137.427,-0.341437,-0,-0,-0.74556,0.666438
455.289,137.328,-0.00310227,-0,-0,-0.75127,0.659996
455.289,137.327,-1.71541e-17,-0,-0,-0.705274,0.708935
455.289,137.227,-0.127523,-0,-0,-0.70753,0.706683
455.288,137.127,-0.168635,-0,-0,-0.713581,0.700572
455.285,137.027,-0.102481,-0,-0,-0.718313,0.69572
455.282,136.927,-0.0363824,-0,-0,-0.720724,0.693222
455.28,136.872,-2.05798e-17,-0,-0,-0.702151,0.712028
455.28,136.772,-0.40166,-0,-0,-0.70926,0.704947
455.277,136.672,-0.371744,-0,-0,-0.726051,0.68764
455.271,136.572,-9.98732e-23,-0,-0,-0.728788,0.68474
455.264,136.473,7.26719e-06,-0,-0,-0.728788,0.68474
455.258,136.373,6.47229e-06,-0,-0,-0.728787,0.68474
455.253,136.284,5.04199e-21,-0,-0,-0.727265,0.686357
455.247,136.184,-3.62398e-05,-0,-0,-0.727266,0.686356
455.241,136.084,-4.03039e-05,-0,-0,-0.727267,0.686354
455.235,135.984,-4.06423e-06,-0,-0,-0.727268,0.686354
455.235,135.973,-2.79529e-17,-0,-0,-0.691221,0.722643
455.239,135.873,-0.374601,-0,-0,-0.69796,0.716137
455.239,135.773,-0.757474,-0,-0,-0.717924,0.696121
455.231,135.673,-0.754155,-0,-0,-0.747911,0.663799
455.217,135.574,-0.00501641,-0,-0,-0.760333,0.649533
455.217,135.574,-1.7194e-18,-0,-0,-0.730985,0.682394
455.21,135.474,0.0418784,-0,-0,-0.73027,0.683159
455.203,135.374,0.0301584,-0,-0,-0.728731,0.6848
455.199,135.296,6.95045e-19,-0,-0,-0.690853,0.722996
455.201,135.196,-1.32242,-0,-0,-0.714192,0.69995
455.191,135.097,-1.17929,-0,-0,-0.767152,0.641465
455.172,135.008,-8.98608e-19,-0,-0,-0.734339,0.678782
455.164,134.908,-0.113984,-0,-0,-0.736271,0.676687
455.155,134.809,-0.014676,-0,-0,-0.73885,0.673869
455.154,134.797,4.11061e-22,-0,-0,-0.735136,0.677919
455.146,134.697,-3.02422e-05,-0,-0,-0.735137,0.677919
455.138,134.598,-6.85085e-06,-0,-0,-0.735138,0.677918
455.136,134.575,-2.64224e-17,-0,-0,-0.757133,0.65326
455.126,134.475,3.28346,-0,-0,-0.701977,0.712199
455.136,134.398,3.71547e-18,-0,-0,-0.745557,0.666442
455.125,134.298,0.162042,-0,-0,-0.74285,0.669458
455.115,134.198,0.325266,-0,-0,-0.734639,0.678458
455.109,134.099,0.48893,-0,-0,-0.720685,0.693263
455.108,133.999,0.264359,-0,-0,-0.705943,0.708268
455.109,133.92,-1.47437e-18,-0,-0,-0.67543,0.737424
455.116,133.821,-0.727697,-0,-0,-0.688697,0.725049
455.117,133.721,-0.91238,-0,-0,-0.724179,0.689612
455.109,133.621,-0.00131219,-0,-0,-0.739687,0.672951
455.109,133.621,4.20674e-17,-0,-0,-0.871578,0.490257
455.072,133.527,13.147,-0,-0,-0.693194,0.720751
455.082,133.488,5.50095e-17,-0,-0,-0.717378,0.696684
455.076,133.388,-1.80147,-0,-0,-0.747705,0.664031
455.055,133.29,-0.948387,-0,-0,-0.800521,0.599304
455.037,133.232,-1.31558e-23,-0,-0,-0.707087,0.707127
455.037,133.132,-5.02943e-07,-0,-0,-0.707087,0.707127
455.037,133.032,-2.13602e-07,-0,-0,-0.707087,0.707127
455.037,132.977,2.73513e-17,-0,-0,-0.735857,0.677137
455.029,132.877,0.525728,-0,-0,-0.726904,0.686739
455.027,132.778,0.400709,-0,-0,-0.706963,0.70725
455.028,132.689,-5.03292e-21,-0,-0,-0.727265,0.686356
455.022,132.589,-3.3554e-05,-0,-0,-0.727266,0.686356
455.016,132.489,-3.73169e-05,-0,-0,-0.727267,0.686354
455.01,132.389,-3.76304e-06,-0,-0,-0.727268,0.686353
455.01,132.378,-2.74921e-17,-0,-0,-0.701109,0.713054
455.01,132.278,-0.57087,-0,-0,-0.711202,0.702988
455.006,132.178,-0.378858,-0,-0,-0.732015,0.681288
455.001,132.112,5.89172e-20,-0,-0,-0.730015,0.683431
454.994,132.012,-0.0536623,-0,-0,-0.730931,0.682451
454.987,131.912,-0.0326789,-0,-0,-0.732828,0.680414
454.983,131.856,-7.5451e-20,-0,-0,-0.729304,0.68419
454.976,131.757,-0.123584,-0,-0,-0.731415,0.681933
454.968,131.657,-0.066344,-0,-0,-0.73567,0.677341
454.965,131.612,5.69807e-20,-0,-0,-0.695227,0.71879
454.966,131.512,-1.13337,-0,-0,-0.715216,0.698903
454.957,131.413,-0.754107,-0,-0,-0.755674,0.654948
454.947,131.346,-4.618e-22,-0,-0,-0.727267,0.686355
454.941,131.246,2.22384e-05,-0,-0,-0.727266,0.686355
454.935,131.146,2.47324e-05,-0,-0,-0.727265,0.686357
454.929,131.047,2.49395e-06,-0,-0,-0.727265,0.686357
454.929,131.035,6.85197e-18,-0,-0,-0.700566,0.713588
454.929,130.935,-0.741144,-0,-0,-0.713645,0.700507
454.924,130.836,-0.327557,-0,-0,-0.736422,0.676522
454.92,130.791,2.32648e-17,-0,-0,-0.775842,0.630928
454.903,130.692,2.37169,-0,-0,-0.737729,0.675097
454.906,130.593,0.88541,-0,-0,-0.663891,0.747829
454.911,130.558,7.12744e-19,-0,-0,-0.658267,0.752785
454.92,130.458,-2.46549,-0,-0,-0.702644,0.711542
454.909,130.359,-0.904606,-0,-0,-0.774272,0.632853
454.902,130.325,6.42798e-18,-0,-0,-0.758488,0.651687
454.888,130.226,0.558061,-0,-0,-0.749333,0.662193
454.878,130.127,0.380578,-0,-0,-0.729277,0.684218
454.875,130.059,-5.80016e-18,-0,-0,-0.777516,0.628863
454.854,129.961,0.231276,-0,-0,-0.773863,0.633353
454.836,129.862,0.465884,-0,-0,-0.76271,0.64674
454.822,129.763,0.701515,-0,-0,-0.743531,0.668702
454.815,129.664,0.360723,-0,-0,-0.724024,0.689775
454.812,129.582,2.02054e-22,-0,-0,-0.744159,0.668002
454.801,129.482,6.49874e-06,-0,-0,-0.744159,0.668002
454.79,129.383,8.76217e-06,-0,-0,-0.744159,0.668003
454.779,129.284,2.26342e-06,-0,-0,-0.744159,0.668003
454.776,129.249,6.86776e-18,-0,-0,-0.745428,0.666586
454.764,129.15,-0.0940832,-0,-0,-0.746993,0.664831
454.752,129.05,-0.127407,-0,-0,-0.751229,0.660042
454.739,128.951,-0.0820988,-0,-0,-0.754676,0.656098
454.725,128.852,-0.0368085,-0,-0,-0.756623,0.653852
454.713,128.772,-1.25338e-20,-0,-0,-0.74732,0.664465
454.701,128.672,0.0452706,-0,-0,-0.746567,0.66531
454.69,128.573,0.0523548,-0,-0,-0.744582,0.667531
454.679,128.474,0.0100653,-0,-0,-0.743539,0.668692
454.677,128.45,-2.54156e-18,-0,-0,-0.7435,0.668736
454.666,128.351,-0.0422819,-0,-0,-0.744206,0.66795
454.655,128.251,-0.0560376,-0,-0,-0.746166,0.66576
454.643,128.152,-0.0107734,-0,-0,-0.747277,0.664513
454.641,128.128,-2.694e-17,-0,-0,-0.687599,0.72609
454.644,128.028,-1.18728,-0,-0,-0.708693,0.705517
454.636,127.929,-1.49797,-0,-0,-0.764178,0.645005
454.614,127.831,-0.0330156,-0,-0,-0.788082,0.61557
454.614,127.829,-1.03196e-18,-0,-0,-0.787233,0.616656
454.59,127.731,0.330154,-0,-0,-0.782119,0.623129
454.57,127.633,0.391332,-0,-0,-0.768195,0.640216
454.553,127.535,0.0571675,-0,-0,-0.760972,0.648785
454.551,127.518,-2.08953e-17,-0,-0,-0.743056,0.669229
454.54,127.418,-0.268465,-0,-0,-0.747529,0.664229
454.526,127.319,-0.311341,-0,-0,-0.759154,0.650911
454.51,127.221,-0.0622008,-0,-0,-0.765198,0.643795
454.506,127.196,-2.85162e-23,-0,-0,-0.744161,0.668
454.495,127.097,1.75887e-05,-0,-0,-0.744161,0.668
454.484,126.997,2.37147e-05,-0,-0,-0.74416,0.668001
454.473,126.898,6.12599e-06,-0,-0,-0.74416,0.668002
454.47,126.863,-1.20474e-23,-0,-0,-0.746704,0.665156
454.458,126.764,-1.34396e-05,-0,-0,-0.746705,0.665156
454.447,126.665,-1.51565e-05,-0,-0,-0.746705,0.665155
454.435,126.565,-1.71688e-06,-0,-0,-0.746705,0.665155
454.434,126.552,-7.43636e-18,-0,-0,-0.751474,0.659763
454.421,126.453,0.353596,-0,-0,-0.745616,0.666375
454.412,126.354,0.398121,-0,-0,-0.729986,0.683462
454.407,126.254,0.0425485,-0,-0,-0.722417,0.691457
454.407,126.242,1.89292e-19,-0,-0,-0.721362,0.692558
454.402,126.142,-0.424698,-0,-0,-0.728668,0.684867
454.393,126.042,-0.459164,-0,-0,-0.747246,0.664548
454.38,125.943,-0.00443439,-0,-0,-0.75489,0.655851
454.38,125.942,-6.69406e-19,-0,-0,-0.714681,0.699451
454.377,125.842,-0.197812,-0,-0,-0.718134,0.695905
454.373,125.742,-0.397826,-0,-0,-0.728415,0.685136
454.364,125.643,-0.598728,-0,-0,-0.745245,0.666791
454.35,125.544,-0.345244,-0,-0,-0.762386,0.647122
454.335,125.454,1.27133e-17,-0,-0,-0.749656,0.661828
454.322,125.355,-0.119284,-0,-0,-0.751627,0.659589
454.308,125.256,-0.23899,-0,-0,-0.757504,0.652831
454.292,125.157,-0.358772,-0,-0,-0.767173,0.64144
454.273,125.059,-0.137414,-0,-0,-0.775817,0.630958
454.263,125.01,3.42618e-18,-0,-0,-0.748555,0.663073
454.251,124.911,0.0341662,-0,-0,-0.747988,0.663712
454.239,124.812,0.0683413,-0,-0,-0.746285,0.665627
454.228,124.712,0.102516,-0,-0,-0.743435,0.668809
454.218,124.613,0.00239542,-0,-0,-0.74139,0.671074
454.218,124.611,-1.10416e-16,-0,-0,-0.566338,0.824173
454.256,124.498,-2.63908,-0,-0,-0.619064,0.78534
454.257,124.401,-10.1759,-0,-0,-0.8169,0.57678
454.209,124.344,-6.1434e-19,-0,-0,-0.755688,0.654932
454.194,124.245,-0.216873,-0,-0,-0.759227,0.650826
454.177,124.147,-0.434577,-0,-0,-0.769723,0.638378
454.157,124.049,-0.194441,-0,-0,-0.781436,0.623985
454.145,124,-1.17771e-17,-0,-0,-0.817197,0.576358
454.114,123.905,1.25967,-0,-0,-0.798736,0.601682
454.092,123.808,0.62985,-0,-0,-0.764395,0.644748
454.082,123.745,1.18571e-18,-0,-0,-0.738277,0.674498
454.07,123.646,-2.25055,-0,-0,-0.774669,0.632367
454.046,123.568,1.03195e-17,-0,-0,-0.736135,0.676835
454.037,123.468,-0.3589,-0,-0,-0.742175,0.670206
454.026,123.369,-0.190911,-0,-0,-0.751341,0.659915
454.012,123.27,-0.0216791,-0,-0,-0.754837,0.655913
454.01,123.257,1.08812e-19,-0,-0,-0.735744,0.67726
454.001,123.157,-0.42758,-0,-0,-0.74294,0.669358
453.992,123.079,1.35517e-17,-0,-0,-0.73008,0.683361
453.986,122.98,0.310024,-0,-0,-0.724764,0.688997
453.983,122.88,0.468067,-0,-0,-0.708839,0.70537
453.983,122.835,-1.31638e-17,-0,-0,-0.768794,0.639497
453.966,122.737,0.469393,-0,-0,-0.761244,0.648465
453.953,122.638,0.544036,-0,-0,-0.740019,0.672586
453.947,122.569,1.74483e-18,-0,-0,-0.734339,0.678783
453.939,122.469,-0.113964,-0,-0,-0.73627,0.676688
453.93,122.37,-0.0146732,-0,-0,-0.738849,0.673871
453.929,122.358,-3.1969e-22,-0,-0,-0.727771,0.68582
453.923,122.258,-0.0686115,-0,-0,-0.728946,0.684571
453.917,122.159,-0.137269,-0,-0,-0.73246,0.68081
453.909,122.059,-0.122739,-0,-0,-0.73781,0.675009
453.902,121.992,1.41346e-17,-0,-0,-0.772528,0.634981
453.884,121.894,0.547678,-0,-0,-0.763773,0.645485
453.871,121.795,0.453645,-0,-0,-0.741185,0.6713
453.866,121.748,4.48161e-19,-0,-0,-0.768791,0.6395
453.849,121.649,0.469339,-0,-0,-0.761242,0.648468
453.836,121.55,0.543968,-0,-0,-0.740019,0.672586
453.83,121.482,-6.827e-18,-0,-0,-0.737487,0.675361
453.821,121.382,-0.425601,-0,-0,-0.744626,0.667482
453.807,121.283,-0.299328,-0,-0,-0.762656,0.646805
453.803,121.26,7.59998e-19,-0,-0,-0.758051,0.652195
453.789,121.161,0.111033,-0,-0,-0.756237,0.654297
453.775,121.061,0.222556,-0,-0,-0.750754,0.660582
453.764,120.962,0.334439,-0,-0,-0.741486,0.670969
453.755,120.863,0.290799,-0,-0,-0.729379,0.68411
453.75,120.763,0.0345934,-0,-0,-0.723793,0.690017
453.749,120.749,3.77156e-18,-0,-0,-0.750624,0.660729
453.736,120.65,-0.239445,-0,-0,-0.754565,0.656225
453.721,120.551,-0.133853,-0,-0,-0.762577,0.646897
453.713,120.505,-3.41922e-18,-0,-0,-0.752144,0.658999
453.7,120.406,0.0584008,-0,-0,-0.751181,0.660096
453.688,120.307,0.116811,-0,-0,-0.748282,0.66338
453.677,120.217,-5.55058e-19,-0,-0,-0.728356,0.685199
453.668,120.117,-1.73292,-0,-0,-0.757241,0.653136
453.65,120.028,-3.7951e-20,-0,-0,-0.737166,0.675712
453.641,119.928,-0.176352,-0,-0,-0.740138,0.672455
453.632,119.839,1.38289e-17,-0,-0,-0.733619,0.679561
453.624,119.74,-0.463962,-0,-0,-0.741443,0.671016
453.611,119.64,-0.653001,-0,-0,-0.763407,0.645918
453.596,119.562,-5.87025e-20,-0,-0,-0.745227,0.666811
453.585,119.463,-0.375747,-0,-0,-0.751455,0.659785
453.57,119.364,-0.0153206,-0,-0,-0.76329,0.646056
453.569,119.362,-3.7685e-18,-0,-0,-0.751986,0.65918
453.557,119.263,0.203309,-0,-0,-0.748626,0.662993
453.546,119.164,0.114575,-0,-0,-0.741113,0.67138
453.542,119.129,6.99644e-18,-0,-0,-0.741116,0.671377
453.532,119.03,-0.410493,-0,-0,-0.747963,0.663741
453.517,118.931,-0.143752,-0,-0,-0.763292,0.646054
453.515,118.918,-4.09785e-17,-0,-0,-0.76686,0.641814
453.498,118.82,0.341848,-0,-0,-0.761351,0.64834
453.485,118.721,0.486975,-0,-0,-0.7455,0.666506
453.475,118.621,0.198475,-0,-0,-0.733975,0.679176
453.47,118.552,1.8936e-17,-0,-0,-0.736484,0.676455
453.461,118.453,-0.297182,-0,-0,-0.741488,0.670966
453.45,118.353,-0.107911,-0,-0,-0.748267,0.663398
453.443,118.297,-1.33487e-17,-0,-0,-0.725155,0.688586
453.434,118.197,-2.30159,-0,-0,-0.763335,0.646003
453.416,118.119,-1.37224e-17,-0,-0,-0.765412,0.64354
453.4,118.021,0.401838,-0,-0,-0.758914,0.651191
453.387,117.922,0.590056,-0,-0,-0.739663,0.672977
453.38,117.831,-3.39942e-18,-0,-0,-0.763789,0.645466
453.364,117.732,0.315942,-0,-0,-0.758669,0.651476
453.351,117.633,0.215947,-0,-0,-0.749085,0.662474
453.339,117.534,0.0570758,-0,-0,-0.744546,0.667571
453.335,117.498,8.45352e-24,-0,-0,-0.767291,0.6413
453.317,117.4,4.7812e-05,-0,-0,-0.76729,0.641301
453.3,117.301,1.41265e-06,-0,-0,-0.767289,0.641302
453.299,117.298,4.7114e-20,-0,-0,-0.760149,0.649748
453.283,117.2,-0.218553,-0,-0,-0.763688,0.645586
453.266,117.101,-0.0336253,-0,-0,-0.768544,0.639797
453.263,117.087,-1.24438e-17,-0,-0,-0.776674,0.629903
453.243,116.989,0.430399,-0,-0,-0.769858,0.638216
453.228,116.891,0.864136,-0,-0,-0.748808,0.662787
453.218,116.791,0.0280644,-0,-0,-0.733235,0.679975
453.218,116.788,1.92487e-19,-0,-0,-0.773836,0.633387
453.2,116.689,1.20069,-0,-0,-0.754515,0.656283
453.191,116.599,-2.94279e-21,-0,-0,-0.738163,0.674622
453.182,116.5,-5.13592e-05,-0,-0,-0.738164,0.674621
453.173,116.4,-2.78195e-07,-0,-0,-0.738165,0.67462
453.173,116.399,4.05654e-17,-0,-0,-0.708642,0.705568
453.172,116.299,-0.136431,-0,-0,-0.711045,0.703146
453.17,116.199,-0.273492,-0,-0,-0.718213,0.695823
453.166,116.099,-0.410666,-0,-0,-0.730007,0.68344
453.157,116,-0.0973083,-0,-0,-0.74028,0.672299
453.155,115.978,-8.64554e-19,-0,-0,-0.738421,0.67434
453.146,115.878,0.0452328,-0,-0,-0.737658,0.675174
453.138,115.779,0.0239782,-0,-0,-0.736486,0.676453
453.129,115.679,0.00254347,-0,-0,-0.736037,0.676941
453.128,115.667,2.97258e-17,-0,-0,-0.750556,0.660807
453.116,115.567,0.55734,-0,-0,-0.741288,0.671187
453.11,115.468,1.12898,-0,-0,-0.712388,0.701786
453.114,115.368,0.52248,-0,-0,-0.678046,0.73502
453.119,115.312,-1.03155e-17,-0,-0,-0.731594,0.68174
453.112,115.212,-0.123659,-0,-0,-0.733698,0.679475
453.104,115.113,-0.0927704,-0,-0,-0.737948,0.674858
453.094,115.013,-0.0173024,-0,-0,-0.739802,0.672824
453.092,114.99,2.63818e-17,-0,-0,-0.755761,0.654847
453.079,114.891,0.752942,-0,-0,-0.743333,0.668921
453.074,114.791,0.797975,-0,-0,-0.708417,0.705794
453.074,114.735,1.7913e-18,-0,-0,-0.736225,0.676737
453.066,114.635,0.155781,-0,-0,-0.733584,0.679599
453.059,114.536,0.125712,-0,-0,-0.728423,0.685128
453.054,114.436,0.0718757,-0,-0,-0.72503,0.688718
453.049,114.336,0.0180795,-0,-0,-0.723479,0.690347
453.047,114.302,-1.66073e-21,-0,-0,-0.72284,0.691015
453.043,114.202,-7.84968e-06,-0,-0,-0.72284,0.691015
453.038,114.102,-1.5689e-05,-0,-0,-0.722841,0.691015
453.034,114.003,-7.83931e-06,-0,-0,-0.722841,0.691014
453.029,113.903,2.50266e-17,-0,-0,-0.717001,0.697072
453.026,113.803,-0.106439,-0,-0,-0.718854,0.695161
453.022,113.703,-0.213302,-0,-0,-0.724389,0.689392
453.016,113.603,-0.32047,-0,-0,-0.733521,0.679667
453.007,113.503,-0.271526,-0,-0,-0.744938,0.667134
452.995,113.404,-0.0288766,-0,-0,-0.749925,0.661523
452.993,113.392,-9.38357e-19,-0,-0,-0.728325,0.685232
452.987,113.293,-0.0387513,-0,-0,-0.728989,0.684526
452.98,113.193,-0.0327292,-0,-0,-0.730551,0.682858
452.975,113.115,-2.74267e-17,-0,-0,-0.70215,0.712029
452.976,113.015,-0.40167,-0,-0,-0.709259,0.704948
452.973,112.915,-0.371752,-0,-0,-0.726051,0.687641
452.966,112.815,3.21322e-18,-0,-0,-0.745529,0.666473
452.955,112.716,0.0878362,-0,-0,-0.744064,0.668108
452.945,112.616,0.132239,-0,-0,-0.739885,0.672734
452.936,112.517,0.0866746,-0,-0,-0.736192,0.676773
452.928,112.417,0.0411252,-0,-0,-0.734026,0.679121
452.921,112.327,1.09732e-18,-0,-0,-0.701617,0.712554
452.922,112.227,-0.293571,-0,-0,-0.706825,0.707389
452.92,112.127,-0.446449,-0,-0,-0.721689,0.692217
452.915,112.027,-0.110893,-0,-0,-0.731259,0.6821
452.912,111.994,6.92871e-18,-0,-0,-0.714436,0.699701
452.91,111.894,-0.0612094,-0,-0,-0.715506,0.698607
452.907,111.794,-0.122471,-0,-0,-0.718706,0.695314
452.903,111.694,-0.183253,-0,-0,-0.724007,0.689792
452.898,111.595,-0.0652576,-0,-0,-0.728278,0.685281
452.894,111.539,2.7381e-17,-0,-0,-0.701962,0.712214
452.895,111.439,-0.359559,-0,-0,-0.708332,0.70588
452.892,111.339,-0.39839,-0,-0,-0.72465,0.689118
452.886,111.24,-0.0392474,-0,-0,-0.732141,0.681153
452.885,111.229,6.62323e-20,-0,-0,-0.725599,0.688118
452.88,111.129,-0.0215274,-0,-0,-0.725969,0.687727
452.874,111.029,-0.028201,-0,-0,-0.726994,0.686644
452.868,110.929,-0.00514084,-0,-0,-0.727566,0.686038
452.867,110.907,-4.08978e-17,-0,-0,-0.697557,0.716529
452.869,110.807,-0.581132,-0,-0,-0.707873,0.706339
452.865,110.707,-0.775487,-0,-0,-0.735823,0.677174
452.854,110.608,-0.194631,-0,-0,-0.752002,0.659161
452.849,110.574,-6.84911e-17,-0,-0,-0.701958,0.712218
452.85,110.474,-0.359644,-0,-0,-0.708329,0.705882
452.847,110.374,-0.398483,-0,-0,-0.724651,0.689116
452.841,110.274,-0.0392563,-0,-0,-0.732144,0.68115
452.84,110.263,-7.97322e-19,-0,-0,-0.729272,0.684224
452.834,110.163,0.248398,-0,-0,-0.72501,0.688738
452.831,110.063,0.382917,-0,-0,-0.712493,0.701679
452.831,109.963,0.117191,-0,-0,-0.703668,0.710529
452.831,109.919,1.37311e-17,-0,-0,-0.733907,0.679249
452.824,109.819,0.43159,-0,-0,-0.726542,0.687122
452.821,109.72,0.400968,-0,-0,-0.708458,0.705753
452.822,109.62,-1.35023e-17,-0,-0,-0.756564,0.653919
452.809,109.52,0.735802,-0,-0,-0.744441,0.667688
452.803,109.421,0.803482,-0,-0,-0.711573,0.702612
452.804,109.321,0.00504933,-0,-0,-0.69727,0.716809
452.804,109.32,0,-0,-0,-0.728931,0.684587
452.798,109.22,0.0395891,-0,-0,-0.728253,0.685308
452.792,109.12,0.0791998,-0,-0,-0.726215,0.687468
452.787,109.021,0.118826,-0,-0,-0.722803,0.691054
452.783,108.921,0.0957306,-0,-0,-0.718843,0.695173
452.78,108.821,0.0546493,-0,-0,-0.716224,0.69787
452.778,108.721,0.0135928,-0,-0,-0.715033,0.699091
452.777,108.688,7.89018e-23,-0,-0,-0.707088,0.707125
452.777,108.588,5.0531e-06,-0,-0,-0.707088,0.707125
452.777,108.488,1.01062e-05,-0,-0,-0.707088,0.707125
452.777,108.388,1.51593e-05,-0,-0,-0.707088,0.707126
452.777,108.288,7.27574e-06,-0,-0,-0.707087,0.707126
452.777,108.21,6.84796e-18,-0,-0,-0.704935,0.709272
452.778,108.11,-0.131739,-0,-0,-0.707266,0.706947
452.777,108.01,-0.192827,-0,-0,-0.713802,0.700347
452.774,107.91,-0.113742,-0,-0,-0.719149,0.694856
452.77,107.811,-0.0347337,-0,-0,-0.721723,0.692182
452.768,107.767,2.74714e-17,-0,-0,-0.723805,0.690004
452.763,107.667,-0.249312,-0,-0,-0.72809,0.685481
452.755,107.567,-0.291519,-0,-0,-0.739236,0.673447
452.745,107.468,-0.0739689,-0,-0,-0.745357,0.666666
452.741,107.434,2.72348e-17,-0,-0,-0.714516,0.699619
452.738,107.334,-0.916523,-0,-0,-0.730287,0.68314
452.725,107.235,-1.05766,-0,-0,-0.770107,0.637915
452.703,107.137,-0.214176,-0,-0,-0.789927,0.613201
452.696,107.112,1.38159e-17,-0,-0,-0.743945,0.66824
452.685,107.013,-0.203179,-0,-0,-0.747329,0.664454
452.672,106.913,-0.240628,-0,-0,-0.756187,0.654355
452.657,106.815,-0.0636032,-0,-0,-0.761141,0.648586
452.651,106.779,-1.66736e-21,-0,-0,-0.74416,0.668001
452.64,106.68,-1.5402e-05,-0,-0,-0.74416,0.668001
452.63,106.58,-2.07664e-05,-0,-0,-0.744161,0.668
452.619,106.481,-5.3644e-06,-0,-0,-0.744161,0.668
452.615,106.446,-1.36401e-17,-0,-0,-0.696119,0.717926
452.617,106.346,-0.891858,-0,-0,-0.711896,0.702285
452.61,106.246,-0.791958,-0,-0,-0.748178,0.663498
452.597,106.158,0,-0,-0,-0.772804,0.634645
452.578,106.059,0.295052,-0,-0,-0.768105,0.640323
452.562,105.961,0.384709,-0,-0,-0.75554,0.655103
452.55,105.862,0.291544,-0,-0,-0.744364,0.667774
452.54,105.762,0.19833,-0,-0,-0.736131,0.676839
452.533,105.662,0.105759,-0,-0,-0.730961,0.682419
452.526,105.562,0.0137514,-0,-0,-0.728916,0.684603
452.525,105.547,-2.72763e-17,-0,-0,-0.718752,0.695267
452.521,105.447,-0.612076,-0,-0,-0.729285,0.68421
452.511,105.348,-0.70261,-0,-0,-0.756165,0.654381
452.494,105.249,-0.136076,-0,-0,-0.769697,0.638409
452.489,105.226,5.47816e-17,-0,-0,-0.701983,0.712194
452.49,105.126,-0.358268,-0,-0,-0.708328,0.705884
452.487,105.026,-0.477954,-0,-0,-0.725214,0.688524
452.48,104.926,-0.298116,-0,-0,-0.738429,0.674331
452.47,104.826,-0.119396,-0,-0,-0.745428,0.666587
452.462,104.76,1.37021e-18,-0,-0,-0.770223,0.637775
452.444,104.661,0.564425,-0,-0,-0.761163,0.648561
452.432,104.562,0.76172,-0,-0,-0.734952,0.678119
452.427,104.462,0.147519,-0,-0,-0.719377,0.69462
452.426,104.438,-1.70886e-20,-0,-0,-0.790666,0.612248
452.402,104.34,0.828502,-0,-0,-0.777867,0.628429
452.387,104.242,1.16748,-0,-0,-0.739656,0.672986
452.382,104.142,0.309934,-0,-0,-0.714392,0.699746
452.381,104.105,7.39948e-18,-0,-0,-0.769845,0.638231
452.363,104.006,0.34383,-0,-0,-0.764334,0.644821
452.349,103.908,0.395579,-0,-0,-0.749498,0.662007
452.338,103.808,0.048679,-0,-0,-0.742103,0.670285
452.336,103.794,-1.2718e-17,-0,-0,-0.756564,0.653919
452.323,103.695,0.735765,-0,-0,-0.744442,0.667687
452.317,103.595,0.803444,-0,-0,-0.711576,0.702609
452.318,103.495,0.00505181,-0,-0,-0.697273,0.716806
452.318,103.495,-2.64531e-17,-0,-0,-0.729017,0.684495
452.312,103.395,-0.178259,-0,-0,-0.732061,0.681239
452.303,103.295,-0.357832,-0,-0,-0.741124,0.671369
452.291,103.196,-0.537467,-0,-0,-0.755959,0.654619
452.275,103.097,-0.199228,-0,-0,-0.767944,0.640517
452.264,103.04,1.20513e-17,-0,-0,-0.753088,0.65792
452.252,102.94,0.577668,-0,-0,-0.743526,0.668707
452.245,102.841,0.779967,-0,-0,-0.715962,0.698139
452.245,102.741,0.195759,-0,-0,-0.69875,0.715366
452.246,102.707,0,-0,-0,-0.734663,0.678432
452.238,102.607,-0.0441618,-0,-0,-0.735412,0.677621
452.23,102.507,-0.0883516,-0,-0,-0.737652,0.675181
452.22,102.408,-0.132559,-0,-0,-0.74137,0.671097
452.21,102.308,-0.0989561,-0,-0,-0.745395,0.666623
452.198,102.209,-0.0548872,-0,-0,-0.747953,0.663751
452.186,102.11,-0.0108486,-0,-0,-0.749043,0.662521
452.183,102.085,4.065e-17,-0,-0,-0.774787,0.632222
452.164,101.987,0.470078,-0,-0,-0.767312,0.641274
452.149,101.888,0.454966,-0,-0,-0.748523,0.663109
452.138,101.789,0.0138338,-0,-0,-0.740708,0.671827
452.138,101.786,-1.64819e-18,-0,-0,-0.750884,0.660435
452.126,101.687,0.108365,-0,-0,-0.749092,0.662466
452.114,101.587,0.106127,-0,-0,-0.744692,0.667408
452.103,101.488,0.0120285,-0,-0,-0.742717,0.669605
452.102,101.475,-2.73498e-17,-0,-0,-0.719824,0.694157
452.098,101.375,-0.535227,-0,-0,-0.729033,0.684478
452.088,101.276,-0.627788,-0,-0,-0.752708,0.658355
452.072,101.177,-0.162472,-0,-0,-0.765552,0.643374
452.066,101.142,1.42309e-17,-0,-0,-0.748638,0.662979
452.054,101.043,0.288151,-0,-0,-0.743845,0.668352
452.046,100.943,0.388375,-0,-0,-0.73027,0.683159
452.04,100.843,0.0985706,-0,-0,-0.721903,0.691994
452.039,100.809,3.43806e-18,-0,-0,-0.752694,0.658371
452.026,100.71,0.0337062,-0,-0,-0.752139,0.659005
452.013,100.611,0.0674197,-0,-0,-0.75047,0.660904
452.001,100.512,0.0820784,-0,-0,-0.747743,0.663988
451.989,100.412,0.021778,-0,-0,-0.746017,0.665927
451.985,100.376,1.34551e-17,-0,-0,-0.770279,0.637708
451.967,100.278,0.376771,-0,-0,-0.764242,0.644929
451.953,100.179,0.444171,-0,-0,-0.747886,0.663828
451.942,100.08,0.0888545,-0,-0,-0.738979,0.673728
451.94,100.055,1.20688e-17,-0,-0,-0.747817,0.663905
451.928,99.9554,0.0820944,-0,-0,-0.746453,0.665439
451.917,99.856,0.0970114,-0,-0,-0.742832,0.669478
451.907,99.7565,0.025061,-0,-0,-0.740785,0.671742
451.904,99.7218,2.81885e-17,-0,-0,-0.77028,0.637706
451.886,99.6234,0.37683,-0,-0,-0.764243,0.644929
451.872,99.5245,0.44424,-0,-0,-0.747883,0.66383
451.861,99.425,0.088867,-0,-0,-0.738975,0.673732
451.859,99.4,3.40735e-17,-0,-0,-0.758676,0.651468
451.845,99.301,0.577362,-0,-0,-0.749207,0.662336
451.836,99.2015,0.422959,-0,-0,-0.728112,0.685458
451.832,99.1226,-1.68975e-18,-0,-0,-0.743501,0.668735
451.821,99.0232,-0.0422801,-0,-0,-0.744207,0.667949
451.81,98.9238,-0.0560351,-0,-0,-0.746167,0.665759
451.799,98.8245,-0.0107729,-0,-0,-0.747278,0.664512
451.796,98.8008,-1.24255e-18,-0,-0,-0.751385,0.659864
451.783,98.7016,0.103367,-0,-0,-0.749677,0.661804
451.772,98.6023,0.207043,-0,-0,-0.744519,0.667601
451.762,98.5028,0.310835,-0,-0,-0.735815,0.677182
451.755,98.403,0.170993,-0,-0,-0.726614,0.687046
451.751,98.3237,1.28031e-17,-0,-0,-0.774394,0.632704
451.732,98.2254,0.690903,-0,-0,-0.763377,0.645953
451.72,98.1263,0.771171,-0,-0,-0.733266,0.679942
451.715,98.0263,0.0165537,-0,-0,-0.719771,0.694212
451.715,98.0241,2.89516e-17,-0,-0,-0.71522,0.6989
451.711,97.9236,-0.83281,-0,-0,-0.729567,0.683909
451.699,97.8246,-1.70294,-0,-0,-0.771329,0.636437
451.673,97.7282,-0.536775,-0,-0,-0.80897,0.58785
451.661,97.6912,1.37124e-17,-0,-0,-0.725177,0.688562
451.655,97.5914,-0.302385,-0,-0,-0.73036,0.683063
451.647,97.4917,-0.29223,-0,-0,-0.742768,0.669549
451.635,97.3924,-0.0311435,-0,-0,-0.748155,0.663524
451.634,97.3805,4.14748e-17,-0,-0,-0.770234,0.637762
451.616,97.282,0.565252,-0,-0,-0.761162,0.648562
451.604,97.1829,0.787499,-0,-0,-0.734777,0.678309
451.599,97.083,0.247552,-0,-0,-0.717007,0.697066
451.598,97.0365,1.36068e-18,-0,-0,-0.715466,0.698647
451.594,96.9365,-0.654348,-0,-0,-0.726773,0.686878
451.585,96.8371,-0.862903,-0,-0,-0.757226,0.653153
451.567,96.7387,-0.167498,-0,-0,-0.773761,0.633478
451.562,96.7147,-5.60724e-18,-0,-0,-0.748215,0.663456
451.55,96.6154,0.260994,-0,-0,-0.743872,0.668322
451.541,96.5158,0.338567,-0,-0,-0.731664,0.681665
451.536,96.416,0.0360793,-0,-0,-0.72525,0.688485
451.535,96.404,2.22618e-19,-0,-0,-0.74269,0.669635
451.524,96.3046,-0.0940856,-0,-0,-0.744263,0.667886
451.513,96.2053,-0.122212,-0,-0,-0.748602,0.66302
451.501,96.106,-0.0138511,-0,-0,-0.750852,0.66047
451.499,96.0934,-6.51286e-18,-0,-0,-0.733035,0.680191
451.492,95.9936,0.418757,-0,-0,-0.725879,0.687822
451.489,95.8936,0.390828,-0,-0,-0.707429,0.706784
451.49,95.827,-3.43541e-17,-0,-0,-0.725816,0.687889
451.484,95.7272,-0.249063,-0,-0,-0.730083,0.683358
451.476,95.6276,-0.24809,-0,-0,-0.740395,0.672172
451.465,95.5281,-0.0463152,-0,-0,-0.745321,0.666706
451.463,95.5053,2.76621e-17,-0,-0,-0.737738,0.675087
451.454,95.4057,-0.234305,-0,-0,-0.741679,0.670755
451.442,95.3064,-0.368268,-0,-0,-0.753,0.658021
451.427,95.2075,-0.135022,-0,-0,-0.761217,0.648497
451.418,95.1502,1.26226e-17,-0,-0,-0.770222,0.637775
451.4,95.0517,0.564436,-0,-0,-0.761162,0.648561
451.388,94.9525,0.761735,-0,-0,-0.734951,0.67812
451.383,94.8526,0.147521,-0,-0,-0.719376,0.694621
451.382,94.8284,-7.37049e-21,-0,-0,-0.754729,0.656037
451.369,94.7292,0.440459,-0,-0,-0.747466,0.6643
451.36,94.6297,0.398154,-0,-0,-0.729637,0.683834
451.355,94.5399,-5.33781e-17,-0,-0,-0.721226,0.6927
451.35,94.4396,-0.284707,-0,-0,-0.726144,0.687543
451.343,94.3398,-0.57542,-0,-0,-0.740753,0.671777
451.33,94.2408,-0.867557,-0,-0,-0.764472,0.644657
451.309,94.1431,-0.399655,-0,-0,-0.78585,0.618418
451.292,94.0738,6.19276e-18,-0,-0,-0.762057,0.64751
451.276,93.9751,0.208069,-0,-0,-0.758679,0.651464
451.262,93.876,0.328304,-0,-0,-0.748715,0.662892
451.251,93.7766,0.104837,-0,-0,-0.741495,0.670959
451.247,93.7299,3.90765e-19,-0,-0,-0.713911,0.700236
451.244,93.6297,-0.751077,-0,-0,-0.726894,0.686749
451.233,93.5305,-0.971011,-0,-0,-0.761621,0.648022
451.214,93.4323,-0.11381,-0,-0,-0.778857,0.627201
451.211,93.4192,1.2063e-19,-0,-0,-0.723494,0.690331
451.205,93.3193,-0.442978,-0,-0,-0.731088,0.682284
451.196,93.2198,-0.395806,-0,-0,-0.748865,0.662723
451.184,93.1307,-1.37565e-17,-0,-0,-0.717491,0.696568
451.18,93.0306,-0.702648,-0,-0,-0.729585,0.68389
451.169,92.9314,-0.786517,-0,-0,-0.760188,0.649703
451.15,92.833,-0.0914776,-0,-0,-0.774232,0.632902
451.148,92.82,-1.58879e-18,-0,-0,-0.740641,0.671901
451.138,92.7204,-0.0719163,-0,-0,-0.741848,0.670568
451.127,92.621,-0.110658,-0,-0,-0.745335,0.66669
451.116,92.5217,-0.0285866,-0,-0,-0.747651,0.664092
451.112,92.4871,8.08112e-19,-0,-0,-0.7435,0.668736
451.101,92.3876,-0.0422551,-0,-0,-0.744206,0.66795
451.09,92.2883,-0.0560019,-0,-0,-0.746165,0.665761
451.079,92.1889,-0.0107663,-0,-0,-0.747275,0.664515
451.076,92.1653,1.2224e-17,-0,-0,-0.779178,0.626803
451.056,92.0672,0.861396,-0,-0,-0.765547,0.64338
451.044,91.9681,0.79772,-0,-0,-0.730836,0.682553
451.04,91.8768,2.67622e-17,-0,-0,-0.774408,0.632687
451.021,91.7785,0.692142,-0,-0,-0.763373,0.645957
451.009,91.6794,0.815887,-0,-0,-0.73289,0.680347
451.004,91.5794,0.158378,-0,-0,-0.71614,0.697957
451.004,91.555,-1.40019e-17,-0,-0,-0.748646,0.66297
450.992,91.4556,0.288899,-0,-0,-0.743842,0.668356
450.983,91.3561,0.437348,-0,-0,-0.72996,0.683489
450.979,91.2562,0.291138,-0,-0,-0.717398,0.696664
450.977,91.1562,0.145407,-0,-0,-0.709752,0.704451
450.977,91.0561,0.00060881,-0,-0,-0.707175,0.707039
450.977,91.0557,-1.15857e-20,-0,-0,-0.7023,0.711881
450.978,90.9556,-0.292401,-0,-0,-0.707483,0.70673
450.976,90.8557,-0.388966,-0,-0,-0.721679,0.692228
450.97,90.7558,-0.0966036,-0,-0,-0.730025,0.68342
450.968,90.7228,4.31413e-19,-0,-0,-0.72824,0.685322
450.962,90.623,0.0046849,-0,-0,-0.72816,0.685407
450.956,90.5231,0.00936982,-0,-0,-0.727919,0.685663
450.95,90.4233,0.0140547,-0,-0,-0.727518,0.686089
450.944,90.3235,0.00503728,-0,-0,-0.72719,0.686437
450.941,90.2678,0,-0,-0,-0.749129,0.662424
450.929,90.1685,0.179288,-0,-0,-0.746153,0.665774
450.919,90.0691,0.256246,-0,-0,-0.737886,0.674926
450.911,89.9694,0.20001,-0,-0,-0.730142,0.683296
450.905,89.8696,0.143697,-0,-0,-0.724244,0.689543
450.901,89.7697,0.087537,-0,-0,-0.720245,0.69372
450.898,89.6696,0.0315549,-0,-0,-0.718175,0.695862
450.896,89.6132,1.15958e-18,-0,-0,-0.712767,0.701401
450.894,89.5132,-0.0686298,-0,-0,-0.713969,0.700177
450.892,89.4132,-0.137346,-0,-0,-0.717565,0.696491
450.888,89.3133,-0.206091,-0,-0,-0.723518,0.690305
450.882,89.2134,-0.101613,-0,-0,-0.729455,0.684028
450.878,89.1471,8.29809e-22,-0,-0,-0.707091,0.707122
450.878,89.0471,2.46864e-05,-0,-0,-0.707091,0.707123
450.878,88.9471,2.18476e-05,-0,-0,-0.70709,0.707124
450.878,88.8586,-2.74298e-17,-0,-0,-0.703675,0.710522
450.878,88.7586,-0.239624,-0,-0,-0.707917,0.706295
450.877,88.6587,-0.319159,-0,-0,-0.719258,0.694743
450.872,88.5588,-0.199137,-0,-0,-0.728197,0.685368
450.865,88.459,-0.0794506,-0,-0,-0.732953,0.680279
450.86,88.3926,-3.43495e-17,-0,-0,-0.721319,0.692603
450.855,88.2927,-0.28943,-0,-0,-0.726309,0.687369
450.848,88.193,-0.386704,-0,-0,-0.739987,0.672621
450.837,88.0936,-0.0981455,-0,-0,-0.748082,0.663606
450.833,88.0597,0,-0,-0,-0.726642,0.687017
450.827,87.9598,0.0438749,-0,-0,-0.725888,0.687813
450.822,87.86,0.0679152,-0,-0,-0.723734,0.690079
450.818,87.7601,0.0522315,-0,-0,-0.721658,0.692249
450.814,87.6602,0.0365464,-0,-0,-0.72012,0.693849
450.81,87.5602,0.0208643,-0,-0,-0.719123,0.694882
450.807,87.4603,0.0051852,-0,-0,-0.718671,0.69535
450.806,87.4272,6.34781e-18,-0,-0,-0.732215,0.681073
450.799,87.3274,0.358964,-0,-0,-0.726078,0.687612
450.796,87.2275,0.399071,-0,-0,-0.709797,0.704406
450.797,87.1275,0.0393148,-0,-0,-0.702039,0.712138
450.797,87.1165,0,-0,-0,-0.733351,0.67985
450.789,87.0168,-0.0462608,-0,-0,-0.734137,0.679002
450.781,86.9171,-0.0925564,-0,-0,-0.736489,0.67645
450.772,86.8175,-0.138877,-0,-0,-0.74039,0.672178
450.762,86.7181,-0.112632,-0,-0,-0.744879,0.6672
450.75,86.6187,-0.0648196,-0,-0,-0.747831,0.663889
450.738,86.5195,-0.0170468,-0,-0,-0.749188,0.662357
450.734,86.484,-6.81634e-18,-0,-0,-0.743944,0.668242
450.723,86.3846,-0.203214,-0,-0,-0.747329,0.664454
450.71,86.2855,-0.240669,-0,-0,-0.756188,0.654354
450.695,86.1867,-0.0636142,-0,-0,-0.761143,0.648584
450.689,86.1511,2.0174e-17,-0,-0,-0.721364,0.692556
450.684,86.0512,-0.424682,-0,-0,-0.72867,0.684865
450.675,85.9517,-0.459149,-0,-0,-0.747247,0.664547
450.662,85.8525,-0.00443542,-0,-0,-0.754891,0.65585
450.662,85.8515,0,-0,-0,-0.72753,0.686076
450.656,85.7517,-0.105615,-0,-0,-0.729339,0.684153
450.649,85.652,-0.135021,-0,-0,-0.734018,0.67913
450.64,85.5523,-0.103141,-0,-0,-0.738048,0.674748
450.631,85.4528,-0.0712568,-0,-0,-0.740983,0.671524
450.621,85.3533,-0.0394005,-0,-0,-0.742838,0.669471
450.61,85.2538,-0.00756973,-0,-0,-0.743624,0.668598
450.608,85.2302,-3.01185e-24,-0,-0,-0.746704,0.665156
450.596,85.1308,-8.10473e-06,-0,-0,-0.746704,0.665156
450.585,85.0315,-9.14007e-06,-0,-0,-0.746705,0.665156
450.573,84.9322,-1.03534e-06,-0,-0,-0.746705,0.665155
450.572,84.9195,-1.29477e-18,-0,-0,-0.727585,0.686018
450.566,84.8196,0.0230466,-0,-0,-0.727189,0.686437
450.56,84.7198,0.0263112,-0,-0,-0.726153,0.687534
450.555,84.6199,0.00479632,-0,-0,-0.725618,0.688098
450.554,84.5977,1.98027e-18,-0,-0,-0.720696,0.693251
450.55,84.4977,-0.0984637,-0,-0,-0.722401,0.691475
450.545,84.3978,-0.197196,-0,-0,-0.727492,0.686116
450.538,84.2981,-0.296033,-0,-0,-0.735895,0.677095
450.528,84.1986,-0.170226,-0,-0,-0.744571,0.667544
450.518,84.1094,-5.22767e-18,-0,-0,-0.753803,0.657101
450.504,84.0104,0.0816593,-0,-0,-0.75246,0.658638
450.491,83.9112,0.0601823,-0,-0,-0.749533,0.661967
450.482,83.832,-1.57407e-21,-0,-0,-0.727583,0.68602
450.476,83.7322,0.0230027,-0,-0,-0.727188,0.686438
450.47,83.6324,0.026261,-0,-0,-0.726153,0.687533
450.465,83.5325,0.00478717,-0,-0,-0.72562,0.688096
450.464,83.5102,-1.82928e-18,-0,-0,-0.747816,0.663906
450.452,83.4109,0.0820828,-0,-0,-0.746453,0.665439
450.441,83.3115,0.0969976,-0,-0,-0.742832,0.669478
450.431,83.212,0.0250575,-0,-0,-0.740786,0.671741
450.428,83.1774,2.05644e-17,-0,-0,-0.722027,0.691865
450.423,83.0774,-0.245305,-0,-0,-0.726255,0.687426
450.416,82.9777,-0.332746,-0,-0,-0.737895,0.674916
450.406,82.8782,-0.10333,-0,-0,-0.745206,0.666834
450.401,82.8334,-9.56746e-20,-0,-0,-0.740642,0.6719
450.391,82.7339,-0.0719086,-0,-0,-0.741849,0.670567
450.38,82.6344,-0.110647,-0,-0,-0.745335,0.66669
450.369,82.5351,-0.0285837,-0,-0,-0.747651,0.664091
450.365,82.5005,1.91991e-20,-0,-0,-0.745947,0.666006
450.353,82.4011,-0.0559119,-0,-0,-0.746877,0.664962
450.341,82.3019,-0.0612069,-0,-0,-0.749293,0.662238
450.329,82.2026,-0.00105745,-0,-0,-0.750323,0.661071
450.329,82.2009,0,-0,-0,-0.739134,0.673559
450.319,82.1013,-0.00402814,-0,-0,-0.739202,0.673484
450.31,82.0018,-0.00805631,-0,-0,-0.739405,0.673261
450.301,81.9022,-0.0114169,-0,-0,-0.739743,0.67289
450.291,81.8026,-0.00892398,-0,-0,-0.740085,0.672514
450.282,81.7031,-0.00643105,-0,-0,-0.740343,0.672229
450.272,81.6036,-0.00393812,-0,-0,-0.740517,0.672037
450.262,81.504,-0.00144521,-0,-0,-0.740608,0.671938
450.257,81.4463,-5.10705e-18,-0,-0,-0.747818,0.663903
450.245,81.347,0.0821125,-0,-0,-0.746454,0.665437
450.234,81.2476,0.097033,-0,-0,-0.742832,0.669477
450.224,81.1481,0.0250667,-0,-0,-0.740785,0.671742
450.221,81.1135,2.33748e-20,-0,-0,-0.745947,0.666005
450.209,81.0141,-0.0559162,-0,-0,-0.746878,0.664962
450.197,80.9148,-0.0612117,-0,-0,-0.749294,0.662237
450.185,80.8156,-0.00105767,-0,-0,-0.750324,0.66107
450.185,80.8139,-6.44756e-18,-0,-0,-0.735856,0.677138
450.176,80.7142,-0.0733684,-0,-0,-0.737097,0.675787
450.167,80.6146,-0.146817,-0,-0,-0.740806,0.671719
450.156,80.5152,-0.197751,-0,-0,-0.7469,0.664936
450.144,80.416,-0.0513877,-0,-0,-0.751026,0.660272
450.14,80.3811,2.64258e-19,-0,-0,-0.719479,0.694514
450.135,80.2811,-0.404385,-0,-0,-0.726457,0.687212
450.127,80.1815,-0.520076,-0,-0,-0.745373,0.666647
450.114,80.0824,-0.0557797,-0,-0,-0.754884,0.655858
450.113,80.0704,-3.18395e-20,-0,-0,-0.743501,0.668735
450.102,79.971,-0.0422316,-0,-0,-0.744207,0.667949
450.091,79.8716,-0.0559708,-0,-0,-0.746164,0.665762
450.079,79.7723,-0.0107603,-0,-0,-0.747274,0.664516
450.077,79.7486,0,-0,-0,-0.760117,0.649786
450.061,79.6498,0.0968322,-0,-0,-0.758542,0.651624
450.047,79.5509,0.166589,-0,-0,-0.75388,0.657012
450.034,79.4517,0.130343,-0,-0,-0.748983,0.66259
450.022,79.3524,0.0940652,-0,-0,-0.745254,0.666781
450.012,79.253,0.0578217,-0,-0,-0.742716,0.669606
450.002,79.1534,0.0216232,-0,-0,-0.741385,0.67108
449.996,79.0939,6.85229e-18,-0,-0,-0.72539,0.688339
449.99,78.9941,-0.135284,-0,-0,-0.727713,0.685882
449.983,78.8943,-0.1795,-0,-0,-0.733949,0.679205
449.975,78.7947,-0.109447,-0,-0,-0.738836,0.673885
449.965,78.6952,-0.0394576,-0,-0,-0.741339,0.67113
449.96,78.639,1.60236e-18,-0,-0,-0.774423,0.632668
449.941,78.5407,0.693314,-0,-0,-0.763369,0.645962
449.929,78.4416,0.797066,-0,-0,-0.73298,0.68025
449.924,78.3416,0.0927009,-0,-0,-0.717706,0.696347
449.924,78.3283,1.35927e-17,-0,-0,-0.735572,0.677447
449.915,78.2286,-0.355258,-0,-0,-0.741555,0.670892
449.902,78.1295,-0.548236,-0,-0,-0.75861,0.651545
449.885,78.0309,-0.145016,-0,-0,-0.76978,0.63831
449.879,77.9954,-1.01054e-23,-0,-0,-0.746706,0.665155
449.867,77.8961,5.55211e-06,-0,-0,-0.746706,0.665155
449.856,77.7968,6.26138e-06,-0,-0,-0.746705,0.665155
449.844,77.6974,7.09269e-07,-0,-0,-0.746705,0.665155
449.843,77.6847,4.27581e-23,-0,-0,-0.727267,0.686355
449.837,77.5849,3.35046e-05,-0,-0,-0.727266,0.686356
449.831,77.4851,3.7262e-05,-0,-0,-0.727265,0.686357
449.825,77.3852,3.75734e-06,-0,-0,-0.727264,0.686358
449.825,77.374,-8.75221e-22,-0,-0,-0.727268,0.686354
449.819,77.2742,3.043e-05,-0,-0,-0.727267,0.686355
449.813,77.1744,3.38426e-05,-0,-0,-0.727266,0.686356
449.807,77.0745,3.41261e-06,-0,-0,-0.727265,0.686357
449.807,77.0633,7.53384e-17,-0,-0,-0.722583,0.691284
449.802,76.9634,-0.210626,-0,-0,-0.726212,0.687471
449.795,76.8637,-0.315331,-0,-0,-0.736387,0.676561
449.785,76.7642,-0.206536,-0,-0,-0.745149,0.666898
449.773,76.6649,-0.0979505,-0,-0,-0.750204,0.661207
449.762,76.5751,-2.04996e-17,-0,-0,-0.723131,0.690711
449.756,76.4752,-0.297743,-0,-0,-0.72825,0.685312
449.749,76.3756,-0.340558,-0,-0,-0.741478,0.670977
449.737,76.2762,-0.063626,-0,-0,-0.748217,0.663454
449.735,76.2533,3.41505e-19,-0,-0,-0.73275,0.680498
449.727,76.1536,-0.078816,-0,-0,-0.734089,0.679053
449.719,76.0539,-0.157753,-0,-0,-0.738092,0.6747
449.709,75.9544,-0.236713,-0,-0,-0.74471,0.667389
449.697,75.8551,-0.0968172,-0,-0,-0.750676,0.66067
449.69,75.7984,1.4318e-17,-0,-0,-0.696535,0.717523
449.691,75.6983,-0.643353,-0,-0,-0.707959,0.706253
449.687,75.5985,-0.843442,-0,-0,-0.738749,0.67398
449.675,75.4992,-0.155391,-0,-0,-0.75531,0.655367
449.672,75.4766,3.42473e-17,-0,-0,-0.702469,0.711714
449.672,75.3766,-0.324108,-0,-0,-0.70821,0.706002
449.67,75.2766,-0.368736,-0,-0,-0.723012,0.690835
449.664,75.1768,-0.0664466,-0,-0,-0.730482,0.682932
449.663,75.1548,3.75163e-19,-0,-0,-0.770225,0.637773
449.645,75.0563,0.564449,-0,-0,-0.761164,0.648559
449.633,74.9571,0.761757,-0,-0,-0.734953,0.678118
449.627,74.8573,0.147527,-0,-0,-0.719377,0.69462
449.627,74.833,-6.30108e-19,-0,-0,-0.751385,0.659864
449.614,74.7338,0.103373,-0,-0,-0.749677,0.661804
449.602,74.6344,0.207054,-0,-0,-0.744519,0.667602
449.592,74.5349,0.310851,-0,-0,-0.735814,0.677183
449.586,74.4352,0.171002,-0,-0,-0.726612,0.687048
449.582,74.3559,6.54978e-19,-0,-0,-0.762757,0.646686
449.566,74.2568,0.293571,-0,-0,-0.757986,0.652271
449.553,74.1576,0.592456,-0,-0,-0.743359,0.668892
449.546,74.058,0.890368,-0,-0,-0.718067,0.695974
449.546,73.958,0.0144306,-0,-0,-0.70183,0.712345
449.546,73.9564,-1.53728e-19,-0,-0,-0.767676,0.640838
449.529,73.8577,0.891613,-0,-0,-0.753226,0.657761
449.519,73.7582,0.126315,-0,-0,-0.732774,0.680472
449.519,73.7456,2.04982e-17,-0,-0,-0.72353,0.690293
449.513,73.6457,-0.69151,-0,-0,-0.735335,0.677704
449.501,73.5465,-0.424191,-0,-0,-0.759196,0.650862
449.492,73.4904,5.47348e-17,-0,-0,-0.698602,0.71551
449.492,73.3903,-1.16972,-0,-0,-0.719146,0.694859
449.483,73.2908,-0.555008,-0,-0,-0.751651,0.659561
449.474,73.224,6.94004e-18,-0,-0,-0.724413,0.689366
449.468,73.1242,-0.366151,-0,-0,-0.730689,0.68271
449.459,73.0246,-0.341452,-0,-0,-0.745561,0.666438
449.447,72.9254,-0.0031024,-0,-0,-0.751271,0.659994
449.447,72.9244,5.53662e-17,-0,-0,-0.724379,0.689402
449.441,72.8246,-0.369175,-0,-0,-0.730705,0.682693
449.432,72.7251,-0.440021,-0,-0,-0.746583,0.665292
449.419,72.626,-0.268931,-0,-0,-0.758252,0.651961
449.402,72.5272,-0.098917,-0,-0,-0.764217,0.64496
449.392,72.4695,-5.54521e-17,-0,-0,-0.769922,0.638137
449.375,72.3711,0.349793,-0,-0,-0.764318,0.644839
449.36,72.2722,0.480457,-0,-0,-0.74867,0.662943
449.35,72.1728,0.30827,-0,-0,-0.73546,0.677568
449.343,72.073,0.137053,-0,-0,-0.727871,0.685714
449.338,71.9924,4.77424e-17,-0,-0,-0.749928,0.66152
449.326,71.8931,0.23845,-0,-0,-0.745973,0.665977
449.317,71.7936,0.3228,-0,-0,-0.735081,0.677979
449.31,71.6938,0.206671,-0,-0,-0.726045,0.687647
449.305,71.5939,0.0908483,-0,-0,-0.72091,0.693029
449.302,71.5152,-6.01702e-18,-0,-0,-0.733849,0.679312
449.295,71.4155,-0.058919,-0,-0,-0.734849,0.678231
449.286,71.3159,-0.11789,-0,-0,-0.73784,0.674976
449.277,71.2163,-0.176872,-0,-0,-0.742793,0.669521
449.266,71.117,-0.0802142,-0,-0,-0.747387,0.664388
449.257,71.0492,1.69921e-21,-0,-0,-0.746703,0.665157
449.246,70.9499,-2.7025e-05,-0,-0,-0.746704,0.665157
449.234,70.8505,-3.04773e-05,-0,-0,-0.746705,0.665155
449.223,70.7512,-3.45231e-06,-0,-0,-0.746706,0.665155
449.221,70.7385,-1.37378e-17,-0,-0,-0.751696,0.659509
449.209,70.6393,0.178297,-0,-0,-0.74875,0.662853
449.198,70.5399,0.215434,-0,-0,-0.741114,0.671379
449.189,70.4403,0.135036,-0,-0,-0.735204,0.677846
449.181,70.3406,0.0547539,-0,-0,-0.73198,0.681326
449.176,70.2725,6.43766e-18,-0,-0,-0.727587,0.686016
449.171,70.1726,0.0230784,-0,-0,-0.727191,0.686435
449.165,70.0728,0.0263476,-0,-0,-0.726153,0.687533
449.16,69.9729,0.00480297,-0,-0,-0.725617,0.688099
449.158,69.9507,4.11058e-17,-0,-0,-0.722326,0.691552
449.154,69.8508,-0.355454,-0,-0,-0.728439,0.685111
449.145,69.7511,-0.396222,-0,-0,-0.744119,0.668048
449.133,69.6519,-0.042346,-0,-0,-0.751394,0.659854
449.131,69.64,9.5893e-17,-0,-0,-0.718754,0.695265
449.127,69.54,-0.612039,-0,-0,-0.729287,0.684208
449.117,69.4406,-0.702569,-0,-0,-0.756165,0.654381
449.1,69.342,-0.136069,-0,-0,-0.769696,0.638411
449.095,69.3182,-2.75815e-17,-0,-0,-0.723131,0.690711
449.09,69.2183,-0.297719,-0,-0,-0.728249,0.685312
449.082,69.1186,-0.34053,-0,-0,-0.741477,0.670979
449.071,69.0192,-0.0636204,-0,-0,-0.748216,0.663456
449.068,68.9964,-1.2473e-21,-0,-0,-0.746704,0.665157
449.057,68.8971,-7.92995e-06,-0,-0,-0.746704,0.665157
449.045,68.7977,-8.94295e-06,-0,-0,-0.746704,0.665156
449.034,68.6984,-1.013e-06,-0,-0,-0.746704,0.665156
449.032,68.6857,-6.79202e-18,-0,-0,-0.75162,0.659597
449.02,68.5864,0.364323,-0,-0,-0.745585,0.66641
449.011,68.4869,0.420884,-0,-0,-0.729394,0.684094
449.006,68.387,0.078711,-0,-0,-0.720798,0.693145
449.005,68.3639,4.44048e-19,-0,-0,-0.728241,0.685322
448.999,68.2641,0.00467422,-0,-0,-0.728161,0.685407
448.993,68.1643,0.00934846,-0,-0,-0.72792,0.685662
448.987,68.0644,0.0140227,-0,-0,-0.727519,0.686087
448.982,67.9646,0.00502582,-0,-0,-0.727192,0.686434
448.978,67.909,-6.80506e-18,-0,-0,-0.749928,0.66152
448.966,67.8097,0.238447,-0,-0,-0.745973,0.665976
448.957,67.7102,0.322797,-0,-0,-0.735082,0.677978
448.95,67.6104,0.206669,-0,-0,-0.726046,0.687647
448.945,67.5105,0.0908475,-0,-0,-0.720911,0.693028
448.942,67.4318,5.13635e-18,-0,-0,-0.750881,0.660438
448.93,67.3326,0.108316,-0,-0,-0.749089,0.662469
448.918,67.2333,0.106078,-0,-0,-0.744692,0.667409
448.908,67.1338,0.0120226,-0,-0,-0.742718,0.669604
448.906,67.1211,-1.64816e-18,-0,-0,-0.725179,0.688561
448.901,67.0213,-0.0479381,-0,-0,-0.726003,0.687691
448.895,66.9214,-0.0614888,-0,-0,-0.728275,0.685285
448.889,66.8216,-0.00620128,-0,-0,-0.729433,0.684052
448.888,66.8104,0,-0,-0,-0.726409,0.687263
448.883,66.7106,-0.00291572,-0,-0,-0.726459,0.68721
448.877,66.6107,-0.00583146,-0,-0,-0.726609,0.687051
448.872,66.5109,-0.00874719,-0,-0,-0.72686,0.686786
448.866,66.4111,-0.0070508,-0,-0,-0.727148,0.68648
448.86,66.3112,-0.00403127,-0,-0,-0.727339,0.686279
448.854,66.2114,-0.00101175,-0,-0,-0.727425,0.686187
448.852,66.1779,-1.37565e-17,-0,-0,-0.770222,0.637776
448.835,66.0794,0.564453,-0,-0,-0.761162,0.648562
448.822,65.9803,0.761757,-0,-0,-0.73495,0.678122
448.817,65.8804,0.147523,-0,-0,-0.719374,0.694623
448.816,65.8562,-6.35459e-18,-0,-0,-0.742247,0.670127
448.806,65.7567,-0.0306398,-0,-0,-0.74276,0.669558
448.796,65.6572,-0.0612881,-0,-0,-0.744297,0.667849
448.784,65.5579,-0.0919405,-0,-0,-0.746849,0.664993
448.772,65.4586,-0.0566058,-0,-0,-0.749694,0.661785
448.762,65.379,-2.73791e-17,-0,-0,-0.722328,0.691551
448.757,65.2791,-0.355419,-0,-0,-0.72844,0.68511
448.749,65.1795,-0.396183,-0,-0,-0.744118,0.668048
448.737,65.0802,-0.0423417,-0,-0,-0.751392,0.659856
448.735,65.0683,-2.1587e-19,-0,-0,-0.744648,0.667457
448.725,64.9689,0.153488,-0,-0,-0.742082,0.670309
448.716,64.8693,0.225721,-0,-0,-0.734613,0.678487
448.708,64.7696,0.00187972,-0,-0,-0.730741,0.682655
448.708,64.7687,-1.25998e-17,-0,-0,-0.711532,0.702654
448.707,64.6687,-0.0781076,-0,-0,-0.712903,0.701263
448.705,64.5687,-0.156352,-0,-0,-0.717001,0.697072
448.701,64.4688,-0.234656,-0,-0,-0.72378,0.690031
448.695,64.369,-0.12963,-0,-0,-0.731065,0.682308
448.69,64.3027,1.39326e-19,-0,-0,-0.745585,0.66641
448.682,64.203,1.51095,-0,-0,-0.71995,0.694026
448.681,64.1584,-1.58606e-19,-0,-0,-0.748741,0.662862
448.669,64.0592,-0.0754705,-0,-0,-0.749991,0.661449
448.656,63.96,-0.0651056,-0,-0,-0.752952,0.658076
448.645,63.881,5.82816e-18,-0,-0,-0.758489,0.651686
448.631,63.782,0.558083,-0,-0,-0.749334,0.662192
448.622,63.6825,0.380593,-0,-0,-0.729277,0.684218
448.618,63.6147,-5.54876e-17,-0,-0,-0.779568,0.626317
448.598,63.5168,0.553934,-0,-0,-0.770838,0.637032
448.582,63.4182,0.587162,-0,-0,-0.749262,0.662273
448.572,63.3187,0.32486,-0,-0,-0.733979,0.679172
448.566,63.2187,0.0659705,-0,-0,-0.727306,0.686313
448.564,63.1931,-1.38373e-17,-0,-0,-0.722028,0.691864
448.56,63.0932,-0.245301,-0,-0,-0.726255,0.687425
448.553,62.9934,-0.33274,-0,-0,-0.737895,0.674915
448.542,62.8939,-0.103328,-0,-0,-0.745207,0.666833
448.537,62.8491,0,-0,-0,-0.745599,0.666395
448.526,62.7497,-0.0814123,-0,-0,-0.746954,0.664876
448.514,62.6505,-0.114957,-0,-0,-0.750655,0.660694
448.501,62.5513,-0.0865402,-0,-0,-0.753974,0.656905
448.487,62.4523,-0.0581214,-0,-0,-0.756344,0.654174
448.472,62.3534,-0.0297192,-0,-0,-0.757779,0.652511
448.457,62.2545,-0.00133111,-0,-0,-0.758286,0.651923
448.456,62.2499,-2.46954e-20,-0,-0,-0.745945,0.666008
448.445,62.1505,-0.0559373,-0,-0,-0.746876,0.664964
448.433,62.0512,-0.0612345,-0,-0,-0.749293,0.662238
448.421,61.952,-0.0010578,-0,-0,-0.750324,0.661071
448.42,61.9503,0,-0,-0,-0.768474,0.639881
448.403,61.8518,0.240196,-0,-0,-0.76462,0.644481
448.387,61.7531,0.348965,-0,-0,-0.753797,0.657107
448.375,61.6539,0.276231,-0,-0,-0.743442,0.668801
448.366,61.5544,0.203237,-0,-0,-0.735375,0.677661
448.359,61.4546,0.13058,-0,-0,-0.729691,0.683777
448.353,61.3546,0.0583776,-0,-0,-0.726449,0.68722
448.348,61.2734,-1.34612e-17,-0,-0,-0.769845,0.638231
448.33,61.175,0.343793,-0,-0,-0.764335,0.64482
448.316,61.0761,0.395538,-0,-0,-0.749501,0.662004
448.305,60.9767,0.0486757,-0,-0,-0.742107,0.670281
448.303,60.9627,1.36573e-17,-0,-0,-0.722367,0.69151
448.298,60.8628,-0.352936,-0,-0,-0.728434,0.685116
448.29,60.7632,-0.4726,-0,-0,-0.744594,0.667517
448.277,60.6641,-0.296331,-0,-0,-0.757282,0.653088
448.261,60.5653,-0.121119,-0,-0,-0.764057,0.645149
448.249,60.4967,-1.09065e-18,-0,-0,-0.71547,0.698644
448.246,60.3966,-0.654296,-0,-0,-0.726775,0.686875
448.236,60.2973,-0.862837,-0,-0,-0.757226,0.653153
448.218,60.1988,-0.167486,-0,-0,-0.77376,0.633479
448.213,60.1749,-5.41558e-17,-0,-0,-0.69253,0.721389
448.215,60.0747,-1.18534,-0,-0,-0.713464,0.700692
448.206,59.9755,-1.10372,-0,-0,-0.761616,0.648029
448.187,59.8772,-0.0205337,-0,-0,-0.779424,0.626497
448.186,59.8753,9.79387e-19,-0,-0,-0.748574,0.663051
448.174,59.776,0.00919373,-0,-0,-0.748422,0.663223
448.162,59.6767,0.0183876,-0,-0,-0.747964,0.663739
448.15,59.5774,0.0275816,-0,-0,-0.747201,0.664598
448.139,59.4781,0.0103142,-0,-0,-0.746563,0.665315
448.132,59.4203,-8.86178e-22,-0,-0,-0.744162,0.668
448.121,59.3209,2.63725e-05,-0,-0,-0.744161,0.668
448.111,59.2215,3.55578e-05,-0,-0,-0.74416,0.668001
448.1,59.1221,9.18529e-06,-0,-0,-0.744159,0.668002
448.096,59.0875,0,-0,-0,-0.763664,0.645614
448.08,58.9888,0.132002,-0,-0,-0.76153,0.64813
448.065,58.89,0.208208,-0,-0,-0.755362,0.655308
448.051,58.7909,0.161777,-0,-0,-0.749269,0.662266
448.04,58.6915,0.115298,-0,-0,-0.744664,0.667439
448.03,58.5921,0.0688966,-0,-0,-0.741582,0.670862
448.02,58.4925,0.0225854,-0,-0,-0.740046,0.672557
448.015,58.4439,1.6325e-23,-0,-0,-0.74962,0.661868
448.003,58.3446,-1.24044e-07,-0,-0,-0.74962,0.661868
447.99,58.2454,-1.12559e-07,-0,-0,-0.74962,0.661868
447.979,58.1554,-1.55106e-17,-0,-0,-0.72975,0.683714
447.973,58.0556,-0.0799566,-0,-0,-0.731115,0.682254
447.965,57.9559,-0.0847244,-0,-0,-0.734345,0.678777
447.957,57.8562,-0.0516712,-0,-0,-0.736655,0.676269
447.948,57.7566,-0.0186268,-0,-0,-0.737842,0.674973
447.943,57.7004,4.02026e-17,-0,-0,-0.770236,0.637759
447.925,57.6019,0.565272,-0,-0,-0.761164,0.64856
447.913,57.5028,0.78753,-0,-0,-0.734778,0.678308
447.908,57.4029,0.247563,-0,-0,-0.717008,0.697065
447.907,57.3564,2.54299e-17,-0,-0,-0.766351,0.642422
447.89,57.2578,0.456346,-0,-0,-0.758981,0.651113
447.878,57.1586,0.705556,-0,-0,-0.73694,0.675958
447.872,57.0588,0.136369,-0,-0,-0.72257,0.691298
447.871,57.0347,-1.32767e-18,-0,-0,-0.791619,0.611015
447.847,56.9375,0.668853,-0,-0,-0.781316,0.624136
447.829,56.8393,0.79155,-0,-0,-0.752653,0.658417
447.818,56.7398,0.107453,-0,-0,-0.737701,0.675128
447.817,56.724,2.46942e-20,-0,-0,-0.745948,0.666004
447.806,56.6246,-0.0558684,-0,-0,-0.746878,0.664961
447.794,56.5253,-0.0611593,-0,-0,-0.749292,0.662239
447.781,56.4261,-0.00105657,-0,-0,-0.750322,0.661073
447.781,56.4244,0,-0,-0,-0.739173,0.673516
447.772,56.3248,0.0527205,-0,-0,-0.738285,0.674489
447.763,56.2251,0.105503,-0,-0,-0.735611,0.677404
447.756,56.1254,0.158343,-0,-0,-0.731127,0.682241
447.75,56.0256,0.141584,-0,-0,-0.725718,0.687992
447.745,55.9258,0.104095,-0,-0,-0.721479,0.692436
447.741,55.8258,0.0666378,-0,-0,-0.718517,0.695509
447.738,55.7258,0.0292339,-0,-0,-0.716848,0.697229
447.736,55.6476,8.44933e-19,-0,-0,-0.725489,0.688233
447.731,55.5478,-0.00709418,-0,-0,-0.725611,0.688105
447.725,55.4479,-0.0141885,-0,-0,-0.725977,0.687718
447.72,55.3481,-0.0212828,-0,-0,-0.726587,0.687074
447.714,55.2482,-0.0135236,-0,-0,-0.72727,0.686352
447.709,55.1594,1.2463e-21,-0,-0,-0.74416,0.668001
447.698,55.06,-6.61565e-06,-0,-0,-0.74416,0.668001
447.688,54.9606,-8.91981e-06,-0,-0,-0.744161,0.668001
447.677,54.8611,-2.30416e-06,-0,-0,-0.744161,0.668001
447.673,54.8265,2.75308e-17,-0,-0,-0.721536,0.692377
447.668,54.7266,-0.275919,-0,-0,-0.726292,0.687386
447.661,54.6269,-0.407915,-0,-0,-0.73956,0.67309
447.65,54.5276,-0.248932,-0,-0,-0.75051,0.66086
447.636,54.4284,-0.0905932,-0,-0,-0.756092,0.654466
447.628,54.3716,6.38507e-19,-0,-0,-0.742046,0.670349
447.618,54.272,0.0765012,-0,-0,-0.740763,0.671767
447.609,54.1725,0.153107,-0,-0,-0.736895,0.676008
447.601,54.0728,0.229722,-0,-0,-0.730391,0.683029
447.595,53.9729,0.0932176,-0,-0,-0.724824,0.688934
447.592,53.9055,1.45628e-17,-0,-0,-0.720481,0.693474
447.588,53.8056,-0.341773,-0,-0,-0.726377,0.687297
447.58,53.7059,-0.448699,-0,-0,-0.742452,0.669899
447.568,53.6066,-0.083911,-0,-0,-0.751301,0.65996
447.565,53.5837,-1.68158e-19,-0,-0,-0.745498,0.666508
447.554,53.4843,0.201685,-0,-0,-0.742129,0.670257
447.545,53.3847,0.306389,-0,-0,-0.732259,0.681026
447.539,53.2849,0.0571972,-0,-0,-0.72604,0.687652
447.538,53.2619,1.44866e-17,-0,-0,-0.732215,0.681074
447.531,53.1621,0.35898,-0,-0,-0.726077,0.687613
447.528,53.0622,0.399088,-0,-0,-0.709795,0.704408
447.529,52.9622,0.0393156,-0,-0,-0.702037,0.71214
447.529,52.9512,-4.08593e-17,-0,-0,-0.736441,0.676502
447.522,52.8514,0.669125,-0,-0,-0.725049,0.688697
447.521,52.7516,0.765048,-0,-0,-0.694146,0.719835
447.527,52.6517,0.138321,-0,-0,-0.677746,0.735296
447.529,52.6295,3.46634e-21,-0,-0,-0.707092,0.707122
447.529,52.5295,5.60698e-05,-0,-0,-0.707091,0.707123
447.529,52.4295,6.20652e-05,-0,-0,-0.707088,0.707126
447.529,52.3295,5.99542e-06,-0,-0,-0.707087,0.707127
447.529,52.3188,7.61028e-19,-0,-0,-0.724117,0.689677
447.524,52.2189,-0.0365805,-0,-0,-0.724747,0.689015
447.519,52.119,-0.0557378,-0,-0,-0.726568,0.687094
447.513,52.0192,-0.0139468,-0,-0,-0.727764,0.685828
447.511,51.9859,-2.0619e-17,-0,-0,-0.702834,0.711354
447.512,51.8859,-0.406313,-0,-0,-0.710018,0.704183
447.508,51.786,-0.323901,-0,-0,-0.725549,0.68817
447.502,51.6863,-3.53948e-19,-0,-0,-0.729581,0.683895
447.496,51.5864,0.265526,-0,-0,-0.725027,0.688721
447.493,51.4865,0.399583,-0,-0,-0.711676,0.702508
447.493,51.3865,0.0719797,-0,-0,-0.703349,0.710845
447.493,51.3645,1.36821e-17,-0,-0,-0.702468,0.711715
447.494,51.2645,-0.324102,-0,-0,-0.708208,0.706004
447.492,51.1645,-0.368728,-0,-0,-0.723011,0.690837
447.486,51.0647,-0.0664444,-0,-0,-0.73048,0.682934
447.484,51.0427,5.20635e-19,-0,-0,-0.701783,0.712391
447.485,50.9427,-0.323998,-0,-0,-0.707527,0.706686
447.483,50.8427,-0.423275,-0,-0,-0.723195,0.690644
447.477,50.7429,-0.0763006,-0,-0,-0.731759,0.681563
447.475,50.7209,-2.57416e-18,-0,-0,-0.729156,0.684347
447.469,50.6211,0.0307824,-0,-0,-0.72863,0.684908
447.463,50.5213,0.0286308,-0,-0,-0.72736,0.686256
447.457,50.4215,3.95203e-05,-0,-0,-0.726868,0.686777
447.457,50.4213,6.12484e-17,-0,-0,-0.753119,0.657884
447.444,50.3221,0.301313,-0,-0,-0.748145,0.663535
447.434,50.2227,0.364212,-0,-0,-0.735169,0.677884
447.428,50.1229,0.22766,-0,-0,-0.725062,0.688684
447.423,50.023,0.0916712,-0,-0,-0.71954,0.694451
447.421,49.9553,0,-0,-0,-0.718202,0.695835
447.418,49.8553,-0.0159242,-0,-0,-0.718479,0.695549
447.415,49.7554,-0.0318512,-0,-0,-0.719309,0.69469
447.411,49.6554,-0.047782,-0,-0,-0.720691,0.693257
447.407,49.5555,-0.0637139,-0,-0,-0.72262,0.691245
447.402,49.4556,-0.0657742,-0,-0,-0.725039,0.688708
447.397,49.3558,-0.0201468,-0,-0,-0.726517,0.687149
447.394,49.3117,2.04569e-19,-0,-0,-0.720482,0.693473
447.39,49.2118,-0.341747,-0,-0,-0.726377,0.687297
447.382,49.1121,-0.448664,-0,-0,-0.742451,0.6699
447.37,49.0128,-0.0839041,-0,-0,-0.751299,0.659962
447.367,48.9899,-7.95134e-23,-0,-0,-0.765281,0.643696
447.35,48.8914,-7.82025e-06,-0,-0,-0.765281,0.643696
447.333,48.7929,-1.56405e-05,-0,-0,-0.765282,0.643695
447.316,48.6943,-2.34607e-05,-0,-0,-0.765282,0.643695
447.299,48.5958,-1.14232e-05,-0,-0,-0.765283,0.643694
447.286,48.5239,1.24992e-17,-0,-0,-0.762445,0.647052
447.269,48.4252,-0.411746,-0,-0,-0.769059,0.639178
447.248,48.3275,-0.754716,-0,-0,-0.788381,0.615188
447.221,48.2313,-0.262534,-0,-0,-0.803754,0.594962
447.205,48.1799,1.30888e-17,-0,-0,-0.744781,0.667309
447.194,48.0804,0.0970235,-0,-0,-0.74316,0.669114
447.184,47.9809,0.194217,-0,-0,-0.738269,0.674507
447.177,47.8812,0.233655,-0,-0,-0.730237,0.683194
447.171,47.7814,0.059659,-0,-0,-0.725208,0.68853
447.169,47.7471,0,-0,-0,-0.746564,0.665314
447.158,47.6478,-0.0307185,-0,-0,-0.747074,0.664741
447.146,47.5485,-0.0614459,-0,-0,-0.748604,0.663018
447.133,47.4493,-0.0921781,-0,-0,-0.751145,0.660138
447.12,47.3502,-0.0646779,-0,-0,-0.753744,0.657168
447.106,47.2511,-0.0361398,-0,-0,-0.755398,0.655266
447.092,47.1521,-0.00761069,-0,-0,-0.756114,0.654439
447.088,47.1257,-1.35496e-17,-0,-0,-0.780551,0.625093
447.066,47.0281,0.148517,-0,-0,-0.778225,0.627986
447.046,46.9302,0.229239,-0,-0,-0.771501,0.636228
447.028,46.8318,0.1489,-0,-0,-0.765453,0.643492
447.012,46.7332,0.0686404,-0,-0,-0.761942,0.647646
446.998,46.6486,-3.83488e-17,-0,-0,-0.719477,0.694516
446.994,46.5486,-0.139641,-0,-0,-0.721898,0.691999
446.989,46.4487,-0.279956,-0,-0,-0.729117,0.684389
446.981,46.3491,-0.420387,-0,-0,-0.740984,0.671522
446.969,46.2498,-0.16938,-0,-0,-0.751522,0.659708
446.962,46.1937,-3.44097e-18,-0,-0,-0.708625,0.705586
446.962,46.0936,0.147082,-0,-0,-0.706026,0.708186
446.963,45.9937,0.153749,-0,-0,-0.699849,0.714291
446.966,45.8937,0.0906915,-0,-0,-0.695471,0.718554
446.969,45.7938,0.027691,-0,-0,-0.693341,0.72061
446.971,45.7498,1.71316e-17,-0,-0,-0.705495,0.708715
446.971,45.6498,-0.0975978,-0,-0,-0.707222,0.706992
446.971,45.5498,-0.146112,-0,-0,-0.712089,0.702089
446.969,45.4498,-0.0972948,-0,-0,-0.716348,0.697743
446.966,45.3499,-0.0484956,-0,-0,-0.718886,0.695128
446.962,45.2505,-4.2627e-19,-0,-0,-0.725833,0.687871
446.957,45.1506,-0.00684889,-0,-0,-0.72595,0.687747
446.951,45.0508,-0.0102361,-0,-0,-0.726284,0.687395
446.946,44.9509,-0.00669394,-0,-0,-0.726575,0.687088
446.94,44.8511,-0.00315177,-0,-0,-0.726744,0.686909
446.935,44.7622,-2.04246e-21,-0,-0,-0.679573,0.733608
446.942,44.6624,-0.458575,-0,-0,-0.687925,0.725782
446.944,44.5626,-0.617751,-0,-0,-0.710158,0.704042
446.941,44.4627,-0.393368,-0,-0,-0.727711,0.685884
446.933,44.3629,-0.171167,-0,-0,-0.73732,0.675544
446.926,44.2851,-1.38424e-17,-0,-0,-0.701785,0.712389
446.927,44.1851,-0.323969,-0,-0,-0.707528,0.706685
446.925,44.0851,-0.423238,-0,-0,-0.723194,0.690645
446.919,43.9853,-0.0762937,-0,-0,-0.731758,0.681565
446.917,43.9633,-9.20352e-23,-0,-0,-0.727266,0.686356
446.911,43.8635,9.26625e-07,-0,-0,-0.727266,0.686356
446.905,43.7637,1.85325e-06,-0,-0,-0.727266,0.686356
446.9,43.6638,2.77987e-06,-0,-0,-0.727266,0.686356
446.894,43.564,1.23837e-06,-0,-0,-0.727266,0.686356
446.89,43.4973,5.5598e-19,-0,-0,-0.751619,0.659597
446.878,43.398,0.364341,-0,-0,-0.745585,0.666411
446.869,43.2985,0.420904,-0,-0,-0.729392,0.684095
446.864,43.1986,0.078714,-0,-0,-0.720796,0.693147
446.863,43.1755,4.98215e-19,-0,-0,-0.732215,0.681074
446.856,43.0757,0.358961,-0,-0,-0.726078,0.687613
446.853,42.9758,0.399067,-0,-0,-0.709797,0.704407
446.854,42.8758,0.0393138,-0,-0,-0.702039,0.712138
446.854,42.8648,-5.79587e-19,-0,-0,-0.754729,0.656037
446.841,42.7656,0.440466,-0,-0,-0.747466,0.664301
446.832,42.6661,0.39816,-0,-0,-0.729637,0.683835
446.827,42.5763,1.36895e-17,-0,-0,-0.722327,0.691552
446.822,42.4764,-0.35542,-0,-0,-0.728439,0.685111
446.814,42.3768,-0.396184,-0,-0,-0.744117,0.668049
446.802,42.2775,-0.0423414,-0,-0,-0.751392,0.659856
446.8,42.2656,3.3628e-21,-0,-0,-0.74416,0.668001
446.789,42.1662,-2.43166e-05,-0,-0,-0.74416,0.668001
446.779,42.0668,-3.27858e-05,-0,-0,-0.744162,0.668
446.768,41.9673,-8.46924e-06,-0,-0,-0.744162,0.667999
446.764,41.9327,-1.27287e-17,-0,-0,-0.738603,0.674141
446.754,41.8331,-0.354801,-0,-0,-0.744549,0.667568
446.741,41.7341,-0.471679,-0,-0,-0.7608,0.648987
446.724,41.6356,-0.094356,-0,-0,-0.769901,0.638164
446.719,41.6109,1.40951e-17,-0,-0,-0.75339,0.657574
446.706,41.5116,0.597542,-0,-0,-0.743503,0.668733
446.7,41.412,0.792576,-0,-0,-0.715049,0.699075
446.7,41.3119,0.145824,-0,-0,-0.698486,0.715624
446.701,41.2891,-1.33063e-17,-0,-0,-0.754727,0.656039
446.688,41.19,0.440426,-0,-0,-0.747465,0.664301
446.679,41.0904,0.398123,-0,-0,-0.729638,0.683834
446.674,41.0006,-2.48156e-18,-0,-0,-0.74711,0.6647
446.662,40.9013,0.0298277,-0,-0,-0.746614,0.665257
446.651,40.8019,0.0405717,-0,-0,-0.745263,0.66677
446.64,40.7025,0.0266393,-0,-0,-0.744142,0.668022
446.63,40.6031,0.0127074,-0,-0,-0.743484,0.668753
446.62,40.5124,-6.23442e-18,-0,-0,-0.739386,0.673282
446.611,40.4128,0.0563485,-0,-0,-0.738437,0.674323
446.602,40.3132,0.112747,-0,-0,-0.735579,0.677438
446.595,40.2135,0.169166,-0,-0,-0.730787,0.682606
446.589,40.1137,0.0978539,-0,-0,-0.725711,0.687999
446.584,40.0242,-6.24185e-18,-0,-0,-0.701363,0.712804
446.585,39.9241,-0.401415,-0,-0,-0.708475,0.705736
446.582,39.8242,-0.431011,-0,-0,-0.726559,0.687105
446.575,39.7246,-7.03109e-18,-0,-0,-0.722327,0.691552
446.57,39.6247,-0.355428,-0,-0,-0.728439,0.68511
446.562,39.5251,-0.396193,-0,-0,-0.744118,0.668048
446.55,39.4258,-0.0423427,-0,-0,-0.751393,0.659855
446.548,39.4139,-1.46717e-17,-0,-0,-0.715466,0.698648
446.545,39.3138,-0.654364,-0,-0,-0.726773,0.686878
446.535,39.2145,-0.862924,-0,-0,-0.757227,0.653152
446.517,39.116,-0.167503,-0,-0,-0.773762,0.633477
446.512,39.0921,3.20003e-22,-0,-0,-0.744162,0.667999
446.501,38.9927,-4.34148e-06,-0,-0,-0.744162,0.667999
446.49,38.8932,-5.85359e-06,-0,-0,-0.744162,0.667999
446.48,38.7938,-1.51211e-06,-0,-0,-0.744162,0.667999
446.476,38.7592,0,-0,-0,-0.740142,0.672451
446.466,38.6597,-0.0159834,-0,-0,-0.74041,0.672155
446.457,38.5601,-0.0319692,-0,-0,-0.741216,0.671267
446.447,38.4606,-0.0479579,-0,-0,-0.742556,0.669784
446.436,38.3612,-0.0639466,-0,-0,-0.744426,0.667705
446.425,38.2618,-0.046748,-0,-0,-0.746526,0.665356
446.413,38.1625,-0.00114588,-0,-0,-0.747322,0.664462
446.413,38.16,-4.11804e-17,-0,-0,-0.722327,0.691552
446.408,38.0601,-0.355426,-0,-0,-0.728439,0.68511
446.4,37.9605,-0.39619,-0,-0,-0.744118,0.668049
446.388,37.8612,-0.0423423,-0,-0,-0.751392,0.659856
446.386,37.8493,-1.79139e-18,-0,-0,-0.723672,0.690144
446.381,37.7494,-0.0610947,-0,-0,-0.724725,0.689038
446.376,37.6496,-0.0919033,-0,-0,-0.72776,0.685832
446.369,37.5498,-0.0167548,-0,-0,-0.72962,0.683853
446.368,37.5275,-6.37669e-18,-0,-0,-0.74846,0.66318
446.356,37.4282,0.276691,-0,-0,-0.743856,0.66834
446.348,37.3286,0.366422,-0,-0,-0.730864,0.682523
446.342,37.2287,0.0684573,-0,-0,-0.723404,0.690425
446.341,37.2057,0,-0,-0,-0.746705,0.665156
446.329,37.1064,-9.89792e-06,-0,-0,-0.746705,0.665155
446.318,37.0071,-1.40402e-05,-0,-0,-0.746705,0.665155
446.306,36.9077,-1.07409e-05,-0,-0,-0.746706,0.665154
446.295,36.8084,-7.44156e-06,-0,-0,-0.746706,0.665154
446.283,36.709,-4.14226e-06,-0,-0,-0.746706,0.665154
446.272,36.6097,-8.42955e-07,-0,-0,-0.746706,0.665154
446.269,36.5843,-3.43323e-19,-0,-0,-0.743373,0.668877
446.259,36.4848,0.171077,-0,-0,-0.740506,0.67205
446.25,36.3852,0.302466,-0,-0,-0.731891,0.681422
446.244,36.2854,0.0939293,-0,-0,-0.725103,0.68864
446.242,36.2404,1.31835e-17,-0,-0,-0.75886,0.651254
446.228,36.1413,0.596373,-0,-0,-0.749081,0.662478
446.219,36.0418,0.485341,-0,-0,-0.726727,0.686926
446.215,35.9418,0.00503883,-0,-0,-0.718262,0.695773
446.215,35.9408,-6.84147e-19,-0,-0,-0.774427,0.632663
446.196,35.8426,0.438319,-0,-0,-0.767458,0.641099
446.181,35.7438,0.534788,-0,-0,-0.748986,0.662586
446.171,35.6444,0.32652,-0,-0,-0.734555,0.678549
446.164,35.5445,0.120127,-0,-0,-0.726931,0.686711
446.161,35.4858,6.14179e-18,-0,-0,-0.733394,0.679804
446.153,35.3861,-0.0455338,-0,-0,-0.734167,0.678968
446.145,35.2864,-0.0910942,-0,-0,-0.736482,0.676457
446.136,35.1868,-0.136665,-0,-0,-0.740322,0.672252
446.126,35.0874,-0.0793594,-0,-0,-0.744335,0.667806
446.116,34.9976,0,-0,-0,-0.735032,0.678033
446.108,34.8979,-0.0374385,-0,-0,-0.735666,0.677344
446.099,34.7983,-0.0748943,-0,-0,-0.737565,0.675276
446.09,34.6987,-0.112361,-0,-0,-0.740718,0.671816
446.08,34.5992,-0.085003,-0,-0,-0.744152,0.66801
446.069,34.4998,-0.0489218,-0,-0,-0.746385,0.665515
446.057,34.4005,-0.0128591,-0,-0,-0.747412,0.664361
446.053,34.3651,-2.76839e-17,-0,-0,-0.725877,0.687824
446.047,34.2653,-0.461222,-0,-0,-0.733749,0.67942
446.036,34.1659,-0.475818,-0,-0,-0.751934,0.659238
446.021,34.067,-0.263639,-0,-0,-0.763987,0.645232
446.004,33.9685,-0.0533232,-0,-0,-0.769076,0.639157
445.999,33.9434,-4.8071e-17,-0,-0,-0.743057,0.669228
445.988,33.844,-0.268463,-0,-0,-0.74753,0.664228
445.975,33.7449,-0.311339,-0,-0,-0.759155,0.65091
445.958,33.6463,-0.0622004,-0,-0,-0.765199,0.643794
445.954,33.6216,0,-0,-0,-0.731866,0.681449
445.947,33.5218,0.0430798,-0,-0,-0.731131,0.682237
445.94,33.422,0.0862267,-0,-0,-0.728921,0.684598
445.934,33.3221,0.129472,-0,-0,-0.725219,0.688519
445.93,33.2223,0.172774,-0,-0,-0.719996,0.693978
445.927,33.1223,0.215983,-0,-0,-0.713219,0.700941
445.926,33.0224,0.120048,-0,-0,-0.706761,0.707452
445.927,32.9337,3.21779e-19,-0,-0,-0.675765,0.737117
445.934,32.8338,-0.716703,-0,-0,-0.688829,0.724924
445.935,32.734,-0.798029,-0,-0,-0.721961,0.691934
445.928,32.6342,-0.0797916,-0,-0,-0.736934,0.675965
445.927,32.623,3.57563e-18,-0,-0,-0.72517,0.68857
445.922,32.5231,-0.0237234,-0,-0,-0.725578,0.68814
445.916,32.4233,-0.0474504,-0,-0,-0.726801,0.686848
445.91,32.3234,-0.0711783,-0,-0,-0.728835,0.684689
445.904,32.2237,-0.0319416,-0,-0,-0.730837,0.682552
445.9,32.168,2.7549e-17,-0,-0,-0.689139,0.724629
445.903,32.0677,-1.25926,-0,-0,-0.711419,0.702768
445.894,31.9687,-1.45151,-0,-0,-0.767152,0.641465
445.871,31.8712,-0.287538,-0,-0,-0.794127,0.607752
445.864,31.8463,3.43778e-18,-0,-0,-0.725617,0.688099
445.858,31.7464,-0.118908,-0,-0,-0.727659,0.685939
445.852,31.6466,-0.158731,-0,-0,-0.733151,0.680066
445.843,31.547,-0.0993504,-0,-0,-0.737523,0.675322
445.834,31.4474,-0.0400109,-0,-0,-0.739871,0.672748
445.828,31.3802,6.62164e-18,-0,-0,-0.713284,0.700875
445.826,31.2802,-0.0706892,-0,-0,-0.714521,0.699614
445.823,31.1802,-0.141465,-0,-0,-0.718222,0.695814
445.819,31.0803,-0.212255,-0,-0,-0.724346,0.689436
445.814,30.9805,-0.0841779,-0,-0,-0.729803,0.683658
445.81,30.9253,1.4666e-17,-0,-0,-0.751477,0.65976
445.797,30.826,0.353648,-0,-0,-0.745618,0.666373
445.789,30.7264,0.398181,-0,-0,-0.729986,0.683462
445.783,30.6266,0.0425553,-0,-0,-0.722416,0.691459
445.783,30.6146,0,-0,-0,-0.741807,0.670613
445.773,30.515,0.0216165,-0,-0,-0.741444,0.671014
445.763,30.4155,0.0432454,-0,-0,-0.740355,0.672216
445.754,30.3159,0.0648944,-0,-0,-0.738535,0.674215
445.745,30.2163,0.0865624,-0,-0,-0.735977,0.677007
445.737,30.1166,0.108234,-0,-0,-0.732671,0.680583
445.73,30.0169,0.129877,-0,-0,-0.728608,0.684931
445.725,29.917,0.0770549,-0,-0,-0.724751,0.689011
445.72,29.8171,0.00113695,-0,-0,-0.723403,0.690427
445.72,29.8156,2.51224e-21,-0,-0,-0.725943,0.687755
445.714,29.7158,-2.25696e-05,-0,-0,-0.725943,0.687755
445.709,29.6159,-3.01015e-05,-0,-0,-0.725944,0.687754
445.704,29.5161,-7.53196e-06,-0,-0,-0.725945,0.687753
445.702,29.4828,0,-0,-0,-0.734923,0.67815
445.694,29.3831,0.0130901,-0,-0,-0.734702,0.678391
445.686,29.2834,0.0261816,-0,-0,-0.734035,0.679112
445.678,29.1837,0.0392753,-0,-0,-0.732923,0.680312
445.671,29.0839,0.0523694,-0,-0,-0.731362,0.681989
445.664,28.9842,0.0533225,-0,-0,-0.729395,0.684093
445.658,28.8844,0.00997897,-0,-0,-0.728311,0.685246
445.657,28.8614,-5.4793e-17,-0,-0,-0.701964,0.712213
445.658,28.7613,-0.359552,-0,-0,-0.708333,0.705878
445.655,28.6614,-0.398382,-0,-0,-0.724651,0.689117
445.649,28.5616,-0.0392463,-0,-0,-0.732142,0.681152
445.648,28.5507,8.83082e-19,-0,-0,-0.7435,0.668736
445.637,28.4512,-0.0422549,-0,-0,-0.744206,0.66795
445.626,28.3519,-0.0560016,-0,-0,-0.746165,0.665762
445.615,28.2525,-0.0107663,-0,-0,-0.747275,0.664515
445.612,28.2289,1.78837e-26,-0,-0,-0.727265,0.686357
445.606,28.1291,1.37618e-05,-0,-0,-0.727265,0.686357
445.6,28.0292,1.53051e-05,-0,-0,-0.727264,0.686358
445.594,27.9294,1.54329e-06,-0,-0,-0.727264,0.686358
445.594,27.9182,0,-0,-0,-0.724806,0.688953
445.588,27.8183,-0.177438,-0,-0,-0.727854,0.685732
445.581,27.7186,-0.250252,-0,-0,-0.736131,0.676839
445.572,27.6191,-0.191232,-0,-0,-0.743554,0.668676
445.56,27.5198,-0.132174,-0,-0,-0.748936,0.662643
445.548,27.4205,-0.0732778,-0,-0,-0.75233,0.658786
445.534,27.3214,-0.0145379,-0,-0,-0.753776,0.657132
445.531,27.2968,-1.33338e-17,-0,-0,-0.719476,0.694517
445.527,27.1968,-0.404473,-0,-0,-0.726456,0.687213
445.518,27.0972,-0.52019,-0,-0,-0.745376,0.666644
445.506,26.9981,-0.0557928,-0,-0,-0.754889,0.655853
445.504,26.9861,0,-0,-0,-0.725831,0.687873
445.498,26.8863,-0.00700694,-0,-0,-0.725952,0.687745
445.493,26.7864,-0.0108654,-0,-0,-0.726295,0.687383
445.487,26.6866,-0.00842149,-0,-0,-0.726627,0.687033
445.482,26.5867,-0.00597753,-0,-0,-0.726874,0.686771
445.476,26.4869,-0.00353358,-0,-0,-0.727037,0.686598
445.47,26.387,-0.00108965,-0,-0,-0.727116,0.686514
445.468,26.3425,6.63761e-20,-0,-0,-0.697891,0.716204
445.469,26.2424,-0.644378,-0,-0,-0.709313,0.704894
445.465,26.1427,-0.735028,-0,-0,-0.738413,0.674349
445.453,26.0433,-0.135243,-0,-0,-0.752883,0.658154
445.45,26.0207,-1.13493e-18,-0,-0,-0.740327,0.672247
445.44,25.9212,0.0593151,-0,-0,-0.739329,0.673344
445.431,25.8216,0.118683,-0,-0,-0.736326,0.676627
445.424,25.7219,0.178062,-0,-0,-0.731286,0.682071
445.417,25.6221,0.080231,-0,-0,-0.726547,0.687117
445.414,25.5547,1.3779e-17,-0,-0,-0.725176,0.688564
445.408,25.4548,-0.302414,-0,-0,-0.730359,0.683064
445.4,25.3552,-0.292258,-0,-0,-0.742769,0.669548
445.388,25.2559,-0.0311461,-0,-0,-0.748156,0.663523
445.387,25.244,-8.18568e-17,-0,-0,-0.755894,0.654694
445.374,25.1448,0.685185,-0,-0,-0.744598,0.667513
445.367,25.0451,0.792109,-0,-0,-0.713718,0.700434
445.368,24.9451,0.145942,-0,-0,-0.697132,0.716943
445.369,24.9222,5.10895e-18,-0,-0,-0.750886,0.660432
445.356,24.823,0.10842,-0,-0,-0.749093,0.662465
445.345,24.7237,0.106181,-0,-0,-0.744691,0.667409
445.334,24.6242,0.0120345,-0,-0,-0.742715,0.669607
445.333,24.6115,0,-0,-0,-0.735461,0.677567
445.325,24.5118,0.0172492,-0,-0,-0.735169,0.677884
445.317,24.4122,0.0345019,-0,-0,-0.734291,0.678834
445.309,24.3125,0.0517593,-0,-0,-0.732826,0.680416
445.302,24.2127,0.0690181,-0,-0,-0.730768,0.682626
445.295,24.1129,0.0711472,-0,-0,-0.728168,0.685398
445.29,24.0131,0.0180902,-0,-0,-0.726637,0.687021
445.288,23.979,0,-0,-0,-0.75977,0.650191
445.272,23.8799,0.109719,-0,-0,-0.75798,0.652278
445.258,23.7807,0.220367,-0,-0,-0.752564,0.658519
445.246,23.6814,0.332282,-0,-0,-0.743393,0.668854
445.238,23.5819,0.444579,-0,-0,-0.730277,0.683152
445.233,23.4821,0.464658,-0,-0,-0.713311,0.700848
445.233,23.3821,0.12125,-0,-0,-0.702982,0.711208
445.234,23.3466,-9.76149e-19,-0,-0,-0.751475,0.659761
445.221,23.2473,0.353621,-0,-0,-0.745617,0.666375
445.212,23.1477,0.398151,-0,-0,-0.729986,0.683462
445.207,23.0478,0.0425518,-0,-0,-0.722416,0.691458
445.207,23.0359,5.02687e-21,-0,-0,-0.727265,0.686357
445.201,22.936,-4.1381e-05,-0,-0,-0.727266,0.686356
445.195,22.8362,-4.60216e-05,-0,-0,-0.727268,0.686354
445.189,22.7364,-4.64069e-06,-0,-0,-0.727268,0.686353
445.189,22.7252,1.37442e-17,-0,-0,-0.702271,0.71191
445.19,22.6251,-0.337988,-0,-0,-0.708256,0.705956
445.187,22.5252,-0.453425,-0,-0,-0.724218,0.689571
445.18,22.4255,-0.289647,-0,-0,-0.736897,0.676005
445.17,22.3259,-0.126734,-0,-0,-0.743894,0.668298
445.162,22.248,6.98374e-18,-0,-0,-0.723132,0.69071
445.157,22.1481,-0.297736,-0,-0,-0.728251,0.685311
445.149,22.0485,-0.34055,-0,-0,-0.741479,0.670976
445.138,21.9491,-0.0636248,-0,-0,-0.748218,0.663453
445.135,21.9262,2.05272e-17,-0,-0,-0.701961,0.712216
445.136,21.8262,-0.359616,-0,-0,-0.708331,0.70588
445.133,21.7263,-0.398453,-0,-0,-0.724651,0.689116
445.127,21.6265,-0.0392533,-0,-0,-0.732144,0.68115
445.126,21.6155,-8.93254e-17,-0,-0,-0.749952,0.661493
445.114,21.5163,0.240308,-0,-0,-0.745966,0.665984
445.104,21.4168,0.327034,-0,-0,-0.734976,0.678093
445.097,21.317,0.213862,-0,-0,-0.725742,0.687967
445.093,21.2171,0.100973,-0,-0,-0.720304,0.693658
445.09,21.1273,-7.30259e-18,-0,-0,-0.745804,0.666166
445.078,21.028,-0.326714,-0,-0,-0.751217,0.660055
445.063,20.9291,-0.310372,-0,-0,-0.764152,0.645036
445.045,20.8307,-0.0091719,-0,-0,-0.769278,0.638914
445.045,20.8277,-4.78777e-17,-0,-0,-0.75162,0.659597
445.032,20.7285,0.364325,-0,-0,-0.745585,0.66641
445.024,20.6289,0.420886,-0,-0,-0.729394,0.684094
445.019,20.529,0.0787109,-0,-0,-0.720798,0.693145
445.018,20.5059,2.74089e-17,-0,-0,-0.70196,0.712216
445.019,20.4059,-0.359586,-0,-0,-0.70833,0.705881
445.016,20.306,-0.398419,-0,-0,-0.724649,0.689118
445.01,20.2062,-0.0392495,-0,-0,-0.732141,0.681153
445.009,20.1952,0,-0,-0,-0.715367,0.698749
445.006,20.0953,-0.0337462,-0,-0,-0.715956,0.698146
445.004,19.9953,-0.0675077,-0,-0,-0.717721,0.696331
445,19.8954,-0.101283,-0,-0,-0.720652,0.693296
444.996,19.7955,-0.0853536,-0,-0,-0.723972,0.689829
444.991,19.6956,-0.063383,-0,-0,-0.726532,0.687133
444.985,19.5958,-0.04142,-0,-0,-0.72833,0.685227
444.979,19.496,-0.019469,-0,-0,-0.729372,0.684117
444.973,19.4074,3.95725e-22,-0,-0,-0.746704,0.665157
444.961,19.3081,1.089e-05,-0,-0,-0.746704,0.665157
444.95,19.2087,1.22812e-05,-0,-0,-0.746703,0.665157
444.938,19.1094,1.39113e-06,-0,-0,-0.746703,0.665158
444.937,19.0967,-4.60893e-19,-0,-0,-0.725599,0.688118
444.931,18.9968,-0.0215447,-0,-0,-0.725969,0.687727
444.926,18.897,-0.0282236,-0,-0,-0.726995,0.686643
444.92,18.7972,-0.00514494,-0,-0,-0.727567,0.686036
444.919,18.7749,4.36597e-19,-0,-0,-0.725601,0.688116
444.913,18.6751,-0.0215212,-0,-0,-0.725971,0.687726
444.908,18.5752,-0.028193,-0,-0,-0.726995,0.686643
444.902,18.4754,-0.00513937,-0,-0,-0.727567,0.686037
444.901,18.4531,0,-0,-0,-0.71312,0.701042
444.899,18.3531,-0.0862462,-0,-0,-0.714631,0.699502
444.896,18.2531,-0.172687,-0,-0,-0.719143,0.694862
444.892,18.1533,-0.25878,-0,-0,-0.726602,0.687058
444.885,18.0535,-0.178459,-0,-0,-0.734067,0.679077
444.877,17.9539,-0.0981946,-0,-0,-0.738746,0.673984
444.867,17.8543,-0.018124,-0,-0,-0.740703,0.671832
444.865,17.8317,0,-0,-0,-0.728947,0.684571
444.858,17.7319,-0.0393462,-0,-0,-0.72962,0.683853
444.852,17.6321,-0.0787323,-0,-0,-0.731636,0.681696
444.844,17.5324,-0.118171,-0,-0,-0.734982,0.678086
444.836,17.4328,-0.157619,-0,-0,-0.73964,0.673003
444.825,17.3333,-0.145781,-0,-0,-0.745298,0.666731
444.814,17.234,-0.0280277,-0,-0,-0.748188,0.663487
444.811,17.2104,2.735e-17,-0,-0,-0.711843,0.702339
444.81,17.1103,0.292389,-0,-0,-0.706693,0.707521
444.812,17.0104,0.388951,-0,-0,-0.69219,0.721715
444.818,16.9105,0.0966003,-0,-0,-0.683382,0.730061
444.82,16.8775,-8.49222e-19,-0,-0,-0.72687,0.686776
444.814,16.7776,-0.0285624,-0,-0,-0.72736,0.686256
444.808,16.6778,-0.0307938,-0,-0,-0.728628,0.68491
444.802,16.578,-4.25356e-05,-0,-0,-0.729156,0.684348
444.802,16.5779,-4.39288e-19,-0,-0,-0.7256,0.688116
444.796,16.478,-0.0215183,-0,-0,-0.72597,0.687726
444.791,16.3782,-0.0281892,-0,-0,-0.726994,0.686643
444.785,16.2783,-0.00513867,-0,-0,-0.727566,0.686037
444.784,16.2561,-5.24005e-18,-0,-0,-0.733396,0.679802
444.776,16.1564,-0.0455216,-0,-0,-0.734169,0.678967
444.768,16.0567,-0.0910698,-0,-0,-0.736483,0.676456
444.759,15.9571,-0.136629,-0,-0,-0.740322,0.672253
444.749,15.8576,-0.0793382,-0,-0,-0.744334,0.667807
444.739,15.7678,-1.36326e-17,-0,-0,-0.725917,0.687782
444.733,15.668,-0.457115,-0,-0,-0.733723,0.679449
444.722,15.5686,-0.330542,-0,-0,-0.750198,0.661214
444.712,15.4904,1.0919e-16,-0,-0,-0.696886,0.717181
444.713,15.3903,-0.714416,-0,-0,-0.709551,0.704654
444.708,15.2906,-0.793859,-0,-0,-0.741572,0.670873
444.695,15.1914,-0.0826661,-0,-0,-0.756059,0.654504
444.694,15.1797,5.62322e-24,-0,-0,-0.744161,0.668001
444.683,15.0803,-3.76712e-06,-0,-0,-0.744161,0.668001
444.672,14.9809,-5.69294e-06,-0,-0,-0.744161,0.668001
444.662,14.8815,-3.80938e-06,-0,-0,-0.744161,0.668
444.651,14.7821,-1.92582e-06,-0,-0,-0.744161,0.668
444.64,14.6826,-4.2258e-08,-0,-0,-0.744161,0.668
444.64,14.6804,2.76128e-17,-0,-0,-0.751622,0.659594
444.627,14.5812,0.364403,-0,-0,-0.745586,0.666409
444.619,14.4816,0.420976,-0,-0,-0.729392,0.684097
444.614,14.3817,0.0787276,-0,-0,-0.720794,0.69315
444.613,14.3586,2.05905e-17,-0,-0,-0.733726,0.679446
444.606,14.2588,0.416149,-0,-0,-0.726623,0.687036
444.603,14.1589,0.400997,-0,-0,-0.709056,0.705153
444.604,14.0589,0.0395569,-0,-0,-0.701252,0.712914
444.604,14.0479,-1.41279e-17,-0,-0,-0.75159,0.65963
444.591,13.9487,0.169183,-0,-0,-0.748794,0.662803
444.58,13.8494,0.202932,-0,-0,-0.741566,0.67088
444.571,13.7498,0.12396,-0,-0,-0.736059,0.676918
444.563,13.6501,0.0450933,-0,-0,-0.733191,0.680022
444.559,13.593,-2.04366e-17,-0,-0,-0.74842,0.663225
444.547,13.4937,0.126718,-0,-0,-0.746315,0.665593
444.536,13.3943,0.17146,-0,-0,-0.740556,0.671994
444.527,13.2947,0.110028,-0,-0,-0.735809,0.677189
444.52,13.195,0.0486418,-0,-0,-0.733117,0.680102
444.514,13.1158,-1.08431e-18,-0,-0,-0.751474,0.659762
444.501,13.0166,0.353597,-0,-0,-0.745617,0.666375
444.492,12.917,0.398123,-0,-0,-0.729987,0.683461
444.487,12.8171,0.0425489,-0,-0,-0.722418,0.691457
444.487,12.8052,0,-0,-0,-0.744145,0.668018
444.476,12.7057,0.035651,-0,-0,-0.743549,0.668681
444.466,12.6062,0.0713333,-0,-0,-0.741758,0.670668
444.456,12.5067,0.107058,-0,-0,-0.738759,0.673969
444.448,12.407,0.142794,-0,-0,-0.734536,0.67857
444.44,12.3073,0.148247,-0,-0,-0.72917,0.684333
444.435,12.2075,0.0383044,-0,-0,-0.725971,0.687725
444.433,12.1727,0,-0,-0,-0.746705,0.665155
444.421,12.0733,-1.42106e-06,-0,-0,-0.746705,0.665155
444.41,11.974,-2.84212e-06,-0,-0,-0.746705,0.665155
444.398,11.8747,-4.26318e-06,-0,-0,-0.746705,0.665155
444.387,11.7753,-5.68424e-06,-0,-0,-0.746705,0.665155
444.375,11.676,-7.1053e-06,-0,-0,-0.746706,0.665155
444.364,11.5767,-8.52635e-06,-0,-0,-0.746706,0.665154
444.352,11.4773,-4.65747e-06,-0,-0,-0.746706,0.665154
444.343,11.3959,-7.04416e-19,-0,-0,-0.719476,0.694517
444.339,11.296,-0.404461,-0,-0,-0.726456,0.687213
444.33,11.1964,-0.520174,-0,-0,-0.745376,0.666644
444.317,11.0972,-0.0557909,-0,-0,-0.754888,0.655853
444.316,11.0852,2.09705e-21,-0,-0,-0.727266,0.686356
444.31,10.9854,-1.38339e-05,-0,-0,-0.727266,0.686356
444.304,10.8856,-1.53853e-05,-0,-0,-0.727266,0.686355
444.298,10.7857,-1.5514e-06,-0,-0,-0.727267,0.686355
444.298,10.7745,3.5419e-19,-0,-0,-0.715467,0.698647
444.294,10.6745,-0.654343,-0,-0,-0.726773,0.686878
444.284,10.5751,-0.862895,-0,-0,-0.757226,0.653153
444.267,10.4767,-0.167496,-0,-0,-0.773761,0.633478
444.262,10.4528,0,-0,-0,-0.756222,0.654315
444.247,10.3538,0.0266522,-0,-0,-0.755786,0.654819
444.233,10.2548,0.053317,-0,-0,-0.754475,0.656329
444.22,10.1557,0.0799987,-0,-0,-0.752284,0.658839
444.207,10.0565,0.106684,-0,-0,-0.749201,0.662343
444.195,9.95719,0.103152,-0,-0,-0.745362,0.666659
444.185,9.85777,0.0282335,-0,-0,-0.743169,0.669104
444.181,9.82027,1.26881e-17,-0,-0,-0.774427,0.632664
444.162,9.72195,0.693365,-0,-0,-0.763372,0.645959
444.15,9.62285,0.797128,-0,-0,-0.732981,0.680249
444.145,9.52288,0.0927098,-0,-0,-0.717705,0.696347
444.145,9.50958,-3.08698e-19,-0,-0,-0.774425,0.632666
444.126,9.41125,0.693309,-0,-0,-0.763371,0.64596
444.114,9.31215,0.797063,-0,-0,-0.732982,0.680248
444.109,9.21219,0.0927023,-0,-0,-0.717708,0.696344
444.109,9.19888,-1.67605e-18,-0,-0,-0.745945,0.666008
444.097,9.09953,-0.055888,-0,-0,-0.746875,0.664965
444.085,9.00024,-0.0611804,-0,-0,-0.74929,0.662242
444.073,8.90103,-0.0010567,-0,-0,-0.75032,0.661075
444.073,8.89928,-8.22682e-17,-0,-0,-0.740426,0.672138
444.063,8.79976,-0.238902,-0,-0,-0.744425,0.667706
444.05,8.70057,-0.359158,-0,-0,-0.75564,0.654987
444.034,8.60186,-0.23179,-0,-0,-0.765231,0.643755
444.016,8.50347,-0.104757,-0,-0,-0.770621,0.637294
444.001,8.42214,2.99222e-19,-0,-0,-0.77135,0.636412
443.982,8.32387,0.114263,-0,-0,-0.769528,0.638613
443.964,8.22543,0.228915,-0,-0,-0.764021,0.645191
443.949,8.12666,0.343672,-0,-0,-0.754709,0.656059
443.936,8.02745,0.165489,-0,-0,-0.745552,0.666447
443.929,7.9561,-1.33817e-17,-0,-0,-0.770223,0.637774
443.911,7.85758,0.564431,-0,-0,-0.761163,0.64856
443.899,7.75845,0.76173,-0,-0,-0.734952,0.678119
443.893,7.65856,0.14752,-0,-0,-0.719377,0.69462
443.893,7.63431,-2.09142e-17,-0,-0,-0.743571,0.668657
443.882,7.5349,-0.230767,-0,-0,-0.747414,0.664358
443.868,7.43581,-0.31129,-0,-0,-0.757734,0.652563
443.852,7.33715,-0.196471,-0,-0,-0.765955,0.642894
443.834,7.23877,-0.081946,-0,-0,-0.770412,0.637547
443.821,7.16827,-7.62488e-18,-0,-0,-0.787235,0.616653
443.797,7.07102,0.330189,-0,-0,-0.782121,0.623126
443.777,6.97313,0.391374,-0,-0,-0.768195,0.640216
443.76,6.87451,0.0571743,-0,-0,-0.760972,0.648785
443.757,6.85757,-2.73017e-17,-0,-0,-0.754545,0.656248
443.744,6.7584,0.424803,-0,-0,-0.747543,0.664214
443.735,6.65892,0.513966,-0,-0,-0.729142,0.684362
443.731,6.55906,0.320327,-0,-0,-0.714719,0.699411
443.73,6.45895,0.128273,-0,-0,-0.706829,0.707384
443.73,6.39153,-2.51041e-21,-0,-0,-0.727264,0.686358
443.725,6.2917,-1.93923e-05,-0,-0,-0.727265,0.686357
443.719,6.19187,-2.1567e-05,-0,-0,-0.727266,0.686356
443.713,6.09203,-2.17473e-06,-0,-0,-0.727266,0.686356
443.712,6.08084,-1.03129e-18,-0,-0,-0.717788,0.696262
443.709,5.98085,-0.383702,-0,-0,-0.724428,0.68935
443.701,5.88119,-0.578743,-0,-0,-0.743279,0.668981
443.689,5.78197,-0.108356,-0,-0,-0.75465,0.656128
443.685,5.75905,0,-0,-0,-0.752672,0.658395
443.672,5.65985,0.0537789,-0,-0,-0.751786,0.659407
443.66,5.56061,0.107666,-0,-0,-0.749117,0.662437
443.648,5.46128,0.161699,-0,-0,-0.744639,0.667467
443.638,5.3618,0.215775,-0,-0,-0.738309,0.674463
443.63,5.26215,0.225935,-0,-0,-0.73022,0.683212
443.624,5.16232,0.0594875,-0,-0,-0.725328,0.688404
443.622,5.12656,-3.0096e-18,-0,-0,-0.727585,0.686018
443.617,5.02673,0.0230393,-0,-0,-0.72719,0.686437
443.611,4.92689,0.0263029,-0,-0,-0.726153,0.687533
443.606,4.82704,0.0047948,-0,-0,-0.725619,0.688097
443.604,4.80477,-4.11955e-17,-0,-0,-0.723132,0.690709
443.599,4.70488,-0.297736,-0,-0,-0.728251,0.68531
443.591,4.60523,-0.34055,-0,-0,-0.741479,0.670976
443.58,4.50585,-0.0636249,-0,-0,-0.748218,0.663453
443.577,4.48298,-2.69206e-17,-0,-0,-0.725715,0.687995
443.572,4.38295,-0.205257,-0,-0,-0.729238,0.68426
443.564,4.2832,-0.412684,-0,-0,-0.739719,0.672915
443.552,4.18401,-0.620523,-0,-0,-0.756843,0.653597
443.535,4.08556,-0.256447,-0,-0,-0.772048,0.635564
443.523,4.02804,1.22294e-17,-0,-0,-0.719477,0.694516
443.519,3.92808,-0.404441,-0,-0,-0.726457,0.687212
443.511,3.82847,-0.520148,-0,-0,-0.745375,0.666645
443.498,3.72929,-0.0557879,-0,-0,-0.754887,0.655855
443.496,3.71734,0,-0,-0,-0.727414,0.686198
443.49,3.61752,-0.115103,-0,-0,-0.729386,0.684103
443.483,3.51779,-0.146703,-0,-0,-0.734479,0.678631
443.475,3.41817,-0.111133,-0,-0,-0.738838,0.673883
443.465,3.31863,-0.075561,-0,-0,-0.741975,0.670428
443.455,3.21916,-0.040026,-0,-0,-0.743909,0.668281
443.444,3.11972,-0.00452254,-0,-0,-0.744653,0.667452
443.442,3.10705,-3.33471e-21,-0,-0,-0.74416,0.668001
443.432,3.00763,-1.77535e-05,-0,-0,-0.74416,0.668001
443.421,2.90821,-2.39369e-05,-0,-0,-0.744161,0.668
443.41,2.80879,-6.18339e-06,-0,-0,-0.744162,0.667999
443.406,2.77416,-8.57593e-18,-0,-0,-0.747314,0.664471
443.395,2.67484,0.0451342,-0,-0,-0.746564,0.665314
443.384,2.57547,0.0521968,-0,-0,-0.744585,0.667528
443.373,2.47604,0.0100348,-0,-0,-0.743545,0.668686
443.37,2.45237,7.96821e-19,-0,-0,-0.743502,0.668734
443.36,2.35294,-0.0422588,-0,-0,-0.744208,0.667948
443.349,2.25355,-0.056007,-0,-0,-0.746166,0.66576
443.337,2.15422,-0.0107674,-0,-0,-0.747277,0.664513
443.334,2.13058,-8.46592e-22,-0,-0,-0.746704,0.665157
443.323,2.03125,-1.35279e-05,-0,-0,-0.746704,0.665157
443.311,1.93191,-1.5256e-05,-0,-0,-0.746704,0.665156
443.3,1.83258,-1.72812e-06,-0,-0,-0.746705,0.665156
443.298,1.81989,0,-0,-0,-0.729992,0.683455
443.292,1.72009,-0.0309676,-0,-0,-0.730521,0.68289
443.285,1.62031,-0.0619548,-0,-0,-0.732106,0.681191
443.277,1.5206,-0.092968,-0,-0,-0.734739,0.67835
443.269,1.42097,-0.123987,-0,-0,-0.738407,0.674356
443.259,1.32145,-0.116677,-0,-0,-0.742883,0.669422
443.248,1.22203,-0.0301397,-0,-0,-0.745334,0.666691
443.244,1.1874,3.94734e-20,-0,-0,-0.74595,0.666002
443.233,1.08805,-0.0558275,-0,-0,-0.746879,0.66496
443.221,0.988767,-0.0611145,-0,-0,-0.749292,0.66224
443.209,0.88955,-0.00105575,-0,-0,-0.75032,0.661075
443.208,0.887806,0,-0,-0,-0.769282,0.63891
443.19,0.78945,0.0752158,-0,-0,-0.768079,0.640355
443.173,0.690983,0.150569,-0,-0,-0.764452,0.64468
443.157,0.592294,0.226007,-0,-0,-0.75835,0.651847
443.143,0.493294,0.168331,-0,-0,-0.751552,0.659674
443.13,0.394047,0.0865747,-0,-0,-0.747333,0.664449
443.119,0.294671,0.00497434,-0,-0,-0.74581,0.666158
443.118,0.288609,0,-0,-0,-0.748054,0.663638
443.106,0.189298,0.0458326,-0,-0,-0.747293,0.664494
443.095,0.0899432,0.0917008,-0,-0,-0.745004,0.66706
443.085,-0.00949814,0.137597,-0,-0,-0.741168,0.671319
443.075,-0.109064,0.115701,-0,-0,-0.73663,0.676296
443.067,-0.208738,0.0726348,-0,-0,-0.733438,0.679756
443.06,-0.308482,0.0296052,-0,-0,-0.731698,0.681629
443.055,-0.377165,-1.9636e-18,-0,-0,-0.774424,0.632667
443.036,-0.475489,0.693322,-0,-0,-0.76337,0.645961
443.024,-0.574589,0.797076,-0,-0,-0.732981,0.680249
443.02,-0.674552,0.0927029,-0,-0,-0.717706,0.696346
443.019,-0.687859,-7.06849e-18,-0,-0,-0.742248,0.670125
443.009,-0.787339,-0.0306304,-0,-0,-0.742761,0.669557
442.999,-0.886784,-0.0612694,-0,-0,-0.744297,0.667849
442.987,-0.986158,-0.0919124,-0,-0,-0.746849,0.664993
442.975,-1.08543,-0.0565883,-0,-0,-0.749693,0.661786
442.965,-1.165,4.09158e-17,-0,-0,-0.71749,0.696569
442.961,-1.26502,-0.702688,-0,-0,-0.729585,0.68389
442.95,-1.36426,-0.786562,-0,-0,-0.760189,0.649702
442.932,-1.46265,-0.0914827,-0,-0,-0.774234,0.6329
442.929,-1.47569,1.529e-22,-0,-0,-0.746705,0.665155
442.918,-1.57503,-3.01571e-06,-0,-0,-0.746705,0.665155
442.906,-1.67436,-3.40095e-06,-0,-0,-0.746705,0.665155
442.895,-1.7737,-3.85245e-07,-0,-0,-0.746705,0.665155
442.893,-1.78639,-7.03163e-18,-0,-0,-0.737801,0.675019
442.884,-1.88601,0.0423318,-0,-0,-0.737086,0.675799
442.876,-1.98566,0.0846864,-0,-0,-0.734936,0.678136
442.869,-2.08537,0.127052,-0,-0,-0.731336,0.682017
442.862,-2.18517,0.0814162,-0,-0,-0.727259,0.686363
442.857,-2.27462,-9.94236e-23,-0,-0,-0.746706,0.665154
442.846,-2.37395,-2.6525e-06,-0,-0,-0.746706,0.665154
442.834,-2.47329,-2.99135e-06,-0,-0,-0.746706,0.665154
442.823,-2.57262,-3.38849e-07,-0,-0,-0.746706,0.665154
442.821,-2.58531,-1.37159e-17,-0,-0,-0.779095,0.626906
442.801,-2.68341,0.854405,-0,-0,-0.765577,0.643344
442.789,-2.78248,0.853608,-0,-0,-0.730586,0.682821
442.785,-2.88253,0.100075,-0,-0,-0.714148,0.699995
442.785,-2.89601,5.46607e-17,-0,-0,-0.719768,0.694215
442.78,-2.99597,-0.754306,-0,-0,-0.732696,0.680556
442.768,-3.09511,-0.706306,-0,-0,-0.762881,0.646539
442.75,-3.19344,-0.0151653,-0,-0,-0.77439,0.632708
442.749,-3.19561,1.69179e-18,-0,-0,-0.720893,0.693046
442.745,-3.29553,0.00883986,-0,-0,-0.72074,0.693205
442.741,-3.39546,0.0176798,-0,-0,-0.72028,0.693683
442.738,-3.49539,0.0152213,-0,-0,-0.719645,0.694343
442.734,-3.59533,0.00714906,-0,-0,-0.719256,0.694745
442.731,-3.68384,4.1235e-17,-0,-0,-0.690673,0.723167
442.736,-3.78373,0.297708,-0,-0,-0.685274,0.728285
442.744,-3.88338,0.340518,-0,-0,-0.67094,0.741511
442.755,-3.98276,0.0636185,-0,-0,-0.663417,0.74825
442.758,-4.00563,-6.9609e-19,-0,-0,-0.699874,0.714266
442.76,-4.10568,-0.0907355,-0,-0,-0.701493,0.712676
442.761,-4.20571,-0.181753,-0,-0,-0.706332,0.70788
442.76,-4.30568,-0.272996,-0,-0,-0.714333,0.699806
442.757,-4.40558,-0.260621,-0,-0,-0.72478,0.68898
442.751,-4.50541,-0.0465496,-0,-0,-0.730048,0.683396
442.749,-4.52715,6.14307e-18,-0,-0,-0.701783,0.712391
442.75,-4.62717,-0.324002,-0,-0,-0.707527,0.706686
442.748,-4.72711,-0.423281,-0,-0,-0.723195,0.690644
442.742,-4.82693,-0.0763014,-0,-0,-0.731759,0.681563
442.74,-4.84894,6.84072e-18,-0,-0,-0.733908,0.679248
442.733,-4.94872,0.431615,-0,-0,-0.726543,0.687121
442.73,-5.04863,0.40099,-0,-0,-0.708457,0.705754
442.731,-5.14853,8.20415e-17,-0,-0,-0.68104,0.732246
442.738,-5.24835,-0.358874,-0,-0,-0.687576,0.726112
442.741,-5.34822,-0.479773,-0,-0,-0.705007,0.709201
442.74,-5.44816,-0.298719,-0,-0,-0.718668,0.695353
442.735,-5.54814,-0.118801,-0,-0,-0.725888,0.687813
442.731,-5.61457,2.78603e-17,-0,-0,-0.735786,0.677214
442.724,-5.71443,0.624265,-0,-0,-0.72515,0.688591
442.723,-5.81428,0.819996,-0,-0,-0.69465,0.719348
442.729,-5.91411,0.148247,-0,-0,-0.677073,0.735916
442.731,-5.93636,-2.51359e-21,-0,-0,-0.707088,0.707126
442.731,-6.03636,-1.66506e-05,-0,-0,-0.707088,0.707126
442.731,-6.13636,-2.21486e-05,-0,-0,-0.707089,0.707125
442.731,-6.23636,-1.38233e-05,-0,-0,-0.707089,0.707124
442.731,-6.33636,-5.49797e-06,-0,-0,-0.70709,0.707124
442.731,-6.4024,-1.37045e-17,-0,-0,-0.71168,0.702504
442.731,-6.50242,0.324105,-0,-0,-0.705968,0.708244
442.733,-6.60236,0.368731,-0,-0,-0.6908,0.723046
442.739,-6.7022,0.0664449,-0,-0,-0.682897,0.730515
442.74,-6.72419,3.42622e-17,-0,-0,-0.732043,0.681258
442.734,-6.824,0.346562,-0,-0,-0.726117,0.687571
442.731,-6.9239,0.395599,-0,-0,-0.710326,0.703873
442.731,-7.02392,0.0713125,-0,-0,-0.702066,0.712112
442.731,-7.04598,-5.21535e-17,-0,-0,-0.77658,0.630019
442.711,-7.14477,0.386176,-0,-0,-0.770442,0.637511
442.695,-7.24372,0.789028,-0,-0,-0.751389,0.659859
442.687,-7.34297,1.19832,-0,-0,-0.717781,0.696269
442.689,-7.44263,0.612498,-0,-0,-0.681251,0.73205
442.695,-7.51202,-7.65096e-18,-0,-0,-0.740325,0.67225
442.686,-7.61158,0.0592934,-0,-0,-0.739327,0.673346
442.677,-7.71119,0.118639,-0,-0,-0.736325,0.676628
442.669,-7.81088,0.177997,-0,-0,-0.731287,0.68207
442.663,-7.91068,0.0802016,-0,-0,-0.726549,0.687114
442.659,-7.97806,-8.21454e-17,-0,-0,-0.721675,0.692232
442.655,-8.078,-0.402544,-0,-0,-0.728596,0.684944
442.646,-8.1775,-0.545748,-0,-0,-0.747042,0.664777
442.632,-8.27643,-0.357952,-0,-0,-0.761858,0.647744
442.614,-8.37497,-0.171446,-0,-0,-0.770365,0.637603
442.596,-8.46629,2.39135e-17,-0,-0,-0.796258,0.604957
442.57,-8.56284,0.180741,-0,-0,-0.793516,0.60855
442.545,-8.65975,0.362839,-0,-0,-0.785175,0.619274
442.524,-8.75739,0.531736,-0,-0,-0.77093,0.63692
442.507,-8.85594,0.210642,-0,-0,-0.758986,0.651107
442.497,-8.92124,2.40946e-19,-0,-0,-0.770435,0.637519
442.479,-9.0195,0.087016,-0,-0,-0.769046,0.639193
442.461,-9.11791,0.0845841,-0,-0,-0.765625,0.643288
442.444,-9.21647,0.00359401,-0,-0,-0.764205,0.644974
442.443,-9.22084,-3.4317e-17,-0,-0,-0.754999,0.655727
442.43,-9.31999,0.464006,-0,-0,-0.747349,0.664431
442.421,-9.41954,0.453452,-0,-0,-0.72823,0.685333
442.417,-9.51948,0.0486386,-0,-0,-0.719578,0.694412
442.416,-9.53154,-1.64291e-23,-0,-0,-0.746706,0.665154
442.405,-9.63087,-1.38914e-07,-0,-0,-0.746706,0.665154
442.393,-9.73021,-1.5666e-07,-0,-0,-0.746706,0.665154
442.382,-9.82954,-1.77458e-08,-0,-0,-0.746706,0.665154
442.38,-9.84223,0,-0,-0,-0.737521,0.675324
442.371,-9.94185,-0.246549,-0,-0,-0.741667,0.670768
442.359,-10.0411,-0.420885,-0,-0,-0.753698,0.657221
442.344,-10.1398,-0.325457,-0,-0,-0.76582,0.643055
442.325,-10.238,-0.2296,-0,-0,-0.774666,0.63237
442.304,-10.3358,-0.134352,-0,-0,-0.780391,0.625292
442.282,-10.4335,-0.0398073,-0,-0,-0.783109,0.621884
442.272,-10.4747,-1.27632e-17,-0,-0,-0.737248,0.675622
442.263,-10.5743,-0.44095,-0,-0,-0.744644,0.667462
442.249,-10.6733,-0.575007,-0,-0,-0.764713,0.644371
442.23,-10.7715,-0.0711058,-0,-0,-0.77501,0.631949
442.227,-10.7854,0,-0,-0,-0.756224,0.654312
442.213,-10.8844,0.0266606,-0,-0,-0.755788,0.654816
442.199,-10.9834,0.053334,-0,-0,-0.754477,0.656327
442.185,-11.0825,0.0800242,-0,-0,-0.752285,0.658838
442.173,-11.1817,0.106718,-0,-0,-0.749201,0.662343
442.161,-11.281,0.103185,-0,-0,-0.745361,0.666661
442.15,-11.3804,0.0282427,-0,-0,-0.743167,0.669106
442.146,-11.4179,1.48315e-16,-0,-0,-0.779101,0.626899
442.126,-11.516,0.854494,-0,-0,-0.765581,0.643339
442.114,-11.6151,0.853702,-0,-0,-0.730586,0.68282
442.11,-11.7151,0.100089,-0,-0,-0.714147,0.699996
442.11,-11.7286,7.58739e-18,-0,-0,-0.748458,0.663182
442.099,-11.8279,0.27663,-0,-0,-0.743856,0.66834
442.09,-11.9275,0.366341,-0,-0,-0.730866,0.682521
442.084,-12.0274,0.0684423,-0,-0,-0.723408,0.690421
442.083,-12.0504,0,-0,-0,-0.761347,0.648344
442.067,-12.1493,0.0740298,-0,-0,-0.760145,0.649753
442.052,-12.2482,0.148347,-0,-0,-0.756519,0.653972
442.039,-12.3473,0.223057,-0,-0,-0.750414,0.660968
442.027,-12.4466,0.297895,-0,-0,-0.741746,0.670681
442.019,-12.5462,0.317911,-0,-0,-0.730586,0.68282
442.013,-12.646,0.10283,-0,-0,-0.723368,0.690463
442.011,-12.694,-7.97625e-19,-0,-0,-0.750319,0.661076
441.999,-12.7932,0.0600629,-0,-0,-0.749326,0.662202
441.987,-12.8925,0.056813,-0,-0,-0.74691,0.664925
441.975,-12.9918,0.000981383,-0,-0,-0.745949,0.666003
441.975,-12.9936,-1.59875e-18,-0,-0,-0.774424,0.632667
441.956,-13.0919,0.693288,-0,-0,-0.76337,0.645961
441.944,-13.191,0.797037,-0,-0,-0.732983,0.680247
441.939,-13.291,0.0926988,-0,-0,-0.717709,0.696344
441.939,-13.3043,-2.72387e-17,-0,-0,-0.739726,0.672908
441.929,-13.4038,-0.283251,-0,-0,-0.744471,0.667655
441.916,-13.5029,-0.382831,-0,-0,-0.757514,0.652819
441.9,-13.6016,-0.101222,-0,-0,-0.765355,0.643608
441.894,-13.6371,4.08723e-17,-0,-0,-0.754889,0.655853
441.881,-13.7363,0.454654,-0,-0,-0.747393,0.664382
441.872,-13.8358,0.428819,-0,-0,-0.728811,0.684714
441.867,-13.9358,0.00414158,-0,-0,-0.721364,0.692556
441.867,-13.9367,-1.17276e-17,-0,-0,-0.77918,0.6268
441.847,-14.0348,0.861414,-0,-0,-0.765549,0.643377
441.835,-14.1339,0.797739,-0,-0,-0.730837,0.682552
441.831,-14.2252,-5.25015e-18,-0,-0,-0.76616,0.64265
441.814,-14.3237,0.0657828,-0,-0,-0.765102,0.643909
441.797,-14.4223,0.0776937,-0,-0,-0.762285,0.647241
441.781,-14.5211,0.0161773,-0,-0,-0.760764,0.649028
441.777,-14.547,2.40839e-17,-0,-0,-0.771239,0.636545
441.758,-14.6453,0.157165,-0,-0,-0.768733,0.63957
441.741,-14.7438,0.157829,-0,-0,-0.76249,0.647
441.725,-14.8425,0.0210316,-0,-0,-0.759589,0.650403
441.723,-14.8577,-4.11366e-17,-0,-0,-0.723134,0.690708
441.718,-14.9576,-0.297718,-0,-0,-0.728253,0.685309
441.71,-15.0573,-0.34053,-0,-0,-0.74148,0.670975
441.699,-15.1567,-0.063621,-0,-0,-0.748218,0.663452
441.696,-15.1795,-3.55164e-22,-0,-0,-0.739601,0.673045
441.687,-15.2793,0.224232,-0,-0,-0.735814,0.677184
441.68,-15.3792,0.451394,-0,-0,-0.724274,0.689512
441.678,-15.479,0.67928,-0,-0,-0.704513,0.709691
441.682,-15.5789,0.327432,-0,-0,-0.685278,0.728282
441.687,-15.6567,-4.59025e-22,-0,-0,-0.727266,0.686355
441.681,-15.7565,2.19763e-05,-0,-0,-0.727266,0.686356
441.675,-15.8563,2.44408e-05,-0,-0,-0.727265,0.686357
441.67,-15.9562,2.46453e-06,-0,-0,-0.727265,0.686357
441.669,-15.9674,2.32641e-21,-0,-0,-0.706607,0.707606
441.669,-16.0675,-0.169608,-0,-0,-0.709602,0.704602
441.667,-16.1675,-0.340566,-0,-0,-0.718531,0.695495
441.662,-16.2673,-0.512012,-0,-0,-0.733183,0.680031
441.652,-16.3668,-0.274173,-0,-0,-0.747881,0.663833
441.642,-16.4445,1.153e-21,-0,-0,-0.727266,0.686356
441.636,-16.5443,-5.5079e-06,-0,-0,-0.727266,0.686356
441.63,-16.6442,-6.12559e-06,-0,-0,-0.727266,0.686355
441.625,-16.744,-6.17683e-07,-0,-0,-0.727266,0.686355
441.624,-16.7552,-5.19953e-19,-0,-0,-0.72048,0.693476
441.62,-16.8551,-0.341785,-0,-0,-0.726376,0.687298
441.612,-16.9548,-0.448713,-0,-0,-0.742452,0.6699
441.6,-17.0541,-0.0839134,-0,-0,-0.7513,0.65996
441.597,-17.077,-1.2051e-18,-0,-0,-0.701785,0.712389
441.598,-17.177,-0.323977,-0,-0,-0.707528,0.706685
441.596,-17.2769,-0.423248,-0,-0,-0.723195,0.690644
441.59,-17.3768,-0.0762953,-0,-0,-0.731759,0.681564
441.588,-17.3988,-5.48116e-17,-0,-0,-0.701961,0.712215
441.589,-17.4988,-0.359593,-0,-0,-0.708331,0.70588
441.586,-17.5987,-0.398427,-0,-0,-0.72465,0.689117
441.58,-17.6985,-0.0392504,-0,-0,-0.732142,0.681152
441.579,-17.7095,0,-0,-0,-0.737906,0.674903
441.57,-17.8091,-0.0195876,-0,-0,-0.738237,0.674542
441.561,-17.9087,-0.0391802,-0,-0,-0.739227,0.673456
441.551,-18.0082,-0.0587792,-0,-0,-0.740874,0.671644
441.541,-18.1077,-0.0783795,-0,-0,-0.743173,0.6691
441.53,-18.2071,-0.0730896,-0,-0,-0.745984,0.665964
441.519,-18.3064,-0.0144271,-0,-0,-0.747439,0.664331
441.516,-18.3308,1.30128e-17,-0,-0,-0.719474,0.69452
441.512,-18.4308,-0.404495,-0,-0,-0.726454,0.687215
441.504,-18.5304,-0.520217,-0,-0,-0.745375,0.666645
441.491,-18.6296,-0.0557953,-0,-0,-0.754888,0.655853
441.489,-18.6415,9.95007e-23,-0,-0,-0.727267,0.686355
441.483,-18.7414,2.62015e-06,-0,-0,-0.727267,0.686355
441.477,-18.8412,2.91399e-06,-0,-0,-0.727267,0.686355
441.472,-18.941,2.93837e-07,-0,-0,-0.727267,0.686355
441.471,-18.9522,-1.52365e-18,-0,-0,-0.715991,0.69811
441.467,-19.0523,-0.810324,-0,-0,-0.72994,0.683511
441.455,-19.1514,-0.880394,-0,-0,-0.764892,0.644158
441.436,-19.2495,-0.0201546,-0,-0,-0.77915,0.626837
441.435,-19.2518,-6.67179e-19,-0,-0,-0.75162,0.659597
441.423,-19.3511,0.364329,-0,-0,-0.745585,0.66641
441.414,-19.4506,0.42089,-0,-0,-0.729393,0.684094
441.409,-19.5505,0.0787115,-0,-0,-0.720797,0.693146
441.408,-19.5736,3.42689e-18,-0,-0,-0.726007,0.687687
441.402,-19.6735,-0.0908785,-0,-0,-0.727568,0.686036
441.396,-19.7733,-0.122637,-0,-0,-0.73178,0.681541
441.388,-19.873,-0.0802718,-0,-0,-0.735228,0.67782
441.38,-19.9726,-0.0379216,-0,-0,-0.737227,0.675645
441.372,-20.0619,1.40454e-17,-0,-0,-0.720481,0.693475
441.368,-20.1618,-0.341773,-0,-0,-0.726376,0.687298
441.36,-20.2614,-0.448698,-0,-0,-0.742452,0.6699
441.348,-20.3608,-0.0839105,-0,-0,-0.7513,0.659961
441.345,-20.3836,1.67688e-21,-0,-0,-0.727263,0.686358
441.339,-20.4835,-1.3786e-05,-0,-0,-0.727264,0.686358
441.333,-20.5833,-1.5332e-05,-0,-0,-0.727264,0.686357
441.328,-20.6831,-1.54603e-06,-0,-0,-0.727265,0.686357
441.327,-20.6943,7.54453e-18,-0,-0,-0.751475,0.659762
441.315,-20.7936,0.353606,-0,-0,-0.745617,0.666375
441.306,-20.8932,0.398134,-0,-0,-0.729987,0.683461
441.301,-20.993,0.0425503,-0,-0,-0.722418,0.691457
441.3,-21.005,-8.67676e-22,-0,-0,-0.746705,0.665155
441.288,-21.1044,-2.98881e-05,-0,-0,-0.746706,0.665155
441.277,-21.2037,-3.37062e-05,-0,-0,-0.746707,0.665153
441.265,-21.303,-3.81811e-06,-0,-0,-0.746707,0.665153
441.264,-21.3157,4.80252e-17,-0,-0,-0.722331,0.691547
441.259,-21.4156,-0.355367,-0,-0,-0.728443,0.685107
441.251,-21.5152,-0.396126,-0,-0,-0.744118,0.668048
441.239,-21.6145,-0.0423358,-0,-0,-0.751392,0.659856
441.237,-21.6264,-9.55937e-17,-0,-0,-0.697888,0.716207
441.238,-21.7265,-0.644474,-0,-0,-0.709312,0.704895
441.234,-21.8262,-0.735138,-0,-0,-0.738416,0.674345
441.222,-21.9256,-0.135264,-0,-0,-0.752888,0.658148
441.219,-21.9482,4.86758e-19,-0,-0,-0.751478,0.659758
441.207,-22.0475,0.353655,-0,-0,-0.745619,0.666372
441.198,-22.147,0.39819,-0,-0,-0.729987,0.683461
441.192,-22.2469,0.0425564,-0,-0,-0.722416,0.691458
441.192,-22.2589,-1.16763e-17,-0,-0,-0.719669,0.694318
441.188,-22.3589,-0.115507,-0,-0,-0.721671,0.692236
441.183,-22.4588,-0.23144,-0,-0,-0.727648,0.685951
441.176,-22.5585,-0.347527,-0,-0,-0.737498,0.67535
441.166,-22.6579,-0.187548,-0,-0,-0.747483,0.664281
441.156,-22.736,-4.10248e-17,-0,-0,-0.702302,0.711879
441.157,-22.8361,-0.292384,-0,-0,-0.707484,0.706729
441.155,-22.936,-0.388944,-0,-0,-0.72168,0.692227
441.149,-23.0359,-0.0965985,-0,-0,-0.730025,0.68342
441.147,-23.0689,-1.93336e-22,-0,-0,-0.727267,0.686355
441.141,-23.1688,1.83883e-06,-0,-0,-0.727267,0.686355
441.135,-23.2686,3.67766e-06,-0,-0,-0.727267,0.686355
441.13,-23.3684,5.51649e-06,-0,-0,-0.727266,0.686355
441.124,-23.4683,2.45748e-06,-0,-0,-0.727266,0.686355
441.12,-23.535,8.7158e-19,-0,-0,-0.727586,0.686016
441.114,-23.6348,0.0230703,-0,-0,-0.727191,0.686436
441.109,-23.7346,0.0263382,-0,-0,-0.726153,0.687533
441.103,-23.8345,0.00480124,-0,-0,-0.725618,0.688098
441.102,-23.8568,6.76736e-18,-0,-0,-0.725177,0.688563
441.096,-23.9566,-0.302406,-0,-0,-0.730359,0.683063
441.088,-24.0562,-0.292251,-0,-0,-0.742769,0.669548
441.076,-24.1556,-0.0311456,-0,-0,-0.748156,0.663523
441.075,-24.1674,1.03333e-19,-0,-0,-0.725178,0.688561
441.07,-24.2673,-0.0479859,-0,-0,-0.726004,0.687691
441.064,-24.3671,-0.0615501,-0,-0,-0.728278,0.685282
441.058,-24.4669,-0.00620756,-0,-0,-0.729437,0.684048
441.057,-24.4781,0,-0,-0,-0.723554,0.690268
441.052,-24.578,-0.0508,-0,-0,-0.72443,0.689348
441.047,-24.6779,-0.101645,-0,-0,-0.727052,0.686582
441.041,-24.7777,-0.152522,-0,-0,-0.7314,0.681949
441.033,-24.8774,-0.121504,-0,-0,-0.736362,0.676587
441.024,-24.977,-0.0670128,-0,-0,-0.739543,0.67311
441.014,-25.0765,-0.012574,-0,-0,-0.740881,0.671637
441.012,-25.0995,6.83459e-18,-0,-0,-0.701169,0.712995
441.013,-25.1996,-0.361278,-0,-0,-0.707575,0.706638
441.011,-25.2995,-0.462042,-0,-0,-0.724965,0.688785
441.004,-25.3993,-0.0455756,-0,-0,-0.733641,0.679537
441.003,-25.4102,-1.37318e-17,-0,-0,-0.723132,0.69071
440.998,-25.5101,-0.297728,-0,-0,-0.728251,0.685311
440.99,-25.6098,-0.340541,-0,-0,-0.741478,0.670977
440.979,-25.7091,-0.063623,-0,-0,-0.748217,0.663454
440.976,-25.732,0,-0,-0,-0.749894,0.661558
440.964,-25.8313,0.235927,-0,-0,-0.745981,0.665968
440.954,-25.9308,0.317577,-0,-0,-0.735219,0.677829
440.947,-26.0305,0.19862,-0,-0,-0.726413,0.687259
440.943,-26.1305,0.0799849,-0,-0,-0.721608,0.692302
440.94,-26.1981,0,-0,-0,-0.746914,0.664921
440.928,-26.2974,0.0154127,-0,-0,-0.746658,0.665208
440.917,-26.3967,0.0219636,-0,-0,-0.745953,0.665999
440.906,-26.4961,0.0170566,-0,-0,-0.745303,0.666726
440.895,-26.5955,0.0121495,-0,-0,-0.744816,0.66727
440.884,-26.6949,0.00724254,-0,-0,-0.744492,0.667631
440.873,-26.7943,0.00233567,-0,-0,-0.744332,0.66781
440.868,-26.8416,-2.71629e-17,-0,-0,-0.696889,0.717179
440.87,-26.9417,-0.714413,-0,-0,-0.709553,0.704652
440.864,-27.0414,-0.793856,-0,-0,-0.741574,0.670871
440.852,-27.1407,-0.0826664,-0,-0,-0.756061,0.654501
440.85,-27.1523,-3.45587e-17,-0,-0,-0.749894,0.661558
440.838,-27.2516,0.235925,-0,-0,-0.74598,0.665968
440.828,-27.3511,0.317575,-0,-0,-0.735219,0.67783
440.821,-27.4509,0.198618,-0,-0,-0.726413,0.687259
440.817,-27.5508,0.0799843,-0,-0,-0.721608,0.692302
440.814,-27.6184,1.2764e-23,-0,-0,-0.746707,0.665153
440.802,-27.7177,2.70437e-05,-0,-0,-0.746707,0.665153
440.791,-27.817,3.04984e-05,-0,-0,-0.746706,0.665154
440.779,-27.9164,3.45475e-06,-0,-0,-0.746705,0.665155
440.778,-27.9291,3.72705e-20,-0,-0,-0.722329,0.691549
440.773,-28.029,-0.355395,-0,-0,-0.728441,0.685108
440.765,-28.1286,-0.396157,-0,-0,-0.744118,0.668048
440.752,-28.2279,-0.0423391,-0,-0,-0.751392,0.659856
440.751,-28.2398,-1.66597e-19,-0,-0,-0.725178,0.688561
440.746,-28.3396,-0.0479483,-0,-0,-0.726003,0.687691
440.74,-28.4395,-0.0615019,-0,-0,-0.728275,0.685285
440.734,-28.5393,-0.00620269,-0,-0,-0.729434,0.684051
440.733,-28.5505,6.13928e-18,-0,-0,-0.739026,0.673677
440.724,-28.65,0.0501852,-0,-0,-0.73818,0.674604
440.715,-28.7497,0.100405,-0,-0,-0.735635,0.677378
440.707,-28.8494,0.150638,-0,-0,-0.73137,0.681981
440.701,-28.9492,0.0818057,-0,-0,-0.726926,0.686716
440.697,-29.0276,-5.21112e-19,-0,-0,-0.748461,0.663179
440.685,-29.1269,0.276727,-0,-0,-0.743857,0.668339
440.676,-29.2265,0.36647,-0,-0,-0.730863,0.682524
440.671,-29.3264,0.0684665,-0,-0,-0.723402,0.690427
440.67,-29.3494,1.3329e-17,-0,-0,-0.756217,0.65432
440.657,-29.4486,0.709603,-0,-0,-0.744522,0.667598
440.65,-29.5483,0.799217,-0,-0,-0.712671,0.701498
440.652,-29.6483,0.0832237,-0,-0,-0.697063,0.71701
440.652,-29.6601,0,-0,-0,-0.739595,0.673052
440.643,-29.7597,0.0149779,-0,-0,-0.739343,0.673329
440.633,-29.8592,0.02996,-0,-0,-0.738586,0.674159
440.624,-29.9588,0.0449494,-0,-0,-0.737322,0.675541
440.616,-30.0585,0.0599457,-0,-0,-0.735548,0.677472
440.608,-30.1582,0.0749442,-0,-0,-0.73326,0.679949
440.601,-30.2579,0.0899342,-0,-0,-0.730451,0.682965
440.595,-30.3577,0.0631006,-0,-0,-0.727504,0.686103
440.589,-30.4576,0.000901774,-0,-0,-0.726405,0.687266
440.589,-30.459,0,-0,-0,-0.708323,0.705888
440.589,-30.559,-0.0376027,-0,-0,-0.708987,0.705222
440.588,-30.6591,-0.0752437,-0,-0,-0.710974,0.703218
440.586,-30.7591,-0.112937,-0,-0,-0.714274,0.699866
440.584,-30.859,-0.150649,-0,-0,-0.71887,0.695144
440.579,-30.9589,-0.170066,-0,-0,-0.724697,0.689068
440.574,-31.0587,-0.0518697,-0,-0,-0.728509,0.685037
440.571,-31.1026,-2.2748e-20,-0,-0,-0.725616,0.6881
440.565,-31.2024,-0.118933,-0,-0,-0.727659,0.685939
440.559,-31.3022,-0.158765,-0,-0,-0.733152,0.680065
440.551,-31.4019,-0.0993717,-0,-0,-0.737525,0.67532
440.541,-31.5014,-0.0400196,-0,-0,-0.739874,0.672746
440.535,-31.5686,8.30261e-17,-0,-0,-0.779101,0.626899
440.515,-31.6667,0.854474,-0,-0,-0.765582,0.643339
440.503,-31.7658,0.853682,-0,-0,-0.730587,0.682819
440.499,-31.8658,0.100086,-0,-0,-0.714148,0.699995
440.499,-31.8793,-6.19066e-18,-0,-0,-0.751476,0.65976
440.487,-31.9786,0.353629,-0,-0,-0.745618,0.666373
440.478,-32.0781,0.39816,-0,-0,-0.729987,0.683461
440.472,-32.178,0.0425531,-0,-0,-0.722417,0.691458
440.472,-32.19,1.2111e-16,-0,-0,-0.774412,0.632682
440.453,-32.2883,0.692203,-0,-0,-0.763376,0.645954
440.441,-32.3874,0.815961,-0,-0,-0.73289,0.680347
440.436,-32.4874,0.158394,-0,-0,-0.716139,0.697958
440.436,-32.5118,-2.04996e-17,-0,-0,-0.723132,0.69071
440.431,-32.6117,-0.297741,-0,-0,-0.72825,0.685311
440.423,-32.7113,-0.340556,-0,-0,-0.741479,0.670977
440.412,-32.8107,-0.0636258,-0,-0,-0.748218,0.663453
440.409,-32.8336,-3.33224e-20,-0,-0,-0.721366,0.692554
440.404,-32.9335,-0.424675,-0,-0,-0.728672,0.684863
440.395,-33.0331,-0.459141,-0,-0,-0.747249,0.664545
440.382,-33.1322,-0.00443487,-0,-0,-0.754892,0.655849
440.382,-33.1332,-7.00126e-18,-0,-0,-0.748218,0.663453
440.37,-33.2325,0.261038,-0,-0,-0.743874,0.66832
440.361,-33.3321,0.338627,-0,-0,-0.731664,0.681666
440.355,-33.4319,0.0360866,-0,-0,-0.725249,0.688487
440.355,-33.4439,1.32005e-17,-0,-0,-0.751478,0.659759
440.343,-33.5431,0.353637,-0,-0,-0.745619,0.666372
440.334,-33.6427,0.398169,-0,-0,-0.729988,0.68346
440.328,-33.7426,0.0425542,-0,-0,-0.722418,0.691457
440.328,-33.7546,0,-0,-0,-0.732933,0.680301
440.32,-33.8543,-0.0533614,-0,-0,-0.73384,0.679322
440.312,-33.954,-0.106776,-0,-0,-0.736554,0.676379
440.303,-34.0536,-0.160227,-0,-0,-0.741052,0.671448
440.293,-34.153,-0.128388,-0,-0,-0.746202,0.66572
440.281,-34.2523,-0.0712076,-0,-0,-0.749514,0.661988
440.268,-34.3515,-0.0140893,-0,-0,-0.750924,0.660388
440.265,-34.376,9.71071e-19,-0,-0,-0.743503,0.668733
440.254,-34.4754,-0.0422178,-0,-0,-0.744208,0.667948
440.243,-34.5748,-0.0559525,-0,-0,-0.746165,0.665761
440.232,-34.6741,-0.0107569,-0,-0,-0.747274,0.664516
440.229,-34.6978,-2.55908e-17,-0,-0,-0.757757,0.652537
440.214,-34.7969,0.213951,-0,-0,-0.754253,0.656584
440.202,-34.8963,0.430663,-0,-0,-0.743575,0.668652
440.194,-34.9958,0.648441,-0,-0,-0.725283,0.68845
440.192,-35.0957,0.354678,-0,-0,-0.705676,0.708535
440.193,-35.1749,-8.08602e-18,-0,-0,-0.748639,0.662978
440.181,-35.2742,0.288161,-0,-0,-0.743846,0.668351
440.172,-35.3738,0.388387,-0,-0,-0.730271,0.683158
440.167,-35.4737,0.098573,-0,-0,-0.721903,0.691994
440.166,-35.5078,1.95604e-17,-0,-0,-0.751476,0.65976
440.153,-35.607,0.353637,-0,-0,-0.745618,0.666374
440.145,-35.7066,0.398169,-0,-0,-0.729986,0.683462
440.139,-35.8065,0.0425541,-0,-0,-0.722416,0.691458
440.139,-35.8185,-1.39345e-17,-0,-0,-0.725178,0.688561
440.133,-35.9183,-0.30241,-0,-0,-0.730361,0.683061
440.125,-36.0179,-0.292255,-0,-0,-0.742771,0.669546
440.113,-36.1173,-0.031146,-0,-0,-0.748158,0.663521
440.112,-36.1292,-3.4218e-22,-0,-0,-0.746706,0.665154
440.1,-36.2285,-3.17745e-06,-0,-0,-0.746706,0.665154
440.089,-36.3278,-6.35491e-06,-0,-0,-0.746706,0.665154
440.077,-36.4272,-9.53236e-06,-0,-0,-0.746706,0.665154
440.066,-36.5265,-4.39518e-06,-0,-0,-0.746707,0.665154
440.058,-36.5952,4.09216e-17,-0,-0,-0.716778,0.697302
440.054,-36.6952,-0.572771,-0,-0,-0.72667,0.686986
440.045,-36.7947,-0.76821,-0,-0,-0.753477,0.657474
440.028,-36.8933,-0.198937,-0,-0,-0.769127,0.639096
440.022,-36.9281,-1.38647e-18,-0,-0,-0.798307,0.60225
439.997,-37.0251,1.83109,-0,-0,-0.770126,0.637892
439.987,-37.1244,0.29697,-0,-0,-0.72712,0.68651
439.986,-37.1389,5.8926e-17,-0,-0,-0.590949,0.806709
439.994,-37.2476,-54.6516,-0,-0,-0.97276,0.231815
439.977,-37.2499,-1.37111e-16,-0,-0,-0.719304,0.694696
439.971,-37.3499,-1.10812,-0,-0,-0.738183,0.6746
439.956,-37.4485,-0.750642,-0,-0,-0.776522,0.63009
439.941,-37.5162,7.29482e-18,-0,-0,-0.762488,0.647002
439.925,-37.615,0.232843,-0,-0,-0.758711,0.651428
439.911,-37.714,0.37064,-0,-0,-0.747537,0.66422
439.901,-37.8135,0.135893,-0,-0,-0.739068,0.67363
439.896,-37.8713,2.0318e-19,-0,-0,-0.777423,0.628978
439.875,-37.9692,0.185852,-0,-0,-0.774493,0.632582
439.856,-38.0674,0.29923,-0,-0,-0.765818,0.643057
439.84,-38.166,0.0993499,-0,-0,-0.759374,0.650655
439.833,-38.2153,-4.21603e-21,-0,-0,-0.769438,0.638722
439.814,-38.3136,-1.99263e-05,-0,-0,-0.769438,0.638721
439.796,-38.4118,-1.86347e-05,-0,-0,-0.769439,0.63872
439.779,-38.5038,-1.38196e-17,-0,-0,-0.797362,0.603502
439.753,-38.6005,0.826408,-0,-0,-0.784765,0.619793
439.735,-38.6986,0.794556,-0,-0,-0.752133,0.659011
439.725,-38.7923,-8.14838e-18,-0,-0,-0.778699,0.627398
439.703,-38.8899,-0.317791,-0,-0,-0.783656,0.621195
439.678,-38.9867,-0.379956,-0,-0,-0.796679,0.604402
439.65,-39.0827,-0.066364,-0,-0,-0.80337,0.59548
439.644,-39.103,2.10747e-17,-0,-0,-0.739728,0.672906
439.634,-39.2025,-0.283247,-0,-0,-0.744472,0.667654
439.621,-39.3017,-0.382826,-0,-0,-0.757515,0.652818
439.605,-39.4003,-0.10122,-0,-0,-0.765356,0.643607
439.599,-39.4359,1.26456e-17,-0,-0,-0.735639,0.677374
439.589,-39.5355,-0.811986,-0,-0,-0.749192,0.662353
439.572,-39.6338,-0.89853,-0,-0,-0.783275,0.621675
439.546,-39.7306,-0.0429062,-0,-0,-0.797639,0.603135
439.545,-39.7355,0,-0,-0,-0.755671,0.654951
439.53,-39.8344,-0.00814491,-0,-0,-0.755805,0.654797
439.516,-39.9334,-0.01629,-0,-0,-0.756205,0.654335
439.502,-40.0324,-0.0244352,-0,-0,-0.75687,0.653565
439.487,-40.1313,-0.0183068,-0,-0,-0.757601,0.652718
439.472,-40.2302,-0.0098666,-0,-0,-0.75806,0.652185
439.457,-40.329,-0.00142655,-0,-0,-0.758244,0.65197
439.455,-40.3457,1.31526e-17,-0,-0,-0.738818,0.673905
439.445,-40.4453,-0.341343,-0,-0,-0.744537,0.667581
439.432,-40.5444,-0.514277,-0,-0,-0.760504,0.649333
439.414,-40.6427,-0.332434,-0,-0,-0.77407,0.6331
439.393,-40.7405,-0.151556,-0,-0,-0.781674,0.623688
439.373,-40.8229,-1.48263e-17,-0,-0,-0.738604,0.674139
439.364,-40.9225,-0.354795,-0,-0,-0.744551,0.667566
439.351,-41.0215,-0.471671,-0,-0,-0.760801,0.648986
439.333,-41.12,-0.0943554,-0,-0,-0.769902,0.638162
439.328,-41.1447,0,-0,-0,-0.783107,0.621888
439.306,-41.2421,0.039031,-0,-0,-0.782499,0.622652
439.284,-41.3397,0.0781076,-0,-0,-0.780672,0.624941
439.262,-41.4373,0.117249,-0,-0,-0.777611,0.628746
439.242,-41.5352,0.15642,-0,-0,-0.773292,0.634051
439.223,-41.6334,0.16287,-0,-0,-0.767864,0.640613
439.206,-41.7319,0.107,-0,-0,-0.763525,0.645778
439.19,-41.8306,0.0512089,-0,-0,-0.760965,0.648793
439.175,-41.9214,1.60629e-19,-0,-0,-0.770434,0.637519
439.157,-42.0197,0.0869808,-0,-0,-0.769046,0.639193
439.139,-42.1181,0.0845499,-0,-0,-0.765626,0.643286
439.122,-42.2166,0.00359261,-0,-0,-0.764207,0.644971
439.121,-42.221,-2.521e-21,-0,-0,-0.727267,0.686355
439.116,-42.3208,2.18924e-05,-0,-0,-0.727267,0.686355
439.11,-42.4207,2.43475e-05,-0,-0,-0.727266,0.686356
439.104,-42.5205,2.45512e-06,-0,-0,-0.727265,0.686357
439.103,-42.5317,-6.66066e-18,-0,-0,-0.701783,0.712391
439.104,-42.6317,-0.324015,-0,-0,-0.707527,0.706686
439.102,-42.7317,-0.423298,-0,-0,-0.723195,0.690644
439.096,-42.8315,-0.0763045,-0,-0,-0.73176,0.681562
439.094,-42.8535,-7.29504e-21,-0,-0,-0.738585,0.674161
439.087,-42.9533,0.831493,-0,-0,-0.724458,0.689319
439.087,-43.0531,0.772787,-0,-0,-0.689056,0.724708
439.094,-43.153,0.00105933,-0,-0,-0.67495,0.737864
439.094,-43.1531,2.43784e-17,-0,-0,-0.778934,0.627106
439.075,-43.2514,1.04384,-0,-0,-0.762401,0.647105
439.065,-43.3506,1.20154,-0,-0,-0.715891,0.698212
439.067,-43.4507,0.135877,-0,-0,-0.692282,0.721628
439.067,-43.4638,1.82722e-22,-0,-0,-0.746706,0.665154
439.056,-43.5631,8.37592e-06,-0,-0,-0.746706,0.665154
439.044,-43.6625,9.44591e-06,-0,-0,-0.746706,0.665154
439.033,-43.7618,1.07e-06,-0,-0,-0.746706,0.665155
439.031,-43.7745,9.12304e-19,-0,-0,-0.726871,0.686774
439.026,-43.8743,-0.0285948,-0,-0,-0.727361,0.686255
439.02,-43.9741,-0.0308288,-0,-0,-0.728631,0.684906
439.013,-44.0739,-4.25813e-05,-0,-0,-0.729159,0.684344
439.013,-44.0741,1.21889e-19,-0,-0,-0.755897,0.65469
439,-44.1733,0.685219,-0,-0,-0.7446,0.667511
438.994,-44.2729,0.792149,-0,-0,-0.713718,0.700433
438.995,-44.373,0.145949,-0,-0,-0.697132,0.716943
438.995,-44.3959,0,-0,-0,-0.749953,0.661491
438.983,-44.4952,0.240336,-0,-0,-0.745967,0.665983
438.974,-44.5946,0.327073,-0,-0,-0.734976,0.678093
438.967,-44.6944,0.213887,-0,-0,-0.725741,0.687968
438.962,-44.7943,0.100985,-0,-0,-0.720303,0.69366
438.959,-44.8841,3.00432e-18,-0,-0,-0.729154,0.68435
438.953,-44.9839,0.030703,-0,-0,-0.728629,0.684909
438.947,-45.0837,0.028557,-0,-0,-0.727362,0.686254
438.941,-45.1836,3.94658e-05,-0,-0,-0.726871,0.686774
438.941,-45.1837,-2.55557e-17,-0,-0,-0.748303,0.663357
438.93,-45.2832,0.200619,-0,-0,-0.744965,0.667103
438.92,-45.3827,0.403066,-0,-0,-0.734815,0.678267
438.914,-45.4825,0.605503,-0,-0,-0.717488,0.696571
438.914,-45.5825,0.188867,-0,-0,-0.70344,0.710755
438.914,-45.6275,1.26529e-17,-0,-0,-0.756218,0.65432
438.901,-45.7268,0.709596,-0,-0,-0.744522,0.667598
438.895,-45.8264,0.799209,-0,-0,-0.712672,0.701498
438.896,-45.9265,0.083223,-0,-0,-0.697063,0.71701
438.896,-45.9382,1.47323e-17,-0,-0,-0.774425,0.632666
438.878,-46.0366,0.693288,-0,-0,-0.763371,0.64596
438.865,-46.1357,0.797037,-0,-0,-0.732983,0.680247
438.861,-46.2356,0.0926988,-0,-0,-0.717709,0.696343
438.86,-46.2489,1.30986e-17,-0,-0,-0.721716,0.69219
438.856,-46.3489,-0.14751,-0,-0,-0.724264,0.689523
438.85,-46.4487,-0.295668,-0,-0,-0.731858,0.681458
438.841,-46.5483,-0.395337,-0,-0,-0.744238,0.667915
438.829,-46.6476,-0.101055,-0,-0,-0.752465,0.658632
438.824,-46.6817,8.20773e-17,-0,-0,-0.697271,0.716808
438.826,-46.7818,-0.798293,-0,-0,-0.711395,0.702792
438.82,-46.8814,-0.740503,-0,-0,-0.744283,0.667864
438.806,-46.9807,-0.00465465,-0,-0,-0.756562,0.653922
438.806,-46.9813,2.41533e-17,-0,-0,-0.783459,0.621443
438.786,-47.0794,1.25132,-0,-0,-0.763788,0.645467
438.777,-47.1785,1.20605,-0,-0,-0.712033,0.702146
438.779,-47.2788,0.0243749,-0,-0,-0.690254,0.723567
438.779,-47.2809,-5.48912e-17,-0,-0,-0.721351,0.69257
438.775,-47.3808,-0.287666,-0,-0,-0.726309,0.687368
438.767,-47.4805,-0.432938,-0,-0,-0.74018,0.672408
438.756,-47.5798,-0.289249,-0,-0,-0.752194,0.658942
438.742,-47.6788,-0.146018,-0,-0,-0.759319,0.650718
438.726,-47.7776,-0.00370004,-0,-0,-0.761751,0.64787
438.725,-47.7802,-4.08902e-17,-0,-0,-0.735876,0.677116
438.718,-47.88,0.627447,-0,-0,-0.725188,0.688551
438.717,-47.9799,0.733796,-0,-0,-0.696127,0.717919
438.723,-48.0798,0.18218,-0,-0,-0.679532,0.733646
438.725,-48.1131,-8.48467e-19,-0,-0,-0.759805,0.650151
438.711,-48.2122,0.885017,-0,-0,-0.745288,0.666743
438.706,-48.3119,0.798277,-0,-0,-0.708809,0.7054
438.707,-48.4016,-6.83896e-17,-0,-0,-0.718755,0.695263
438.703,-48.5016,-0.612019,-0,-0,-0.729288,0.684207
438.693,-48.6009,-0.702546,-0,-0,-0.756166,0.65438
438.676,-48.6995,-0.136065,-0,-0,-0.769696,0.638411
438.671,-48.7234,-6.98252e-18,-0,-0,-0.724408,0.689372
438.666,-48.8233,-0.366209,-0,-0,-0.730685,0.682715
438.657,-48.9228,-0.341507,-0,-0,-0.745559,0.66644
438.644,-49.0221,-0.00310329,-0,-0,-0.75127,0.659996
438.644,-49.023,-1.29761e-17,-0,-0,-0.701783,0.712391
438.645,-49.123,-0.323965,-0,-0,-0.707527,0.706687
438.643,-49.223,-0.423233,-0,-0,-0.723193,0.690646
438.637,-49.3228,-0.0762931,-0,-0,-0.731756,0.681567
438.635,-49.3448,-3.42757e-18,-0,-0,-0.729451,0.684033
438.629,-49.4446,0.055373,-0,-0,-0.728504,0.685042
438.623,-49.5444,0.0533988,-0,-0,-0.726199,0.687484
438.618,-49.6443,0.00538546,-0,-0,-0.725188,0.688551
438.617,-49.6555,2.06444e-17,-0,-0,-0.721319,0.692603
438.613,-49.7554,-0.289432,-0,-0,-0.726309,0.687368
438.605,-49.8551,-0.386707,-0,-0,-0.739987,0.672621
438.594,-49.9545,-0.0981466,-0,-0,-0.748083,0.663606
438.59,-49.9884,-2.70242e-16,-0,-0,-0.671789,0.740742
438.598,-50.0882,-0.98679,-0,-0,-0.689765,0.724033
438.597,-50.1879,-1.1321,-0,-0,-0.735225,0.677823
438.585,-50.2873,-0.208078,-0,-0,-0.757424,0.652923
438.581,-50.3101,5.21946e-17,-0,-0,-0.660083,0.751193
438.592,-50.4105,-1.50249,-0,-0,-0.687484,0.726199
438.587,-50.5095,-2.33473,-0,-0,-0.763421,0.645902
438.562,-50.6064,-0.461013,-0,-0,-0.806055,0.59184
438.554,-50.6319,3.34337e-21,-0,-0,-0.70709,0.707124
438.554,-50.7319,2.68185e-05,-0,-0,-0.707089,0.707125
438.554,-50.8319,3.56377e-05,-0,-0,-0.707088,0.707126
438.554,-50.9319,8.81928e-06,-0,-0,-0.707087,0.707127
438.554,-50.9648,-5.11035e-18,-0,-0,-0.753807,0.657096
438.541,-51.0639,0.0816658,-0,-0,-0.752464,0.658633
438.528,-51.1631,0.0601879,-0,-0,-0.749537,0.661962
438.518,-51.2422,-1.44887e-17,-0,-0,-0.716583,0.697502
438.514,-51.3423,-1.02024,-0,-0,-0.73406,0.679085
438.5,-51.4411,-0.870385,-0,-0,-0.773688,0.633566
438.482,-51.5196,-9.05769e-19,-0,-0,-0.750325,0.661069
438.47,-51.6189,0.0601387,-0,-0,-0.74933,0.662197
438.458,-51.7181,0.0568848,-0,-0,-0.746912,0.664923
438.447,-51.8175,0.000982704,-0,-0,-0.745949,0.666003
438.446,-51.8192,6.82385e-18,-0,-0,-0.711552,0.702634
438.445,-51.9193,0.240961,-0,-0,-0.707307,0.706906
438.447,-52.0192,0.374077,-0,-0,-0.694848,0.719157
438.452,-52.1191,0.132992,-0,-0,-0.685678,0.727905
438.455,-52.1743,-1.78871e-18,-0,-0,-0.728056,0.685518
438.449,-52.2741,0.0142448,-0,-0,-0.727812,0.685777
438.444,-52.374,0.0284903,-0,-0,-0.727079,0.686554
438.438,-52.4738,0.0427361,-0,-0,-0.725855,0.687848
438.433,-52.5737,0.0221907,-0,-0,-0.72467,0.689096
438.428,-52.6625,-1.11925e-16,-0,-0,-0.801817,0.59757
438.402,-52.7592,1.23687,-0,-0,-0.783101,0.621895
438.387,-52.8576,1.23259,-0,-0,-0.732914,0.680321
438.383,-52.9578,0.0496412,-0,-0,-0.710887,0.703306
438.383,-52.9621,1.61111e-18,-0,-0,-0.725178,0.688562
438.378,-53.062,-0.0480039,-0,-0,-0.726003,0.687691
438.372,-53.1618,-0.0615732,-0,-0,-0.728278,0.685282
438.366,-53.2616,-0.00620989,-0,-0,-0.729438,0.684047
438.365,-53.2728,7.03582e-18,-0,-0,-0.739386,0.673282
438.356,-53.3724,0.0563487,-0,-0,-0.738437,0.674323
438.347,-53.4721,0.112748,-0,-0,-0.73558,0.677438
438.34,-53.5718,0.169167,-0,-0,-0.730787,0.682605
438.334,-53.6716,0.0978541,-0,-0,-0.725712,0.687999
438.329,-53.7611,1.37284e-17,-0,-0,-0.696888,0.71718
438.331,-53.8612,-0.714396,-0,-0,-0.709552,0.704653
438.326,-53.9609,-0.793838,-0,-0,-0.741572,0.670873
438.313,-54.0601,-0.0826649,-0,-0,-0.756058,0.654504
438.311,-54.0718,0,-0,-0,-0.710809,0.703385
438.31,-54.1718,-0.089222,-0,-0,-0.712376,0.701798
438.308,-54.2718,-0.178708,-0,-0,-0.717061,0.69701
438.304,-54.3717,-0.268403,-0,-0,-0.724805,0.688954
438.298,-54.4715,-0.231472,-0,-0,-0.734063,0.679081
438.289,-54.5711,-0.132271,-0,-0,-0.740207,0.672379
438.279,-54.6706,-0.0333935,-0,-0,-0.742985,0.669308
438.275,-54.7042,-5.49501e-17,-0,-0,-0.718755,0.695263
438.271,-54.8042,-0.612046,-0,-0,-0.729288,0.684207
438.261,-54.9036,-0.702578,-0,-0,-0.756167,0.654379
438.244,-55.0022,-0.136072,-0,-0,-0.769698,0.638408
438.239,-55.026,7.00694e-18,-0,-0,-0.732215,0.681074
438.233,-55.1258,0.35899,-0,-0,-0.726077,0.687614
438.23,-55.2258,0.399099,-0,-0,-0.709794,0.704409
438.23,-55.3258,0.0393169,-0,-0,-0.702036,0.712141
438.23,-55.3367,8.79487e-22,-0,-0,-0.725942,0.687756
438.225,-55.4366,-1.56521e-05,-0,-0,-0.725943,0.687755
438.22,-55.5364,-2.08755e-05,-0,-0,-0.725943,0.687755
438.214,-55.6363,-5.22342e-06,-0,-0,-0.725944,0.687754
438.212,-55.6696,-9.06734e-21,-0,-0,-0.728244,0.685318
438.206,-55.7694,0.0047025,-0,-0,-0.728163,0.685404
438.2,-55.8693,0.00940502,-0,-0,-0.727922,0.68566
438.194,-55.9691,0.0141075,-0,-0,-0.727518,0.686088
438.189,-56.0689,0.00505619,-0,-0,-0.727189,0.686437
438.185,-56.1246,1.37951e-17,-0,-0,-0.724412,0.689367
438.18,-56.2244,-0.36617,-0,-0,-0.730689,0.682711
438.171,-56.324,-0.34147,-0,-0,-0.745561,0.666437
438.158,-56.4232,-0.00310275,-0,-0,-0.751271,0.659994
438.158,-56.4242,-2.09487e-21,-0,-0,-0.727267,0.686355
438.153,-56.524,7.36802e-06,-0,-0,-0.727266,0.686355
438.147,-56.6238,9.82974e-06,-0,-0,-0.727266,0.686356
438.141,-56.7237,6.14573e-06,-0,-0,-0.727266,0.686356
438.135,-56.8235,2.46172e-06,-0,-0,-0.727266,0.686356
438.131,-56.8902,0,-0,-0,-0.72682,0.686828
438.126,-56.99,-0.0321519,-0,-0,-0.727372,0.686243
438.12,-57.0899,-0.0465305,-0,-0,-0.72889,0.684631
438.113,-57.1896,-0.0386397,-0,-0,-0.730346,0.683078
438.106,-57.2894,-0.0307477,-0,-0,-0.73153,0.68181
438.099,-57.3891,-0.0228561,-0,-0,-0.732443,0.680829
438.092,-57.4889,-0.0149655,-0,-0,-0.733086,0.680136
438.084,-57.5886,-0.00707578,-0,-0,-0.733461,0.679732
438.077,-57.678,-7.47066e-17,-0,-0,-0.751718,0.659484
438.065,-57.7773,0.371628,-0,-0,-0.745564,0.666434
438.056,-57.8769,0.438878,-0,-0,-0.728971,0.684545
438.051,-57.9768,0.111422,-0,-0,-0.71949,0.694503
438.05,-58.0109,1.44439e-17,-0,-0,-0.700325,0.713824
438.052,-58.111,-0.127173,-0,-0,-0.702591,0.711594
438.052,-58.211,-0.254815,-0,-0,-0.709354,0.704853
438.05,-58.3109,-0.38096,-0,-0,-0.720491,0.693464
438.045,-58.4108,-0.13527,-0,-0,-0.729377,0.684112
438.041,-58.4659,-4.62887e-19,-0,-0,-0.746464,0.665426
438.03,-58.5652,-0.0177475,-0,-0,-0.746759,0.665095
438.018,-58.6645,-0.0237435,-0,-0,-0.747558,0.664196
438.006,-58.7638,-0.0145456,-0,-0,-0.748194,0.66348
437.994,-58.8631,-0.00534776,-0,-0,-0.748524,0.663108
437.987,-58.9208,0,-0,-0,-0.747068,0.664748
437.976,-59.0202,0.186735,-0,-0,-0.743957,0.668227
437.967,-59.1197,0.280135,-0,-0,-0.73504,0.678024
437.96,-59.2195,0.179426,-0,-0,-0.727203,0.686423
437.955,-59.3193,0.078883,-0,-0,-0.722755,0.691105
437.951,-59.3979,2.73541e-17,-0,-0,-0.731081,0.682291
437.945,-59.4978,0.324289,-0,-0,-0.72553,0.688191
437.942,-59.5977,0.481653,-0,-0,-0.709548,0.704657
437.943,-59.6976,0.3,-0,-0,-0.69565,0.718381
437.948,-59.7976,0.119321,-0,-0,-0.688081,0.725634
437.951,-59.864,8.12875e-17,-0,-0,-0.671784,0.740747
437.959,-59.9639,-0.98691,-0,-0,-0.689762,0.724036
437.958,-60.0635,-1.13225,-0,-0,-0.735227,0.677821
437.946,-60.1629,-0.208106,-0,-0,-0.75743,0.652917
437.942,-60.1858,-6.95205e-19,-0,-0,-0.720485,0.693471
437.938,-60.2857,-0.341784,-0,-0,-0.72638,0.687293
437.93,-60.3854,-0.448711,-0,-0,-0.742456,0.669895
437.918,-60.4847,-0.0839127,-0,-0,-0.751304,0.659956
437.915,-60.5076,6.32978e-18,-0,-0,-0.743792,0.668411
437.905,-60.607,0.191898,-0,-0,-0.740578,0.671971
437.897,-60.7067,0.34243,-0,-0,-0.7309,0.682484
437.891,-60.8065,0.137538,-0,-0,-0.72266,0.691203
437.888,-60.8737,2.73663e-17,-0,-0,-0.733724,0.679448
437.881,-60.9735,0.4161,-0,-0,-0.726623,0.687037
437.878,-61.0734,0.400949,-0,-0,-0.709057,0.705151
437.879,-61.1734,0.0395515,-0,-0,-0.701254,0.712912
437.879,-61.1844,-1.63975e-18,-0,-0,-0.724652,0.689115
437.874,-61.2843,-0.0808073,-0,-0,-0.726043,0.687649
437.868,-61.3841,-0.101075,-0,-0,-0.729853,0.683604
437.861,-61.4839,-0.000145884,-0,-0,-0.73158,0.681755
437.861,-61.484,5.79483e-18,-0,-0,-0.701781,0.712393
437.862,-61.5841,-0.324039,-0,-0,-0.707526,0.706688
437.86,-61.684,-0.42333,-0,-0,-0.723195,0.690643
437.854,-61.7838,-0.0763104,-0,-0,-0.731761,0.681562
437.852,-61.8058,-5.06588e-17,-0,-0,-0.771437,0.636306
437.834,-61.9048,0.474759,-0,-0,-0.763822,0.645426
437.82,-62.0039,0.969987,-0,-0,-0.740062,0.672539
437.817,-62.1034,1.16771,-0,-0,-0.699,0.715122
437.823,-62.2032,0.223749,-0,-0,-0.673845,0.738872
437.825,-62.2275,-1.25559e-18,-0,-0,-0.789873,0.61327
437.803,-62.3258,1.92332,-0,-0,-0.759981,0.649946
437.8,-62.4249,1.74213,-0,-0,-0.674619,0.738166
437.807,-62.4827,3.44435e-18,-0,-0,-0.737522,0.675323
437.798,-62.5823,-0.119671,-0,-0,-0.739539,0.673114
437.788,-62.6818,-0.196322,-0,-0,-0.745476,0.666533
437.78,-62.749,-2.52219e-17,-0,-0,-0.645437,0.763814
437.795,-62.8485,-1.26016,-0,-0,-0.669,0.743262
437.797,-62.948,-1.7189,-0,-0,-0.733702,0.679471
437.789,-63.0153,2.51118e-17,-0,-0,-0.710472,0.703725
437.759,-63.1155,-38.1802,-0,-0,-0.999738,0.0228775
